IGDB ID,Game name,Game release date,IGDB Edition ID,Game Edition name,Platform,Type,Status,Completion,Ownership,Acquisition,State,Format,Digital service,Subscription,Playtime,Times completed,Completion date,Completion date type,Progress notes,Borrowed from,Returned to owner,Lent to,Lent out,Condition,Region,Collection notes,Amount paid,Acquisition date,Acquisition Source,Additional Cost,Game condition,Manual condition,Box condition,Manual progress,Acquisition Notes,Rating (Score),Rating (Gameplay),Rating (Sound),Rating (Story),Rating (Visual),Rating (Accessibility),Tags,Date added,Last updated
9958,"Airline Tycoon 2",2011-10-24,,,Windows PC,,No Status,No Status,Owned,,,Digital,Steam,,95,,,,,,,,,,,,,,,,,,,,,,,,,,,,2025-05-06T09:25:57.000Z,2025-05-06T09:25:57.000Z
9934,"3SwitcheD",2012-03-29,,,Windows PC,,No Status,No Status,Owned,,,Digital,Steam,,272,,,,,,,,,,,,,,,,,,,,,,,,,,,,2025-05-06T09:25:57.000Z,2025-05-06T09:25:57.000Z
1062,"Alan Wake",2010-05-14,,,Windows PC,,Played,Beaten,Owned,,,Digital,Steam,,267,,,,,,,,,,,,,,,,,,,,,8,,,,,,,2025-05-06T09:25:57.000Z,2025-05-06T09:25:57.000Z
2602,"Alan Wake's American Nightmare",2012-02-22,,,Windows PC,,Played,Beaten,Owned,,,Digital,Steam,,0,,,,,,,,,,,,,,,,,,,,,6,,,,,,,2025-05-06T09:25:57.000Z,2025-05-06T09:25:57.000Z
15798,"America's Army 3",2009-05-03,,,Windows PC,,No Status,No Status,Owned,,,Digital,Steam,,0,,,,,,,,,,,,,,,,,,,,,,,,,,,,2025-05-06T09:25:57.000Z,2025-05-06T09:25:57.000Z
16253,"Alliance of Valiant Arms",2007-10-23,,,Windows PC,,No Status,No Status,Owned,,,Digital,Steam,,0,,,,,,,,,,,,,,,,,,,,,,,,,,,,2025-05-06T09:25:57.000Z,2025-05-06T09:25:57.000Z
5571,"Age of Empires: Online",2011-08-16,,,Windows PC,,No Status,No Status,Owned,,,Digital,Steam,,0,,,,,,,,,,,,,,,,,,,,,,,,,,,,2025-05-06T09:25:57.000Z,2025-05-06T09:25:57.000Z
7843,"America's Army: Proving Grounds",2015-10-01,,,Windows PC,,No Status,No Status,Owned,,,Digital,Steam,,0,,,,,,,,,,,,,,,,,,,,,,,,,,,,2025-05-06T09:25:57.000Z,2025-05-06T09:25:57.000Z
5622,"Anachronox",2001-06-27,,,Windows PC,,No Status,No Status,Owned,,,Digital,Steam,,0,,,,,,,,,,,,,,,,,,,,,,,,,,,,2025-05-06T09:25:57.000Z,2025-05-06T09:25:57.000Z
5574,"7 Days to Die",2024-07-25,,,Windows PC,,No Status,No Status,Owned,,,Digital,Steam,,520,,,,,,,,,,,,,,,,,,,,,,,,,,,,2025-05-06T09:25:57.000Z,2025-05-06T09:25:57.000Z
6705,"A Hat in Time",2017-10-05,,,Windows PC,,Played,Beaten,Owned,,,Digital,Steam,,627,,,,,,,,,,,,,,,,,,,,,6,,,,,,,2025-05-06T09:25:57.000Z,2025-05-06T09:25:57.000Z
9964,"Alien Breed: Impact",2010-06-03,,,Windows PC,,No Status,No Status,Owned,,,Digital,Steam,,0,,,,,,,,,,,,,,,,,,,,,,,,,,,,2025-05-06T09:25:57.000Z,2025-05-06T09:25:57.000Z
9962,"Alien Breed 2: Assault",2010-09-22,,,Windows PC,,No Status,No Status,Owned,,,Digital,Steam,,0,,,,,,,,,,,,,,,,,,,,,,,,,,,,2025-05-06T09:25:57.000Z,2025-05-06T09:25:57.000Z
9963,"Alien Breed 3: Descent",2010-11-17,,,Windows PC,,No Status,No Status,Owned,,,Digital,Steam,,0,,,,,,,,,,,,,,,,,,,,,,,,,,,,2025-05-06T09:25:58.000Z,2025-05-06T09:25:58.000Z
5652,"Age of Wonders III",2014-03-31,,,Windows PC,,Unplayed,Not Started,Owned,,,Digital,Steam,,370,,,,,,,,,,,,,,,,,,,,,,,,,,,,2025-05-06T09:25:58.000Z,2025-05-06T09:25:58.000Z
111,"Amnesia: The Dark Descent",2010-09-08,,,Windows PC,,No Status,No Status,Owned,,,Digital,Steam,,0,,,,,,,,,,,,,,,,,,,,,,,,,,,,2025-05-06T09:25:58.000Z,2025-05-06T09:25:58.000Z
1882,"Amnesia: A Machine for Pigs",2013-09-10,,,Windows PC,,No Status,No Status,Owned,,,Digital,Steam,,0,,,,,,,,,,,,,,,,,,,,,,,,,,,,2025-05-06T09:25:58.000Z,2025-05-06T09:25:58.000Z
7211,"A Story About My Uncle",2014-05-28,,,Windows PC,,No Status,No Status,Owned,,,Digital,Steam,,203,,,,,,,,,,,,,,,,,,,,,,,,,,,,2025-05-06T09:25:58.000Z,2025-05-06T09:25:58.000Z
8378,"Ampu-Tea",2013-11-03,,,Windows PC,,No Status,No Status,Owned,,,Digital,Steam,,202,,,,,,,,,,,,,,,,,,,,,,,,,,,,2025-05-06T09:25:58.000Z,2025-05-06T09:25:58.000Z
13171,"2064: Read Only Memories",2014-07-13,,,Windows PC,,No Status,No Status,Owned,,,Digital,Steam,,231,,,,,,,,,,,,,,,,,,,,,,,,,,,,2025-05-06T09:25:58.000Z,2025-05-06T09:25:58.000Z
11560,"AER: Memories of Old",2017-10-25,,,Windows PC,,No Status,No Status,Owned,,,Digital,Steam,,278,,,,,,,,,,,,,,,,,,,,,,,,,,,,2025-05-06T09:25:58.000Z,2025-05-06T09:25:58.000Z
7268,"Akiba's Trip: Undead & Undressed",2013-11-07,,,Windows PC,,Unplayed,Not Started,Owned,,,Digital,Steam,,235,,,,,,,,,,,,,,,,,,,,,,,,,,,,2025-05-06T09:25:58.000Z,2025-05-06T09:25:58.000Z
14048,"200% Mixed Juice!",2014-08-21,,,Windows PC,,No Status,No Status,Owned,,,Digital,Steam,,385,,,,,,,,,,,,,,,,,,,,,,,,,,,,2025-05-06T09:25:58.000Z,2025-05-06T09:25:58.000Z
35992,"Age of Fear 2: The Chaos Lord",2015-03-27,,,Windows PC,,No Status,No Status,Owned,,,Digital,Steam,,392,,,,,,,,,,,,,,,,,,,,,,,,,,,,2025-05-06T09:25:58.000Z,2025-05-06T09:25:58.000Z
26839,"Agent Awesome",2015-02-17,,,Windows PC,,No Status,No Status,Owned,,,Digital,Steam,,185,,,,,,,,,,,,,,,,,,,,,,,,,,,,2025-05-06T09:25:58.000Z,2025-05-06T09:25:58.000Z
8487,"Alien Carnage",1994-11-02,,,Windows PC,,No Status,No Status,Owned,,,Digital,Steam,,0,,,,,,,,,,,,,,,,,,,,,,,,,,,,2025-05-06T09:25:58.000Z,2025-05-06T09:25:58.000Z
35210,"Aegis Defenders",2018-02-08,,,Windows PC,,No Status,No Status,Owned,,,Digital,Steam,,0,,,,,,,,,,,,,,,,,,,,,,,,,,,,2025-05-06T09:25:58.000Z,2025-05-06T09:25:58.000Z
34934,"Action Alien",2015-06-26,,,Windows PC,,No Status,No Status,Owned,,,Digital,Steam,,211,,,,,,,,,,,,,,,,,,,,,,,,,,,,2025-05-06T09:25:58.000Z,2025-05-06T09:25:58.000Z
34815,"Alpha Runner",2015-09-02,,,Windows PC,,No Status,No Status,Owned,,,Digital,Steam,,217,,,,,,,,,,,,,,,,,,,,,,,,,,,,2025-05-06T09:25:58.000Z,2025-05-06T09:25:58.000Z
26530,"A Wolf in Autumn",2015-10-27,,,Windows PC,,No Status,No Status,Owned,,,Digital,Steam,,228,,,,,,,,,,,,,,,,,,,,,,,,,,,,2025-05-06T09:25:58.000Z,2025-05-06T09:25:58.000Z
34585,"A Kiss for the Petals - Remembering How We Met",2015-09-25,,,Windows PC,,No Status,No Status,Owned,,,Digital,Steam,,295,,,,,,,,,,,,,,,,,,,,,,,,,,,,2025-05-06T09:25:58.000Z,2025-05-06T09:25:58.000Z
2950,"Age of Empires II: HD Edition",2013-04-09,,,Windows PC,,No Status,No Status,Owned,,,Digital,Steam,,338,,,,"","",,"",No,,,"",,,,,,,,,"",,,,,,,,2025-05-06T09:25:58.000Z,2025-05-06T10:40:49.000Z
33823,"AdventureQuest 3D",2016-10-19,,,Windows PC,,No Status,No Status,Owned,,,Digital,Steam,,5,,,,,,,,,,,,,,,,,,,,,,,,,,,,2025-05-06T09:25:58.000Z,2025-05-06T09:25:58.000Z
90459,"A Grande Bagunça Espacial: The Big Space Mess",2016-04-05,,,Windows PC,,No Status,No Status,Owned,,,Digital,Steam,,252,,,,,,,,,,,,,,,,,,,,,,,,,,,,2025-05-06T09:25:58.000Z,2025-05-06T09:25:58.000Z
31060,"Academagia: The Making of Mages",2017-04-20,,,Windows PC,,Played,Completed,Owned,,,Digital,Steam,,294,,,,"","",,"",No,,,"",,,,,,,,,"",6,,,,,,,2025-05-06T09:25:58.000Z,2025-05-09T09:31:35.000Z
36796,"Accel World vs. Sword Art Online: Millennium Twilight",2017-03-16,65842,"Accel World vs. Sword Art Online: Deluxe Edition",Windows PC,,Unplayed,Not Started,Owned,,,Digital,Steam,,0,,,,,,,,,,,,,,,,,,,,,,,,,,,,2025-05-06T09:25:58.000Z,2025-05-06T09:25:58.000Z
19333,"Absolver",2017-08-29,,,Windows PC,,Played,Beaten,Owned,,,Digital,Steam,,2535,,,,,,,,,,,,,,,,,,,,,5,,,,,,,2025-05-06T09:25:58.000Z,2025-05-06T09:25:58.000Z
94078,"9 Monkeys of Shaolin",2020-10-16,,,Windows PC,,Played,Beaten,Owned,,,Digital,Steam,,851,,,,,,,,,,,,,,,,,,,,,5,,,,,,,2025-05-06T09:25:58.000Z,2025-05-06T09:25:58.000Z
76033,"A Sky Full of Stars",2017-12-01,,,Windows PC,,No Status,No Status,Owned,,,Digital,Steam,,321,,,,"","",,"",No,,,"",,,,,,,,,"",,,,,,,,2025-05-06T09:25:58.000Z,2025-05-06T10:13:44.000Z
83847,"7 Billion Humans",2018-08-23,,,Windows PC,,Played,Beaten,Owned,,,Digital,Steam,,338,,,,,,,,,,,,,,,,,,,,,4,,,,,,,2025-05-06T09:25:58.000Z,2025-05-06T09:25:58.000Z
27406,"Alaloth: Champions of the Four Kingdoms",2024-11-21,,,Windows PC,,No Status,No Status,Owned,,,Digital,Steam,,0,,,,,,,,,,,,,,,,,,,,,,,,,,,,2025-05-06T09:25:58.000Z,2025-05-06T09:25:58.000Z
119460,"Akiba's Trip: Hellbound & Debriefed",2021-05-19,,,Windows PC,,Unplayed,Not Started,Owned,,,Digital,Steam,,177,,,,,,,,,,,,,,,,,,,,,,,,,,,,2025-05-06T09:25:58.000Z,2025-05-06T09:25:58.000Z
25702,"Acceleration of Suguri 2",2011-08-13,,,Windows PC,,No Status,No Status,Owned,,,Digital,Steam,,0,,,,,,,,,,,,,,,,,,,,,,,,,,,,2025-05-06T09:25:58.000Z,2025-05-06T09:25:58.000Z
11426,"100% Orange Juice",2009-08-15,,,Windows PC,,No Status,No Status,Owned,,,Digital,Steam,,0,,,,,,,,,,,,,,,,,,,,,,,,,,,,2025-05-06T09:25:58.000Z,2025-05-06T09:25:58.000Z
18686,"10 Second Ninja X",2016-07-19,,,Windows PC,,No Status,No Status,Owned,,,Digital,Steam,,0,,,,,,,,,,,,,,,,,,,,,,,,,,,,2025-05-06T09:25:58.000Z,2025-05-06T09:25:58.000Z
147519,"Against the Storm",2023-12-08,,,Windows PC,,Unplayed,Not Started,Owned,,,Digital,Steam,,159,,,,,,,,,,,,,,,,,,,,,,,,,,,,2025-05-06T09:25:58.000Z,2025-05-06T09:25:58.000Z
163860,"Abriss: Build to Destroy",2023-09-05,,,Windows PC,,Played,Dropped,Owned,,,Digital,Steam,,80,,,,"","",,"",No,,,"",,,,,,,,,"",4,,,,,,,2025-05-06T09:25:58.000Z,2026-02-28T06:54:22.000Z
198439,"American Arcadia",2023-11-15,,,Windows PC,,Played,Beaten,Owned,,,Digital,Steam,,452,,,,,,,,,,,,,,,,,,,,,8,,,,,,,2025-05-06T09:25:58.000Z,2025-05-06T09:25:58.000Z
37134,".Hack//G.U. Last Recode",2017-11-03,,,Windows PC,,Unplayed,Not Started,Owned,,,Digital,Steam,,124,,,,,,,,,,,,,,,,,,,,,,,,,,,,2025-05-06T09:25:58.000Z,2025-05-06T09:25:58.000Z
140841,".Hack//G.U. Vol. 4: Reconnection",2017-11-03,,,,Bundled Game,,Not Started,,,,,,,,,,,,,,,,,,,,,,,,,,,,,,,,,,,2025-05-06T09:25:58.000Z,2025-05-06T09:25:58.000Z
182460,".Hack//G.U. Vol. 1: Rebirth HD",2017-11-01,,,,Bundled Game,,Not Started,,,,,,,,,,,,,,,,,,,,,,,,,,,,,,,,,,,2025-05-06T09:25:58.000Z,2025-05-06T09:25:58.000Z
182461,".Hack//G.U. Vol. 3: Redemption HD",2017-11-01,,,,Bundled Game,,Not Started,,,,,,,,,,,,,,,,,,,,,,,,,,,,,,,,,,,2025-05-06T09:25:58.000Z,2025-05-06T09:25:58.000Z
182462,".Hack//G.U. Vol. 2: Reminisce HD",2017-11-01,,,,Bundled Game,,Not Started,,,,,,,,,,,,,,,,,,,,,,,,,,,,,,,,,,,2025-05-06T09:25:58.000Z,2025-05-06T09:25:58.000Z
2956,"Audiosurf",2008-02-15,,,Windows PC,,No Status,No Status,Owned,,,Digital,Steam,,33,,,,,,,,,,,,,,,,,,,,,,,,,,,,2025-05-06T09:27:51.000Z,2025-05-06T09:27:51.000Z
3232,"Back to the Future: The Game",2010-12-22,,,Windows PC,,No Status,No Status,Owned,,,Digital,Steam,,0,,,,,,,,,,,,,,,,,,,,,,,,,,,,2025-05-06T09:27:51.000Z,2025-05-06T09:27:51.000Z
1281,"Awesomenauts",2012-05-01,,,Windows PC,,No Status,No Status,Owned,,,Digital,Steam,,515,,,,,,,,,,,,,,,,,,,,,,,,,,,,2025-05-06T09:27:51.000Z,2025-05-06T09:27:51.000Z
1997,"AquaNox",2001-11-30,,,Windows PC,,No Status,No Status,Owned,,,Digital,Steam,,0,,,,,,,,,,,,,,,,,,,,,,,,,,,,2025-05-06T09:27:51.000Z,2025-05-06T09:27:51.000Z
1998,"AquaNox 2: Revelation",2003-08-19,,,Windows PC,,No Status,No Status,Owned,,,Digital,Steam,,0,,,,"","",,"",No,,,"",,,,,,,,,"",,,,,,,,2025-05-06T09:27:51.000Z,2025-08-11T17:47:05.000Z
1880,"Baldur's Gate: Enhanced Edition",2012-11-27,,,Windows PC,,Unplayed,Not Started,Owned,,,Digital,Steam,,440,,,,,,,,,,,,,,,,,,,,,,,,,,,,2025-05-06T09:27:51.000Z,2025-05-06T09:27:51.000Z
1014,"APB Reloaded",2011-12-07,,,Windows PC,,No Status,No Status,Owned,,,Digital,Steam,,0,,,,,,,,,,,,,,,,,,,,,,,,,,,,2025-05-06T09:27:51.000Z,2025-05-06T09:27:51.000Z
11664,"ArcheBlade",2014-04-25,,,Windows PC,,No Status,No Status,Owned,,,Digital,Steam,,0,,,,,,,,,,,,,,,,,,,,,,,,,,,,2025-05-06T09:27:51.000Z,2025-05-06T09:27:51.000Z
9522,"Atlantica Online",2008-10-30,,,Windows PC,,No Status,No Status,Owned,,,Digital,Steam,,0,,,,,,,,,,,,,,,,,,,,,,,,,,,,2025-05-06T09:27:51.000Z,2025-05-06T09:27:51.000Z
63888,"Arctic Combat",,,,Windows PC,,No Status,No Status,Owned,,,Digital,Steam,,0,,,,,,,,,,,,,,,,,,,,,,,,,,,,2025-05-06T09:27:51.000Z,2025-05-06T09:27:51.000Z
8760,"Anomaly Korea",2012-12-20,,,Windows PC,,No Status,No Status,Owned,,,Digital,Steam,,242,,,,,,,,,,,,,,,,,,,,,,,,,,,,2025-05-06T09:27:51.000Z,2025-05-06T09:27:51.000Z
5613,"Baldur's Gate II: Enhanced Edition",2013-11-15,,,Windows PC,,Unplayed,Not Started,Owned,,,Digital,Steam,,466,,,,,,,,,,,,,,,,,,,,,,,,,,,,2025-05-06T09:27:51.000Z,2025-05-06T09:27:51.000Z
36389,"Aveyond 3-1: Lord of Twilight",2014-02-07,,,Windows PC,,No Status,No Status,Owned,,,Digital,Steam,,7,,,,,,,,,,,,,,,,,,,,,,,,,,,,2025-05-06T09:27:51.000Z,2025-05-06T09:27:51.000Z
6451,"ArcheAge",2013-01-15,,,Windows PC,,Played,Dropped,Owned,,,Digital,Steam,,259,,,,,,,,,,,,,,,,,,,,,,,,,,,,2025-05-06T09:27:51.000Z,2025-05-06T09:27:51.000Z
17740,"Axyos",2014-09-05,,,Windows PC,,No Status,No Status,Owned,,,Digital,Steam,,360,,,,,,,,,,,,,,,,,,,,,,,,,,,,2025-05-06T09:27:51.000Z,2025-05-06T09:27:51.000Z
8488,"Arctic Adventure",1991-10-09,,,Windows PC,,No Status,No Status,Owned,,,Digital,Steam,,0,,,,,,,,,,,,,,,,,,,,,,,,,,,,2025-05-06T09:27:51.000Z,2025-05-06T09:27:51.000Z
11097,"Balls of Steel",1997-12-12,,,Windows PC,,No Status,No Status,Owned,,,Digital,Steam,,0,,,,,,,,,,,,,,,,,,,,,,,,,,,,2025-05-06T09:27:51.000Z,2025-05-06T09:27:51.000Z
19851,"Anima: Gate of Memories",2016-06-03,,,Windows PC,,No Status,No Status,Owned,,,Digital,Steam,,227,,,,,,,,,,,,,,,,,,,,,,,,,,,,2025-05-06T09:27:51.000Z,2025-05-06T09:27:51.000Z
18135,"Balrum",2016-02-29,,,Windows PC,,No Status,No Status,Owned,,,Digital,Steam,,7,,,,,,,,,,,,,,,,,,,,,,,,,,,,2025-05-06T09:27:51.000Z,2025-05-06T09:27:51.000Z
23212,"Aven Colony",2017-07-25,,,Windows PC,,Unplayed,Not Started,Owned,,,Digital,Steam,,331,,,,,,,,,,,,,,,,,,,,,,,,,,,,2025-05-06T09:27:51.000Z,2025-05-06T09:27:51.000Z
25741,"Ashes of the Singularity: Escalation",2016-11-10,,,Windows PC,,No Status,No Status,Owned,,,Digital,Steam,,312,,,,,,,,,,,,,,,,,,,,,,,,,,,,2025-05-06T09:27:51.000Z,2025-05-06T09:27:51.000Z
29257,"Arcane Raise",2017-03-10,,,Windows PC,,No Status,No Status,Owned,,,Digital,Steam,,184,,,,,,,,,,,,,,,,,,,,,,,,,,,,2025-05-06T09:27:51.000Z,2025-05-06T09:27:51.000Z
28540,"Assassin's Creed Origins",2017-10-26,,,Windows PC,,Unplayed,Not Started,Owned,,,Digital,Steam,,320,,,,,,,,,,,,,,,,,,,,,,,,,,,,2025-05-06T09:27:51.000Z,2025-05-06T09:27:51.000Z
86514,"Assault Spy",2018-10-02,,,Windows PC,,Unplayed,Not Started,Owned,,,Digital,Steam,,0,,,,,,,,,,,,,,,,,,,,,,,,,,,,2025-05-06T09:27:51.000Z,2025-05-06T09:27:51.000Z
17772,"Ax:El - Air XenoDawn",2014-08-03,,,Windows PC,,No Status,No Status,Owned,,,Digital,Steam,,242,,,,,,,,,,,,,,,,,,,,,,,,,,,,2025-05-06T09:27:51.000Z,2025-05-06T09:27:51.000Z
101608,"Anima: Gate of Memories - The Nameless Chronicles",2018-06-19,,,Windows PC,,No Status,No Status,Owned,,,Digital,Steam,,0,,,,,,,,,,,,,,,,,,,,,,,,,,,,2025-05-06T09:27:51.000Z,2025-05-06T09:27:51.000Z
103054,"Assassin's Creed Odyssey",2018-10-05,,,Windows PC,,Played,Beaten,Owned,,,Digital,Steam,,7024,,,,"","",,"",No,,,"",,,,,,,,,"",6,,,,,,,2025-05-06T09:27:51.000Z,2025-05-07T20:11:04.000Z
113098,"Assassin's Creed Odyssey: The Fate of Atlantis",2019-04-23,,,,DLC / Expansion,,Beaten,,,,,,,,,,,,,,,,,,,,,,,,,,,,,,,,,,,2025-05-07T20:11:04.000Z,2025-05-07T20:11:04.000Z
119171,"Baldur's Gate III",2023-08-03,,,Windows PC,,Played,Beaten,Owned,,,Digital,Steam,,16483,,,,,,,,,,,,,,,,,,,,,10,,,,,,,2025-05-06T09:27:51.000Z,2025-05-06T09:27:51.000Z
89384,"Ball laB",2018-03-08,,,Windows PC,,No Status,No Status,Owned,,,Digital,Steam,,1,,,,,,,,,,,,,,,,,,,,,,,,,,,,2025-05-06T09:27:51.000Z,2025-05-06T09:27:51.000Z
119061,"Atelier Ryza: Ever Darkness & the Secret Hideout",2019-09-26,,,Windows PC,,Unplayed,Not Started,Owned,,,Digital,Steam,,0,,,,,,,,,,,,,,,,,,,,,,,,,,,,2025-05-06T09:27:51.000Z,2025-05-06T09:27:51.000Z
109475,"Azur Lane: Crosswave",2019-08-29,,,Windows PC,,Unplayed,Not Started,Owned,,,Digital,Steam,,439,,,,,,,,,,,,,,,,,,,,,,,,,,,,2025-05-06T09:27:51.000Z,2025-05-06T09:27:51.000Z
122748,"Atelier Ayesha: The Alchemist of Dusk DX",2019-12-25,,,Windows PC,,Unplayed,Not Started,Owned,,,Digital,Steam,,0,,,,,,,,,,,,,,,,,,,,,,,,,,,,2025-05-06T09:27:51.000Z,2025-05-06T09:27:51.000Z
122749,"Atelier Escha & Logy: Alchemists of the Dusk Sky DX",2019-12-25,,,Windows PC,,Unplayed,Not Started,Owned,,,Digital,Steam,,0,,,,,,,,,,,,,,,,,,,,,,,,,,,,2025-05-06T09:27:51.000Z,2025-05-06T09:27:51.000Z
122750,"Atelier Shallie: Alchemists of the Dusk Sea DX",2019-12-25,,,Windows PC,,Unplayed,Not Started,Owned,,,Digital,Steam,,0,,,,,,,,,,,,,,,,,,,,,,,,,,,,2025-05-06T09:27:51.000Z,2025-05-06T09:27:51.000Z
136414,"Atelier Ryza 2: Lost Legends & the Secret Fairy",2021-01-25,,,Windows PC,,Unplayed,Not Started,Owned,,,Digital,Steam,,0,,,,,,,,,,,,,,,,,,,,,,,,,,,,2025-05-06T09:27:51.000Z,2025-05-06T09:27:51.000Z
25443,"Autobahn Police Simulator",2015-08-26,,,Windows PC,,No Status,No Status,Owned,,,Digital,Steam,,0,,,,,,,,,,,,,,,,,,,,,,,,,,,,2025-05-06T09:27:51.000Z,2025-05-06T09:27:51.000Z
74360,"Arcade Moonlander",2017-10-30,,,Windows PC,,No Status,No Status,Owned,,,Digital,Steam,,0,,,,,,,,,,,,,,,,,,,,,,,,,,,,2025-05-06T09:27:51.000Z,2025-05-06T09:27:51.000Z
140015,"Armor of Heroes",2020-10-15,,,Windows PC,,No Status,No Status,Owned,,,Digital,Steam,,0,,,,,,,,,,,,,,,,,,,,,,,,,,,,2025-05-06T09:27:51.000Z,2025-05-06T09:27:51.000Z
143280,"Atelier Sophie: The Alchemist of the Mysterious Book DX",2021-04-21,,,Windows PC,,Unplayed,Not Started,Owned,,,Digital,Steam,,0,,,,,,,,,,,,,,,,,,,,,,,,,,,,2025-05-06T09:27:51.000Z,2025-05-06T09:27:51.000Z
140861,"Banana Hell",2020-11-07,,,Windows PC,,No Status,No Status,Owned,,,Digital,Steam,,0,,,,,,,,,,,,,,,,,,,,,,,,,,,,2025-05-06T09:27:51.000Z,2025-05-06T09:27:51.000Z
172822,"Atelier Sophie 2: The Alchemist of the Mysterious Dream",2022-02-24,,,Windows PC,,Unplayed,Not Started,Owned,,,Digital,Steam,,0,,,,,,,,,,,,,,,,,,,,,,,,,,,,2025-05-06T09:27:51.000Z,2025-05-06T09:27:51.000Z
191897,"Aperture Desk Job",2022-03-01,,,Windows PC,,Played,Beaten,Owned,,,Digital,Steam,,29,,,,"","",,"",No,,,"",,,,,,,,,"",7,,,,,,,2025-05-06T09:27:51.000Z,2025-05-07T19:54:21.000Z
219057,"Army of Ruin",2022-10-27,,,Windows PC,,Unplayed,Not Started,Owned,,,Digital,Steam,,355,,,,"","",,"",No,,,"",,,,,,,,,"",,,,,,,,2025-05-06T09:27:51.000Z,2025-05-06T12:18:40.000Z
10239,"Ark: Survival Evolved",2017-08-27,,,Windows PC,,No Status,No Status,Owned,,,Digital,Steam,,0,,,,,,,,,,,,,,,,,,,,,,,,,,,,2025-05-06T09:27:51.000Z,2025-05-06T09:27:51.000Z
24412,"Ark: Survival of the Fittest",2016-03-15,,,Windows PC,,No Status,No Status,Owned,,,Digital,Steam,,0,,,,,,,,,,,,,,,,,,,,,,,,,,,,2025-05-06T09:27:51.000Z,2025-05-06T09:27:51.000Z
217558,"Atelier Ryza 3: Alchemist of the End & the Secret Key",2023-03-24,,,Windows PC,,Unplayed,Not Started,Owned,,,Digital,Steam,,0,,,,,,,,,,,,,,,,,,,,,,,,,,,,2025-05-06T09:27:51.000Z,2025-05-06T09:27:51.000Z
237701,"Assassin's Creed III Remastered",2019-03-29,,,Windows PC,,Unplayed,Not Started,Owned,,,Digital,Steam,,0,,,,,,,,,,,,,,,,,,,,,,,,,,,,2025-05-06T09:27:51.000Z,2025-05-06T09:27:51.000Z
109532,"Assassin's Creed III Remastered",2019-03-29,,,,Bundled Game,,Not Started,,,,,,,,,,,,,,,,,,,,,,,,,,,,,,,,,,,2025-05-06T09:27:51.000Z,2025-05-06T09:27:51.000Z
109533,"Assassin's Creed: Liberation Remastered",2019-03-29,,,,Bundled Game,,Not Started,,,,,,,,,,,,,,,,,,,,,,,,,,,,,,,,,,,2025-05-06T09:27:51.000Z,2025-05-06T09:27:51.000Z
4222,"Battlestations: Pacific",2009-05-12,,,Windows PC,,No Status,No Status,Owned,,,Digital,Steam,,0,,,,,,,,,,,,,,,,,,,,,,,,,,,,2025-05-06T09:28:53.000Z,2025-05-06T09:28:53.000Z
15856,"Bionic Commando Rearmed",2008-08-13,,,Windows PC,,No Status,No Status,Owned,,,Digital,Steam,,0,,,,,,,,,,,,,,,,,,,,,,,,,,,,2025-05-06T09:28:53.000Z,2025-05-06T09:28:53.000Z
498,"Borderlands",2009-10-20,,,Windows PC,,Played,Beaten,Owned,,,Digital,Steam,,0,,,,,,,,,,,,,,,,,,,,,7,,,,,,,2025-05-06T09:28:53.000Z,2025-05-06T09:28:53.000Z
9541,"Ben There, Dan That!",2009-06-22,,,Windows PC,,No Status,No Status,Owned,,,Digital,Steam,,0,,,,,,,,,,,,,,,,,,,,,,,,,,,,2025-05-06T09:28:53.000Z,2025-05-06T09:28:53.000Z
4223,"Battlestations: Midway",2007-01-30,,,Windows PC,,No Status,No Status,Owned,,,Digital,Steam,,0,,,,,,,,,,,,,,,,,,,,,,,,,,,,2025-05-06T09:28:53.000Z,2025-05-06T09:28:53.000Z
20,"BioShock",2007-08-21,,,Windows PC,,No Status,No Status,Owned,,,Digital,Steam,,0,,,,"","",,"",No,,,"",,,,,,,,,"",,,,,,,,2025-05-06T09:28:53.000Z,2025-08-11T17:55:24.000Z
34293,"BioShock Remastered",2016-09-14,,,Windows PC,,Unplayed,Not Started,Owned,,,Digital,Steam,,210,,,,,,,,,,,,,,,,,,,,,,,,,,,,2025-05-06T09:28:53.000Z,2025-05-06T09:28:53.000Z
9781,"Beyond Divinity",2004-04-27,,,Windows PC,,Unplayed,Not Started,Owned,,,Digital,Steam,,0,,,,,,,,,,,,,,,,,,,,,,,,,,,,2025-05-06T09:28:53.000Z,2025-05-06T09:28:53.000Z
2352,"Bloodline Champions",2011-01-13,,,Windows PC,,No Status,No Status,Owned,,,Digital,Steam,,0,,,,,,,,,,,,,,,,,,,,,,,,,,,,2025-05-06T09:28:53.000Z,2025-05-06T09:28:53.000Z
6913,"Binary Domain",2012-02-16,,,Windows PC,,Played,Beaten,Owned,,,Digital,Steam,,479,,,,,,,,,,,,,,,,,,,,,7,,,,,,,2025-05-06T09:28:53.000Z,2025-05-06T09:28:53.000Z
7087,"Beatbuddy: Tale of the Guardians",2013-08-06,,,Windows PC,,No Status,No Status,Owned,,,Digital,Steam,,172,,,,,,,,,,,,,,,,,,,,,,,,,,,,2025-05-06T09:28:53.000Z,2025-05-06T09:28:53.000Z
2003,"Batman: Arkham Origins",2013-10-24,,,Windows PC,,Unplayed,Not Started,Owned,,,Digital,Steam,,408,,,,,,,,,,,,,,,,,,,,,,,,,,,,2025-05-06T09:28:53.000Z,2025-05-06T09:28:53.000Z
3823,"Blood Omen 2: Legacy of Kain",2002-03-21,,,Windows PC,,No Status,No Status,Owned,,,Digital,Steam,,0,,,,,,,,,,,,,,,,,,,,,,,,,,,,2025-05-06T09:28:53.000Z,2025-05-06T09:28:53.000Z
10056,"Blood of the Werewolf",2013-10-28,,,Windows PC,,No Status,No Status,Owned,,,Digital,Steam,,240,,,,,,,,,,,,,,,,,,,,,,,,,,,,2025-05-06T09:28:53.000Z,2025-05-06T09:28:53.000Z
20920,"Blockstorm",2015-05-21,,,Windows PC,,No Status,No Status,Owned,,,Digital,Steam,,255,,,,,,,,,,,,,,,,,,,,,,,,,,,,2025-05-06T09:28:53.000Z,2025-05-06T09:28:53.000Z
21,"BioShock 2",2010-02-09,,,Windows PC,,No Status,No Status,Owned,,,Digital,Steam,,0,,,,"","",,"",No,,,"",,,,,,,,,"",,,,,,,,2025-05-06T09:28:53.000Z,2025-08-11T17:55:13.000Z
538,"BioShock Infinite",2013-03-25,,,Windows PC,,Unplayed,Not Started,Owned,,,Digital,Steam,,250,,,,,,,,,,,,,,,,,,,,,,,,,,,,2025-05-06T09:28:53.000Z,2025-05-06T09:28:53.000Z
34294,"BioShock 2 Remastered",2016-09-14,,,Windows PC,,Unplayed,Not Started,Owned,,,Digital,Steam,,239,,,,,,,,,,,,,,,,,,,,,,,,,,,,2025-05-06T09:28:53.000Z,2025-05-06T09:28:53.000Z
16985,"Between Me and the Night",2016-01-22,,,Windows PC,,No Status,No Status,Owned,,,Digital,Steam,,278,,,,,,,,,,,,,,,,,,,,,,,,,,,,2025-05-06T09:28:53.000Z,2025-05-06T09:28:53.000Z
10041,"Battleplan: American Civil War",2014-07-04,,,Windows PC,,No Status,No Status,Owned,,,Digital,Steam,,211,,,,,,,,,,,,,,,,,,,,,,,,,,,,2025-05-06T09:28:53.000Z,2025-05-06T09:28:53.000Z
17676,"Bloop Reloaded",2015-01-05,,,Windows PC,,No Status,No Status,Owned,,,Digital,Steam,,256,,,,,,,,,,,,,,,,,,,,,,,,,,,,2025-05-06T09:28:53.000Z,2025-05-06T09:28:53.000Z
9047,"Besiege",2020-02-18,,,Windows PC,,Unplayed,Not Started,Owned,,,Digital,Steam,,253,,,,,,,,,,,,,,,,,,,,,,,,,,,,2025-05-06T09:28:53.000Z,2025-05-06T09:28:53.000Z
35780,"Bierzerkers",2016-02-25,,,Windows PC,,No Status,No Status,Owned,,,Digital,Steam,,249,,,,,,,,,,,,,,,,,,,,,,,,,,,,2025-05-06T09:28:53.000Z,2025-05-06T09:28:53.000Z
8491,"Bio Menace",1993-08-03,,,Windows PC,,No Status,No Status,Owned,,,Digital,Steam,,0,,,,,,,,,,,,,,,,,,,,,,,,,,,,2025-05-06T09:28:53.000Z,2025-05-06T09:28:53.000Z
8489,"Blake Stone: Aliens of Gold",1993-12-03,,,Windows PC,,No Status,No Status,Owned,,,Digital,Steam,,0,,,,,,,,,,,,,,,,,,,,,,,,,,,,2025-05-06T09:28:53.000Z,2025-05-06T09:28:53.000Z
8490,"Blake Stone: Planet Strike",1994-10-28,,,Windows PC,,No Status,No Status,Owned,,,Digital,Steam,,0,,,,,,,,,,,,,,,,,,,,,,,,,,,,2025-05-06T09:28:53.000Z,2025-05-06T09:28:53.000Z
12879,"Beep",2011-05-06,,,Windows PC,,No Status,No Status,Owned,,,Digital,Steam,,196,,,,,,,,,,,,,,,,,,,,,,,,,,,,2025-05-06T09:28:53.000Z,2025-05-06T09:28:53.000Z
33919,"Bell Ringer",2016-03-06,,,Windows PC,,No Status,No Status,Owned,,,Digital,Steam,,245,,,,,,,,,,,,,,,,,,,,,,,,,,,,2025-05-06T09:28:53.000Z,2025-05-06T09:28:53.000Z
8713,"Battlefleet Gothic: Armada",2016-04-21,,,Windows PC,,No Status,No Status,Owned,,,Digital,Steam,,243,,,,,,,,,,,,,,,,,,,,,,,,,,,,2025-05-06T09:28:53.000Z,2025-05-06T09:28:53.000Z
25708,"Blue Reflection",2017-03-30,,,Windows PC,,Unplayed,Not Started,Owned,,,Digital,Steam,,0,,,,,,,,,,,,,,,,,,,,,,,,,,,,2025-05-06T09:28:53.000Z,2025-05-06T09:28:53.000Z
6059,"Blood Bowl 2",2015-09-22,,,Windows PC,,Unplayed,Not Started,Owned,,,Digital,Steam,,306,,,,,,,,,,,,,,,,,,,,,,,,,,,,2025-05-06T09:28:53.000Z,2025-05-06T09:28:53.000Z
105663,"Blood Bowl: Death Zone",2019-07-10,,,Windows PC,,No Status,No Status,Owned,,,Digital,Steam,,0,,,,,,,,,,,,,,,,,,,,,,,,,,,,2025-05-06T09:28:53.000Z,2025-05-06T09:28:53.000Z
54955,"Battle for the Galaxy",2019-05-13,,,Windows PC,,No Status,No Status,Owned,,,Digital,Steam,,0,,,,,,,,,,,,,,,,,,,,,,,,,,,,2025-05-06T09:28:53.000Z,2025-05-06T09:28:53.000Z
78536,"Beholder 2",2018-10-22,,,Windows PC,,Unplayed,Not Started,Owned,,,Digital,Steam,,365,,,,,,,,,,,,,,,,,,,,,,,,,,,,2025-05-06T09:28:53.000Z,2025-05-06T09:28:53.000Z
26899,"Bless Global",2023-01-08,,,Windows PC,,Played,Dropped,Owned,,,Digital,Steam,,0,,,,,,,,,,,,,,,,,,,,,,,,,,,,2025-05-06T09:28:53.000Z,2025-10-20T08:14:38.000Z
500,"Batman: Arkham Asylum",2009-08-25,27862,"Batman: Arkham Asylum - Game of the Year Edition",Windows PC,,Unplayed,Not Started,Owned,,,Digital,Steam,,275,,,,,,,,,,,,,,,,,,,,,,,,,,,,2025-05-06T09:28:53.000Z,2025-05-06T09:28:53.000Z
501,"Batman: Arkham City",2011-10-18,21704,"Batman: Arkham City - Game of the Year Edition",Windows PC,,Unplayed,Not Started,Owned,,,Digital,Steam,,305,,,,,,,,,,,,,,,,,,,,,,,,,,,,2025-05-06T09:28:53.000Z,2025-05-06T09:28:53.000Z
5503,"Batman: Arkham Knight",2015-06-23,,,Windows PC,,Unplayed,Not Started,Owned,,,Digital,Steam,,577,,,,,,,,,,,,,,,,,,,,,,,,,,,,2025-05-06T09:28:53.000Z,2025-05-06T09:28:53.000Z
123689,"Bloody Spell",2022-01-26,,,Windows PC,,Unplayed,Not Started,Owned,,,Digital,Steam,,267,,,,,,,,,,,,,,,,,,,,,,,,,,,,2025-05-06T09:28:53.000Z,2025-05-06T09:28:53.000Z
116634,"Beyond a Steel Sky",2020-06-25,,,Windows PC,,Unplayed,Not Started,Owned,,,Digital,Steam,,377,,,,,,,,,,,,,,,,,,,,,,,,,,,,2025-05-06T09:28:53.000Z,2025-05-06T09:28:53.000Z
51448,"BlazBlue: Cross Tag Battle",2018-05-31,,,Windows PC,,No Status,No Status,Owned,,,Digital,Steam,,178,,,,,,,,,,,,,,,,,,,,,,,,,,,,2025-05-06T09:28:53.000Z,2025-05-06T09:28:53.000Z
108559,"Bless Unleashed",2020-03-12,,,Windows PC,,Played,Dropped,Owned,,,Digital,Steam,,137,,,,,,,,,,,,,,,,,,,,,,,,,,,,2025-05-06T09:28:53.000Z,2025-05-06T09:28:53.000Z
125068,"Between Two Castles",2019-11-15,,,Windows PC,,No Status,No Status,Owned,,,Digital,Steam,,0,,,,,,,,,,,,,,,,,,,,,,,,,,,,2025-05-06T09:28:53.000Z,2025-05-06T09:28:53.000Z
95668,"Barro",2018-03-28,,,Windows PC,,No Status,No Status,Owned,,,Digital,Steam,,0,,,,,,,,,,,,,,,,,,,,,,,,,,,,2025-05-06T09:28:53.000Z,2025-05-06T09:28:53.000Z
57853,"Black Geyser: Couriers of Darkness",2021-08-26,,,Windows PC,,No Status,No Status,Owned,,,Digital,Steam,,99,,,,,,,,,,,,,,,,,,,,,,,,,,,,2025-05-06T09:28:53.000Z,2025-05-06T09:28:53.000Z
139717,"Blackout Z",2017-07-31,74244,"Blackout Z: Slaughterhouse Edition",Windows PC,,No Status,No Status,Owned,,,Digital,Steam,,0,,,,,,,,,,,,,,,,,,,,,,,,,,,,2025-05-06T09:28:53.000Z,2025-05-06T09:28:53.000Z
55628,"Bomber Crew",2017-10-19,,,Windows PC,,No Status,No Status,Owned,,,Digital,Steam,,211,,,,,,,,,,,,,,,,,,,,,,,,,,,,2025-05-06T09:28:53.000Z,2025-05-06T09:28:53.000Z
154784,"Blue Reflection: Second Light",2021-10-21,,,Windows PC,,Unplayed,Not Started,Owned,,,Digital,Steam,,0,,,,,,,,,,,,,,,,,,,,,,,,,,,,2025-05-06T09:28:53.000Z,2025-05-06T09:28:53.000Z
24905,"Beholder",2016-11-09,,,Windows PC,,Unplayed,Not Started,Owned,,,Digital,Steam,,0,,,,,,,,,,,,,,,,,,,,,,,,,,,,2025-05-06T09:28:53.000Z,2025-05-06T09:28:53.000Z
28842,"Battlestar Galactica Deadlock",2017-08-31,,,Windows PC,,No Status,No Status,Owned,,,Digital,Steam,,0,,,,,,,,,,,,,,,,,,,,,,,,,,,,2025-05-06T09:28:53.000Z,2025-05-06T09:28:53.000Z
118993,"Borderlands: Game of the Year Enhanced",2019-04-03,,,Windows PC,,No Status,No Status,Owned,,,Digital,Steam,,0,,,,"","",,"",No,,,"",,,,,,,,,"",,,,,,,,2025-05-06T09:30:30.000Z,2025-05-06T12:21:04.000Z
12525,"Chantelise - A Tale of Two Sisters",2006-12-31,,,Windows PC,,Unplayed,Not Started,Owned,,,Digital,Steam,,0,,,,,,,,,,,,,,,,,,,,,,,,,,,,2025-05-06T09:30:30.000Z,2025-05-06T09:30:30.000Z
52496,"Check vs. Mate",2011-05-17,,,Windows PC,,No Status,No Status,Owned,,,Digital,Steam,,291,,,,,,,,,,,,,,,,,,,,,,,,,,,,2025-05-06T09:30:30.000Z,2025-05-06T09:30:30.000Z
1011,"Borderlands 2",2012-09-18,,,Windows PC,,Played,Beaten,Owned,,,Digital,Steam,,2671,,,,"","",,"",No,,,"",,,,,,,,,"",7,,,,,,,2025-05-06T09:30:30.000Z,2025-10-07T04:34:52.000Z
13920,"Borderlands 2: Captain Scarlett and Her Pirate's Booty",2012-10-16,,,,DLC / Expansion,,Beaten,,,,,,,0,,,,,,,,,,,,,,,,,,,,,,,,,,,,2025-10-05T05:05:41.000Z,2025-10-07T04:34:52.000Z
13923,"Borderlands 2: Tiny Tina's Assault on Dragon Keep",2013-06-25,,,,DLC / Expansion,,Beaten,,,,,,,0,,,,,,,,,,,,,,,,,,,,,,,,,,,,2025-10-05T05:05:41.000Z,2025-10-07T04:34:52.000Z
13921,"Borderlands 2: Mr. Torgue's Campaign of Carnage",2012-11-20,,,,DLC / Expansion,,Beaten,,,,,,,0,,,,,,,,,,,,,,,,,,,,,,,,,,,,2025-10-05T05:05:41.000Z,2025-10-07T04:34:52.000Z
13922,"Borderlands 2: Sir Hammerlock's Big Game Hunt",2013-01-15,,,,DLC / Expansion,,Beaten,,,,,,,0,,,,,,,,,,,,,,,,,,,,,,,,,,,,2025-10-05T05:05:41.000Z,2025-10-07T04:34:52.000Z
2358,"Chivalry: Medieval Warfare",2012-10-16,,,Windows PC,,No Status,No Status,Owned,,,Digital,Steam,,105,,,,,,,,,,,,,,,,,,,,,,,,,,,,2025-05-06T09:30:30.000Z,2025-05-06T09:30:30.000Z
20714,"Brawl Busters",2012-01-15,,,Windows PC,,No Status,No Status,Owned,,,Digital,Steam,,0,,,,,,,,,,,,,,,,,,,,,,,,,,,,2025-05-06T09:30:30.000Z,2025-05-06T09:30:30.000Z
23539,"Bullet Run",2012-08-31,,,Windows PC,,No Status,No Status,Owned,,,Digital,Steam,,0,,,,,,,,,,,,,,,,,,,,,,,,,,,,2025-05-06T09:30:30.000Z,2025-05-06T09:30:30.000Z
212,"Brütal Legend",2009-10-13,,,Windows PC,,Played,Beaten,Owned,,,Digital,Steam,,364,,,,,,,,,,,,,,,,,,,,,5,,,,,,,2025-05-06T09:30:30.000Z,2025-05-06T09:30:30.000Z
1976,"Call of Juarez: Gunslinger",2013-05-22,,,Windows PC,,Unplayed,Not Started,Owned,,,Digital,Steam,,251,,,,,,,,,,,,,,,,,,,,,,,,,,,,2025-05-06T09:30:30.000Z,2025-05-06T09:30:30.000Z
1334,"Brothers: A Tale of Two Sons",2013-08-07,,,Windows PC,,Unplayed,Not Started,Owned,,,Digital,Steam,,285,,,,,,,,,,,,,,,,,,,,,,,,,,,,2025-05-06T09:30:30.000Z,2025-05-06T09:30:30.000Z
9046,"Chroma Squad",2015-04-30,,,Windows PC,,Unplayed,Not Started,Owned,,,Digital,Steam,,234,,,,,,,,,,,,,,,,,,,,,,,,,,,,2025-05-06T09:30:30.000Z,2025-05-06T09:30:30.000Z
16672,"Chainsaw Warrior",2013-09-23,,,Windows PC,,No Status,No Status,Owned,,,Digital,Steam,,210,,,,,,,,,,,,,,,,,,,,,,,,,,,,2025-05-06T09:30:30.000Z,2025-05-06T09:30:30.000Z
49307,"Chicken Shoot 2",2005-12-31,,,Windows PC,,No Status,No Status,Owned,,,Digital,Steam,,271,,,,,,,,,,,,,,,,,,,,,,,,,,,,2025-05-06T09:30:30.000Z,2025-05-06T09:30:30.000Z
7208,"Bound By Flame",2014-05-06,,,Windows PC,,No Status,No Status,Owned,,,Digital,Steam,,375,,,,"","",,"",No,,,"",,,,,,,,,"",,,,,,,,2025-05-06T09:30:30.000Z,2025-08-11T18:21:24.000Z
8425,"Chompy Chomp Chomp",2012-05-24,,,Windows PC,,No Status,No Status,Owned,,,Digital,Steam,,221,,,,,,,,,,,,,,,,,,,,,,,,,,,,2025-05-06T09:30:30.000Z,2025-05-06T09:30:30.000Z
17432,"Call to Arms",2018-04-27,,,Windows PC,,Unplayed,Not Started,Owned,,,Digital,Steam,,335,,,,,,,,,,,,,,,,,,,,,,,,,,,,2025-05-06T09:30:30.000Z,2025-05-06T09:30:30.000Z
17618,"Broadsword : Age of Chivalry",2015-04-05,,,Windows PC,,No Status,No Status,Owned,,,Digital,Steam,,0,,,,,,,,,,,,,,,,,,,,,,,,,,,,2025-05-06T09:30:30.000Z,2025-05-06T09:30:30.000Z
6032,"Borderlands: The Pre-Sequel",2014-10-14,,,Windows PC,,Unplayed,Not Started,Owned,,,Digital,Steam,,255,,,,"","",,"",No,,,"",,,,,,,,,"",,,,,,,,2025-05-06T09:30:30.000Z,2025-05-06T12:21:18.000Z
36198,"Children of Morta",2019-09-03,,,Windows PC,,Played,Beaten,Owned,,,Digital,Steam,,857,,,,"","",,"",No,,,"",,,,,,,,,"",6,,,,,,,2025-05-06T09:30:30.000Z,2026-08-13T16:49:53.000Z
35920,"Cataegis : The White Wind",2015-09-25,,,Windows PC,,No Status,No Status,Owned,,,Digital,Steam,,345,,,,,,,,,,,,,,,,,,,,,,,,,,,,2025-05-06T09:30:30.000Z,2025-05-06T09:30:30.000Z
35661,"Bunker: The Underground Game",2015-05-21,,,Windows PC,,No Status,No Status,Owned,,,Digital,Steam,,362,,,,,,,,,,,,,,,,,,,,,,,,,,,,2025-05-06T09:30:30.000Z,2025-05-06T09:30:30.000Z
26662,"Camera Obscura",2015-02-19,,,Windows PC,,No Status,No Status,Owned,,,Digital,Steam,,217,,,,,,,,,,,,,,,,,,,,,,,,,,,,2025-05-06T09:30:30.000Z,2025-05-06T09:30:30.000Z
211196,"Call to Arms: Gates of Hell - Ostfront",2021-06-11,,,Windows PC,,Played,Dropped,Owned,,,Digital,Steam,,1021,,,,,,,,,,,,,,,,,,,,,,,,,,,,2025-05-06T09:30:30.000Z,2026-02-07T11:50:06.000Z
33495,"Broken Dreams",2016-02-19,,,Windows PC,,No Status,No Status,Owned,,,Digital,Steam,,189,,,,,,,,,,,,,,,,,,,,,,,,,,,,2025-05-06T09:30:30.000Z,2025-05-06T09:30:30.000Z
31564,"Chimpact 1: Chuck's Adventure",2016-11-11,,,Windows PC,,No Status,No Status,Owned,,,Digital,Steam,,0,,,,,,,,,,,,,,,,,,,,,,,,,,,,2025-05-06T09:30:30.000Z,2025-05-06T09:30:30.000Z
30878,"Cavern Escape",2017-02-20,,,Windows PC,,No Status,No Status,Owned,,,Digital,Steam,,195,,,,,,,,,,,,,,,,,,,,,,,,,,,,2025-05-06T09:30:30.000Z,2025-05-06T09:30:30.000Z
18968,"Call of Duty: Infinite Warfare",2016-11-04,,,Windows PC,,Played,Beaten,Owned,,,Digital,Steam,,596,,,,,,,,,,,,,,,,,,,,,6,,,,,,,2025-05-06T09:30:30.000Z,2025-05-06T09:30:30.000Z
36597,"Cat Quest",2017-08-08,,,Windows PC,,Unplayed,Not Started,Owned,,,Digital,Steam,,243,,,,,,,,,,,,,,,,,,,,,,,,,,,,2025-05-06T09:30:30.000Z,2025-05-06T09:30:30.000Z
41910,"Chicken Labyrinth Puzzles",2018-03-26,,,Windows PC,,No Status,No Status,Owned,,,Digital,Steam,,216,,,,,,,,,,,,,,,,,,,,,,,,,,,,2025-05-06T09:30:30.000Z,2025-05-06T09:30:30.000Z
6928,"Bullet Witch",2006-07-27,,,Windows PC,,No Status,No Status,Owned,,,Digital,Steam,,339,,,,"","",,"",No,,,"",,,,,,,,,"",,,,,,,,2025-05-06T09:30:30.000Z,2025-08-11T17:48:05.000Z
206320,"Chrono Trigger",2018-02-27,,,Windows PC,,No Status,No Status,Owned,,,Digital,Steam,,255,,,,"","",,"",No,,,"",,,,,,,,,"",,,,,,,,2025-05-06T09:30:30.000Z,2025-05-06T12:24:48.000Z
11271,"Celtic Kings: Rage of War",2002-08-21,,,Windows PC,,No Status,No Status,Owned,,,Digital,Steam,,0,,,,,,,,,,,,,,,,,,,,,,,,,,,,2025-05-06T09:30:30.000Z,2025-05-06T09:30:30.000Z
55660,"Broke Protocol",2024-06-26,,,Windows PC,,No Status,No Status,Owned,,,Digital,Steam,,488,,,,,,,,,,,,,,,,,,,,,,,,,,,,2025-05-06T09:30:30.000Z,2025-05-06T09:30:30.000Z
90055,"Carrion",2020-07-23,,,Windows PC,,Unplayed,Not Started,Owned,,,Digital,Steam,,383,,,,,,,,,,,,,,,,,,,,,,,,,,,,2025-05-06T09:30:30.000Z,2025-05-06T09:30:30.000Z
113905,"Catherine Classic",2019-01-10,,,Windows PC,,No Status,No Status,Owned,,,Digital,Steam,,369,,,,"","",,"",No,,,"",,,,,,,,,"",,,,,,,,2025-05-06T09:30:30.000Z,2025-05-06T12:24:31.000Z
8999,"Braveland",2014-03-17,,,Windows PC,,No Status,No Status,Owned,,,Digital,Steam,,246,,,,,,,,,,,,,,,,,,,,,,,,,,,,2025-05-06T09:30:30.000Z,2025-05-06T09:30:30.000Z
113739,"Bright Memory: Infinite",2021-11-11,,,Windows PC,,Played,Beaten,Owned,,,Digital,Steam,,105,,,,"","",,"",No,,,"",,,,,,,,,"",6,,,,,,,2025-05-06T09:30:30.000Z,2026-01-10T07:37:08.000Z
34772,"Cats!",2016-06-24,,,Windows PC,,No Status,No Status,Owned,,,Digital,Steam,,0,,,,,,,,,,,,,,,,,,,,,,,,,,,,2025-05-06T09:30:30.000Z,2025-05-06T09:30:30.000Z
18014,"Cat Simulator",2016-02-12,,,Windows PC,,No Status,No Status,Owned,,,Digital,Steam,,0,,,,,,,,,,,,,,,,,,,,,,,,,,,,2025-05-06T09:30:30.000Z,2025-05-06T09:30:30.000Z
116509,"Caelus Trident",2019-04-17,,,Windows PC,,No Status,No Status,Owned,,,Digital,Steam,,0,,,,,,,,,,,,,,,,,,,,,,,,,,,,2025-05-06T09:30:30.000Z,2025-05-06T09:30:30.000Z
128769,"Captain Tsubasa: Rise of New Champions",2020-08-27,,,Windows PC,,Played,Beaten,Owned,,,Digital,Steam,,5304,,,,,,,,,,,,,,,,,,,,,5,,,,,,,2025-05-06T09:30:30.000Z,2025-05-06T09:30:30.000Z
35839,"Chip's Challenge 1",2015-05-28,,,Windows PC,,No Status,No Status,Owned,,,Digital,Steam,,0,,,,,,,,,,,,,,,,,,,,,,,,,,,,2025-05-06T09:30:30.000Z,2025-05-06T09:30:30.000Z
103805,"Box: The Game",2019-01-16,,,Windows PC,,No Status,No Status,Owned,,,Digital,Steam,,0,,,,"","",,"",No,,,"",,,,,,,,,"",,,,,,,,2025-05-06T09:30:30.000Z,2025-08-11T17:47:46.000Z
134072,"Bright Memory",2020-03-25,,,Windows PC,,Played,Beaten,Owned,,,Digital,Steam,,46,,,,"","",,"",No,,,"",,,,,,,,,"",4,,,,,,,2025-05-06T09:30:30.000Z,2026-01-10T07:37:13.000Z
141546,"Capcom Arcade Stadium",2021-02-17,,,Windows PC,,No Status,No Status,Owned,,,Digital,Steam,,115,,,,,,,,,,,,,,,,,,,,,,,,,,,,2025-05-06T09:30:30.000Z,2025-05-06T09:30:30.000Z
34021,"Chkn",2016-04-01,,,Windows PC,,No Status,No Status,Owned,,,Digital,Steam,,0,,,,,,,,,,,,,,,,,,,,,,,,,,,,2025-05-06T09:30:30.000Z,2025-05-06T09:30:30.000Z
265111,"Chained Together",2024-06-19,,,Windows PC,,Played,Beaten,Owned,,,Digital,Steam,,409,,,,,,,,,,,,,,,,,,,,,6,,,,,,,2025-05-06T09:30:30.000Z,2025-05-06T09:30:30.000Z
307692,"Cakey's Twisted Bakery",2024-07-05,,,Windows PC,,No Status,No Status,Owned,,,Digital,Steam,,0,,,,,,,,,,,,,,,,,,,,,,,,,,,,2025-05-06T09:30:30.000Z,2025-05-06T09:30:30.000Z
27706,"Chicken Shoot Gold",2003-11-01,,,Windows PC,,No Status,No Status,Owned,,,Digital,Steam,,272,,,,,,,,,,,,,,,,,,,,,,,,,,,,2025-05-06T09:30:30.000Z,2025-05-06T09:30:30.000Z
4762,"Chicken Shoot",2000-12-31,,,,Bundled Game,,No Status,,,,,,,,,,,,,,,,,,,,,,,,,,,,,,,,,,,2025-05-06T09:30:30.000Z,2025-05-06T09:30:30.000Z
49307,"Chicken Shoot 2",2005-12-31,,,,Bundled Game,,No Status,,,,,,,,,,,,,,,,,,,,,,,,,,,,,,,,,,,2025-05-06T09:30:30.000Z,2025-05-06T09:30:30.000Z
191404,"Chrono Cross: The Radical Dreamers Edition",2022-04-07,,,Windows PC,,Unplayed,Not Started,Owned,,,Digital,Steam,,0,,,,,,,,,,,,,,,,,,,,,,,,,,,,2025-05-06T09:30:30.000Z,2025-05-06T09:30:30.000Z
335489,"Radical Dreamers: Le Trésor Interdit",2022-04-07,,,,Bundled Game,,Not Started,,,,,,,,,,,,,,,,,,,,,,,,,,,,,,,,,,,2025-05-06T09:30:30.000Z,2025-05-06T09:30:30.000Z
335488,"Chrono Cross",2022-04-07,,,,Bundled Game,,Not Started,,,,,,,,,,,,,,,,,,,,,,,,,,,,,,,,,,,2025-05-06T09:30:30.000Z,2025-05-06T09:30:30.000Z
5634,"Conflict: Denied Ops",2008-02-07,,,Windows PC,,No Status,No Status,Owned,,,Digital,Steam,,0,,,,,,,,,,,,,,,,,,,,,,,,,,,,2025-05-06T09:32:45.000Z,2025-05-06T09:32:45.000Z
1805,"Crazy Taxi",1999-02-12,,,Windows PC,,Played,Beaten,Owned,,,Digital,Steam,,0,,,,,,,,,,,,,,,,,,,,,5,,,,,,,2025-05-06T09:32:45.000Z,2025-05-06T09:32:45.000Z
3864,"Conflict: Desert Storm II: Back to Baghdad",2003-09-19,,,Windows PC,,Played,Beaten,Owned,,,Digital,Steam,,0,,,,,,,,,,,,,,,,,,,,,6,,,,,,,2025-05-06T09:32:45.000Z,2025-05-06T09:32:45.000Z
8146,"Closure",2012-03-27,,,Windows PC,,No Status,No Status,Owned,,,Digital,Steam,,215,,,,,,,,,,,,,,,,,,,,,,,,,,,,2025-05-06T09:32:45.000Z,2025-05-06T09:32:45.000Z
15305,"Continent of the Ninth Seal",2012-09-13,,,Windows PC,,No Status,No Status,Owned,,,Digital,Steam,,131,,,,,,,,,,,,,,,,,,,,,,,,,,,,2025-05-06T09:32:45.000Z,2025-05-06T09:32:45.000Z
241,"Counter-Strike",2000-11-09,,,Windows PC,,Played,Beaten,Owned,,,Digital,Steam,,0,,,,,,,,,,,,,,,,,,,,,7,,,,,,,2025-05-06T09:32:45.000Z,2025-05-06T09:32:45.000Z
297,"Counter-Strike: Condition Zero",2004-03-23,,,Windows PC,,No Status,No Status,Owned,,,Digital,Steam,,0,,,,,,,,,,,,,,,,,,,,,,,,,,,,2025-05-06T09:32:45.000Z,2025-05-06T09:32:45.000Z
93807,"Counter-Strike: Condition Zero Deleted Scenes",2004-03-23,,,Windows PC,,No Status,No Status,Owned,,,Digital,Steam,,0,,,,,,,,,,,,,,,,,,,,,,,,,,,,2025-05-06T09:32:45.000Z,2025-05-06T09:32:45.000Z
307,"Counter-Strike: Source",2004-10-07,,,Windows PC,,No Status,No Status,Owned,,,Digital,Steam,,0,,,,,,,,,,,,,,,,,,,,,,,,,,,,2025-05-06T09:32:45.000Z,2025-05-06T09:32:45.000Z
1372,"Counter-Strike: Global Offensive",2012-08-21,,,Windows PC,,No Status,No Status,Owned,,,Digital,Steam,,376,,,,,,,,,,,,,,,,,,,,,,,,,,,,2025-05-06T09:32:45.000Z,2025-05-06T09:32:45.000Z
11238,"Cook, Serve, Delicious!",2012-10-05,,,Windows PC,,No Status,No Status,Owned,,,Digital,Steam,,241,,,,,,,,,,,,,,,,,,,,,,,,,,,,2025-05-06T09:32:45.000Z,2025-05-06T09:32:45.000Z
14554,"Craft the World",2014-11-24,,,Windows PC,,Unplayed,Not Started,Owned,,,Digital,Steam,,758,,,,,,,,,,,,,,,,,,,,,,,,,,,,2025-05-06T09:32:45.000Z,2025-05-06T09:32:45.000Z
2010,"Commander: Conquest of the Americas",2010-07-30,46997,"Commander: Conquest of the Americas - Gold Edition",Windows PC,,No Status,No Status,Owned,,,Digital,Steam,,0,,,,,,,,,,,,,,,,,,,,,,,,,,,,2025-05-06T09:32:45.000Z,2025-05-06T09:32:45.000Z
7587,"Crimsonland",2014-06-11,,,Windows PC,,No Status,No Status,Owned,,,Digital,Steam,,499,,,,,,,,,,,,,,,,,,,,,,,,,,,,2025-05-06T09:32:45.000Z,2025-05-06T09:32:45.000Z
8763,"Crimzon Clover: World Ignition",2014-06-06,,,Windows PC,,No Status,No Status,Owned,,,Digital,Steam,,213,,,,,,,,,,,,,,,,,,,,,,,,,,,,2025-05-06T09:32:45.000Z,2025-05-06T09:32:45.000Z
26821,"Colin McRae Rally",2013-06-27,,,Windows PC,,No Status,No Status,Owned,,,Digital,Steam,,218,,,,,,,,,,,,,,,,,,,,,,,,,,,,2025-05-06T09:32:45.000Z,2025-05-06T09:32:45.000Z
17214,"Crazy Plant Shop",2014-07-01,,,Windows PC,,No Status,No Status,Owned,,,Digital,Steam,,183,,,,,,,,,,,,,,,,,,,,,,,,,,,,2025-05-06T09:32:45.000Z,2025-05-06T09:32:45.000Z
11049,"Crawl",2017-04-11,,,Windows PC,,Unplayed,Not Started,Owned,,,Digital,Steam,,356,,,,,,,,,,,,,,,,,,,,,,,,,,,,2025-05-06T09:32:45.000Z,2025-05-06T09:32:45.000Z
10097,"Cobi Treasure Deluxe",2014-05-23,,,Windows PC,,No Status,No Status,Owned,,,Digital,Steam,,0,,,,,,,,,,,,,,,,,,,,,,,,,,,,2025-05-06T09:32:45.000Z,2025-05-06T09:32:45.000Z
9802,"Contraption Maker",2014-07-07,,,Windows PC,,No Status,No Status,Owned,,,Digital,Steam,,186,,,,,,,,,,,,,,,,,,,,,,,,,,,,2025-05-06T09:32:45.000Z,2025-05-06T09:32:45.000Z
5637,"Costume Quest",2010-10-19,,,Windows PC,,Played,Beaten,Owned,,,Digital,Steam,,269,,,,,,,,,,,,,,,,,,,,,5,,,,,,,2025-05-06T09:32:45.000Z,2025-05-06T09:32:45.000Z
5638,"Costume Quest 2",2014-10-07,,,Windows PC,,Played,Beaten,Owned,,,Digital,Steam,,254,,,,,,,,,,,,,,,,,,,,,5,,,,,,,2025-05-06T09:32:45.000Z,2025-05-06T09:32:45.000Z
8484,"Cosmo's Cosmic Adventure",1992-03-01,,,Windows PC,,No Status,No Status,Owned,,,Digital,Steam,,0,,,,,,,,,,,,,,,,,,,,,,,,,,,,2025-05-06T09:32:45.000Z,2025-05-06T09:32:45.000Z
9066,"Cities: Skylines",2015-03-10,,,Windows PC,,Played,Beaten,Owned,,,Digital,Steam,,980,,,,,,,,,,,,,,,,,,,,,6,,,,,,,2025-05-06T09:32:45.000Z,2025-05-06T09:32:45.000Z
34967,"Cruel Arena",2014-12-17,,,Windows PC,,No Status,No Status,Owned,,,Digital,Steam,,332,,,,,,,,,,,,,,,,,,,,,,,,,,,,2025-05-06T09:32:45.000Z,2025-05-06T09:32:45.000Z
34917,"Close Order",2016-01-21,,,Windows PC,,No Status,No Status,Owned,,,Digital,Steam,,272,,,,,,,,,,,,,,,,,,,,,,,,,,,,2025-05-06T09:32:45.000Z,2025-05-06T09:32:45.000Z
7285,"Cross of the Dutchman",2015-09-10,,,Windows PC,,No Status,No Status,Owned,,,Digital,Steam,,313,,,,,,,,,,,,,,,,,,,,,,,,,,,,2025-05-06T09:32:45.000Z,2025-05-06T09:32:45.000Z
34753,"Circuit Breakers",2015-11-17,,,Windows PC,,No Status,No Status,Owned,,,Digital,Steam,,513,,,,,,,,,,,,,,,,,,,,,,,,,,,,2025-05-06T09:32:45.000Z,2025-05-06T09:32:45.000Z
14702,"Cibele",2015-11-02,,,Windows PC,,No Status,No Status,Owned,,,Digital,Steam,,52,,,,,,,,,,,,,,,,,,,,,,,,,,,,2025-05-06T09:32:45.000Z,2025-05-06T09:32:45.000Z
16999,"Conan Exiles",2018-05-08,,,Windows PC,,Played,Beaten,Owned,,,Digital,Steam,,23410,,,,,,,,,,,,,,,,,,,,,5,,,,,,,2025-05-06T09:32:45.000Z,2025-05-06T09:32:45.000Z
654,"Company of Heroes",2006-09-12,84532,"Company of Heroes: Legacy Edition",Windows PC,,No Status,No Status,Owned,,,Digital,Steam,,568,,,,,,,,,,,,,,,,,,,,,,,,,,,,2025-05-06T09:32:45.000Z,2026-07-18T01:09:40.000Z
1370,"Company of Heroes: Opposing Fronts",2007-09-25,,,Windows PC,,No Status,No Status,Owned,,,Digital,Steam,,0,,,,,,,,,,,,,,,,,,,,,,,,,,,,2025-05-06T09:32:45.000Z,2025-05-06T09:32:45.000Z
1371,"Company of Heroes: Tales of Valor",2009-04-07,,,Windows PC,,No Status,No Status,Owned,,,Digital,Steam,,0,,,,,,,,,,,,,,,,,,,,,,,,,,,,2025-05-06T09:32:45.000Z,2025-05-06T09:32:45.000Z
654,"Company of Heroes",2006-09-12,,,Windows PC,,No Status,No Status,Owned,,,Digital,Steam,,568,,,,,,,,,,,,,,,,,,,,,,,,,,,,2025-05-06T09:32:45.000Z,2025-05-06T09:32:45.000Z
4701,"Conception II: Children of the Seven Stars",2013-08-22,,,Windows PC,,Unplayed,Not Started,Owned,,,Digital,Steam,,120,,,,,,,,,,,,,,,,,,,,,,,,,,,,2025-05-06T09:32:45.000Z,2025-05-06T09:32:45.000Z
47823,"Citadel: Forged With Fire",2019-11-01,,,Windows PC,,Played,Beaten,Owned,,,Digital,Steam,,4459,,,,,,,,,,,,,,,,,,,,,5,,,,,,,2025-05-06T09:32:45.000Z,2025-05-06T09:32:45.000Z
30567,"Crackhead",2016-11-10,,,Windows PC,,No Status,No Status,Owned,,,Digital,Steam,,204,,,,,,,,,,,,,,,,,,,,,,,,,,,,2025-05-06T09:32:45.000Z,2025-05-06T09:32:45.000Z
56553,"CPU Invaders",2017-02-17,,,Windows PC,,No Status,No Status,Owned,,,Digital,Steam,,188,,,,,,,,,,,,,,,,,,,,,,,,,,,,2025-05-06T09:32:45.000Z,2025-05-06T09:32:45.000Z
28787,"Crazy Veggies",2017-04-28,,,Windows PC,,No Status,No Status,Owned,,,Digital,Steam,,272,,,,,,,,,,,,,,,,,,,,,,,,,,,,2025-05-06T09:32:46.000Z,2025-05-06T09:32:46.000Z
38967,"Cooking Simulator",2019-06-06,,,Windows PC,,No Status,No Status,Owned,,,Digital,Steam,,155,,,,"","",,"",No,,,"",,,,,,,,,"",,,,,,,,2025-05-06T09:32:46.000Z,2025-05-06T12:25:58.000Z
1369,"Company of Heroes 2",2013-06-25,,,Windows PC,,No Status,No Status,Owned,,,Digital,Steam,,309,,,,,,,,,,,,,,,,,,,,,,,,,,,,2025-05-06T09:32:46.000Z,2025-05-06T09:32:46.000Z
10428,"Cortex Command",2012-09-28,,,Windows PC,,No Status,No Status,Owned,,,Digital,Steam,,273,,,,,,,,,,,,,,,,,,,,,,,,,,,,2025-05-06T09:32:46.000Z,2025-05-06T09:32:46.000Z
99124,"Cliff Empire",2019-08-06,,,Windows PC,,Unplayed,Not Started,Owned,,,Digital,Steam,,183,,,,,,,,,,,,,,,,,,,,,,,,,,,,2025-05-06T09:32:46.000Z,2025-05-06T09:32:46.000Z
103381,"CRSED: F.O.A.D.",2019-12-12,,,Windows PC,,No Status,No Status,Owned,,,Digital,Steam,,10,,,,,,,,,,,,,,,,,,,,,,,,,,,,2025-05-06T09:32:46.000Z,2025-05-06T09:32:46.000Z
28168,"Code Vein",2019-09-26,,,Windows PC,,Played,Beaten,Owned,,,Digital,Steam,,2620,,,,,,,,,,,,,,,,,,,,,6,,,,,,,2025-05-06T09:32:46.000Z,2025-05-06T09:32:46.000Z
121227,"Conception Plus: Maidens of the Twelve Stars",2019-01-31,,,Windows PC,,Unplayed,Not Started,Owned,,,Digital,Steam,,264,,,,,,,,,,,,,,,,,,,,,,,,,,,,2025-05-06T09:32:46.000Z,2025-05-06T09:32:46.000Z
76426,"Cobalt WASD",2017-11-30,,,Windows PC,,No Status,No Status,Owned,,,Digital,Steam,,0,,,,,,,,,,,,,,,,,,,,,,,,,,,,2025-05-06T09:32:46.000Z,2025-05-06T09:32:46.000Z
124448,"Craftopia",2020-07-05,,,Windows PC,,Played,Beaten,Owned,,,Digital,Steam,,77,,,,,,,,,,,,,,,,,,,,,5,,,,,,,2025-05-06T09:32:46.000Z,2025-05-06T09:32:46.000Z
205201,"Crisis Core: Final Fantasy VII - Reunion",2022-12-13,,,Windows PC,,No Status,No Status,Owned,,,Digital,Steam,,5311,,,,"","",,"",No,,,"",,,,,,,,,"",7,,,,,,,2025-05-06T09:32:46.000Z,2025-05-06T12:31:47.000Z
305152,"Clair Obscur: Expedition 33",2025-04-24,,,Windows PC,,Played,Completed,Owned,,,Digital,Steam,,4050,,,,"","",,"",No,,,"",,,,,,,,,"",10,,,,,,,2025-05-06T09:32:46.000Z,2025-05-09T09:28:03.000Z
536,"Dead Island",2011-09-06,,,Windows PC,,No Status,No Status,Owned,,,Digital,Steam,,271,,,,,,,,,,,,,,,,,,,,,,,,,,,,2025-05-06T09:34:03.000Z,2025-05-06T09:34:03.000Z
21040,"Dark Souls: Prepare to Die Edition",2012-08-24,,,Windows PC,,Played,Beaten,Owned,,,Digital,Steam,,1546,,,,,,,,,,,,,,,,,,,,,6,,,,,,,2025-05-06T09:34:03.000Z,2025-05-06T09:34:03.000Z
2354,"Deadlight",2012-08-01,,,Windows PC,,No Status,No Status,Owned,,,Digital,Steam,,182,,,,,,,,,,,,,,,,,,,,,,,,,,,,2025-05-06T09:34:03.000Z,2025-05-06T09:34:03.000Z
3769,"DCS World",2008-10-17,,,Windows PC,,No Status,No Status,Owned,,,Digital,Steam,,0,,,,,,,,,,,,,,,,,,,,,,,,,,,,2025-05-06T09:34:03.000Z,2025-05-06T09:34:03.000Z
9811,"Cubetractor",2013-05-29,,,Windows PC,,No Status,No Status,Owned,,,Digital,Steam,,0,,,,,,,,,,,,,,,,,,,,,,,,,,,,2025-05-06T09:34:03.000Z,2025-05-06T09:34:03.000Z
7551,"Day of Defeat",2003-05-01,,,Windows PC,,No Status,No Status,Owned,,,Digital,Steam,,0,,,,,,,,,,,,,,,,,,,,,,,,,,,,2025-05-06T09:34:03.000Z,2025-05-06T09:34:03.000Z
9073,"Deathmatch Classic",2001-07-01,,,Windows PC,,No Status,No Status,Owned,,,Digital,Steam,,0,,,,,,,,,,,,,,,,,,,,,,,,,,,,2025-05-06T09:34:03.000Z,2025-05-06T09:34:03.000Z
3267,"Day of Defeat: Source",2005-09-26,,,Windows PC,,No Status,No Status,Owned,,,Digital,Steam,,183,,,,,,,,,,,,,,,,,,,,,,,,,,,,2025-05-06T09:34:03.000Z,2025-05-06T09:34:03.000Z
8201,"Daikatana",2000-05-23,,,Windows PC,,Unplayed,Not Started,Owned,,,Digital,Steam,,0,,,,,,,,,,,,,,,,,,,,,,,,,,,,2025-05-06T09:34:03.000Z,2025-05-06T09:34:03.000Z
8470,"Deathtrap Dungeon",1998-03-19,,,Windows PC,,No Status,No Status,Owned,,,Digital,Steam,,0,,,,,,,,,,,,,,,,,,,,,,,,,,,,2025-05-06T09:34:03.000Z,2025-05-06T09:34:03.000Z
17107,"Danmaku Unlimited 2",2013-02-28,,,Windows PC,,No Status,No Status,Owned,,,Digital,Steam,,0,,,,,,,,,,,,,,,,,,,,,,,,,,,,2025-05-06T09:34:03.000Z,2025-05-06T09:34:03.000Z
1833,"Dead Island: Riptide",2013-04-23,,,Windows PC,,No Status,No Status,Owned,,,Digital,Steam,,222,,,,,,,,,,,,,,,,,,,,,,,,,,,,2025-05-06T09:34:03.000Z,2025-05-06T09:34:03.000Z
47373,"Special Forces Nemesis Strike",2005-03-22,,,Windows PC,,No Status,No Status,Owned,,,Digital,Steam,,0,,,,,,,,,,,,,,,,,,,,,,,,,,,,2025-05-06T09:34:03.000Z,2026-02-10T09:36:01.000Z
17217,"DarkEnd",2014-09-05,,,Windows PC,,No Status,No Status,Owned,,,Digital,Steam,,292,,,,,,,,,,,,,,,,,,,,,,,,,,,,2025-05-06T09:34:03.000Z,2025-05-06T09:34:03.000Z
2902,"Dead Island: Epidemic",2014-11-20,,,Windows PC,,No Status,No Status,Owned,,,Digital,Steam,,0,,,,,,,,,,,,,,,,,,,,,,,,,,,,2025-05-06T09:34:03.000Z,2025-05-06T09:34:03.000Z
8429,"Dead Bits",2014-06-07,,,Windows PC,,No Status,No Status,Owned,,,Digital,Steam,,314,,,,,,,,,,,,,,,,,,,,,,,,,,,,2025-05-06T09:34:03.000Z,2025-05-06T09:34:03.000Z
10120,"Crystals of Time",2014-06-13,,,Windows PC,,No Status,No Status,Owned,,,Digital,Steam,,225,,,,,,,,,,,,,,,,,,,,,,,,,,,,2025-05-06T09:34:03.000Z,2025-05-06T09:34:03.000Z
1973,"Defiance",2013-04-02,,,Windows PC,,No Status,No Status,Owned,,,Digital,Steam,,0,,,,,,,,,,,,,,,,,,,,,,,,,,,,2025-05-06T09:34:03.000Z,2025-05-06T09:34:03.000Z
14726,"Deadbreed",2014-07-01,,,Windows PC,,No Status,No Status,Owned,,,Digital,Steam,,365,,,,,,,,,,,,,,,,,,,,,,,,,,,,2025-05-06T09:34:03.000Z,2025-05-06T09:34:03.000Z
10168,"Data Hacker: Reboot",2015-04-17,,,Windows PC,,No Status,No Status,Owned,,,Digital,Steam,,211,,,,,,,,,,,,,,,,,,,,,,,,,,,,2025-05-06T09:34:03.000Z,2025-05-06T09:34:03.000Z
8222,"Dark Souls II: Scholar of the First Sin",2015-04-02,,,Windows PC,,Unplayed,Not Started,Owned,,,Digital,Steam,,1,,,,,,,,,,,,,,,,,,,,,,,,,,,,2025-05-06T09:34:03.000Z,2025-05-06T09:34:03.000Z
8483,"Crystal Caves",1991-10-23,,,Windows PC,,No Status,No Status,Owned,,,Digital,Steam,,0,,,,,,,,,,,,,,,,,,,,,,,,,,,,2025-05-06T09:34:03.000Z,2025-05-06T09:34:03.000Z
665,"Death Rally",1996-09-06,,,Windows PC,,No Status,No Status,Owned,,,Digital,Steam,,0,,,,,,,,,,,,,,,,,,,,,,,,,,,,2025-05-06T09:34:03.000Z,2025-10-25T21:27:45.000Z
11726,"Dark Ages",1991-12-31,,,Windows PC,,No Status,No Status,Owned,,,Digital,Steam,,0,,,,,,,,,,,,,,,,,,,,,,,,,,,,2025-05-06T09:34:03.000Z,2025-05-06T09:34:03.000Z
35108,"Defend the Highlands",2015-11-06,,,Windows PC,,No Status,No Status,Owned,,,Digital,Steam,,312,,,,,,,,,,,,,,,,,,,,,,,,,,,,2025-05-06T09:34:03.000Z,2025-05-06T09:34:03.000Z
21318,"D/Generation HD",2015-07-29,,,Windows PC,,No Status,No Status,Owned,,,Digital,Steam,,0,,,,,,,,,,,,,,,,,,,,,,,,,,,,2025-05-06T09:34:03.000Z,2025-05-06T09:34:03.000Z
33577,"Cube Destroyer",2016-02-15,,,Windows PC,,No Status,No Status,Owned,,,Digital,Steam,,211,,,,,,,,,,,,,,,,,,,,,,,,,,,,2025-05-06T09:34:03.000Z,2025-05-06T09:34:03.000Z
11133,"Dark Souls III",2016-03-24,,,Windows PC,,Played,Completed,Owned,,,Digital,Steam,,9206,,,,"","",,"",No,,,"",,,,,,,,,"",8,,,,,,,2025-05-06T09:34:03.000Z,2025-05-09T09:33:01.000Z
23158,"Dark Souls III: Ashes of Ariandel",2016-10-24,,,,DLC / Expansion,,Beaten,,,,,,,,,,,,,,,,,,,,,,,,,,,,,,,,,,,2025-05-07T20:06:15.000Z,2025-05-09T09:33:01.000Z
26916,"Dark Souls III: The Ringed City",2017-03-27,,,,DLC / Expansion,,Beaten,,,,,,,,,,,,,,,,,,,,,,,,,,,,,,,,,,,2025-05-07T20:06:15.000Z,2025-05-09T09:33:01.000Z
31456,"Death's Hangover",2017-01-20,,,Windows PC,,No Status,No Status,Owned,,,Digital,Steam,,244,,,,,,,,,,,,,,,,,,,,,,,,,,,,2025-05-06T09:34:03.000Z,2025-05-06T09:34:03.000Z
26973,"Dark and Light",2017-07-20,,,Windows PC,,Played,Dropped,Owned,,,Digital,Steam,,705,,,,,,,,,,,,,,,,,,,,,,,,,,,,2025-05-06T09:34:03.000Z,2025-05-06T09:34:03.000Z
26855,"Dead Cells",2018-08-06,,,Windows PC,,Unplayed,Not Started,Owned,,,Digital,Steam,,663,,,,,,,,,,,,,,,,,,,,,,,,,,,,2025-05-06T09:34:03.000Z,2025-05-06T09:34:03.000Z
77086,"Deep Space Waifu: Flat Justice",2017-12-07,,,Windows PC,,No Status,No Status,Owned,,,Digital,Steam,,362,,,,,,,,,,,,,,,,,,,,,,,,,,,,2025-05-06T09:34:03.000Z,2025-05-06T09:34:03.000Z
54793,"Deep Sky Derelicts",2018-09-26,,,Windows PC,,No Status,No Status,Owned,,,Digital,Steam,,273,,,,"","",,"",No,,,"",,,,,,,,,"",,,,,,,,2025-05-06T09:34:03.000Z,2025-08-11T17:59:12.000Z
26402,"Cyberdimension Neptunia: 4 Goddesses Online",2017-02-09,,,Windows PC,,Unplayed,Not Started,Owned,,,Digital,Steam,,484,,,,,,,,,,,,,,,,,,,,,,,,,,,,2025-05-06T09:34:03.000Z,2025-05-06T09:34:03.000Z
81085,"Dark Souls: Remastered",2018-05-23,,,Windows PC,,No Status,No Status,Owned,,,Digital,Steam,,55,,,,"","",,"",No,,,"",,,,,,,,,"",,,,,,,,2025-05-06T09:34:03.000Z,2025-05-06T15:00:34.000Z
2918,"Crusader Kings II",2012-02-03,,,Windows PC,,Unplayed,Not Started,Owned,,,Digital,Steam,,313,,,,,,,,,,,,,,,,,,,,,,,,,,,,2025-05-06T09:34:03.000Z,2025-05-06T09:34:03.000Z
102163,"Dawn of Man",2019-03-01,,,Windows PC,,Played,Beaten,Owned,,,Digital,Steam,,468,,,,,,,,,,,,,,,,,,,,,4,,,,,,,2025-05-06T09:34:03.000Z,2025-05-06T09:34:03.000Z
1877,"Cyberpunk 2077",2020-12-10,,,Windows PC,,Played,Beaten,Owned,,,Digital,Steam,,16050,,,,"","",,"",No,,,"",,,,,,,,,"",9,,,,,,,2025-05-06T09:34:03.000Z,2025-05-07T20:03:25.000Z
215769,"Cyberpunk 2077: Phantom Liberty",2023-09-26,,,,DLC / Expansion,,Beaten,,,,,,,,,,,,,,,,,,,,,,,,,,,,,,,,,,,2025-05-07T20:03:25.000Z,2025-05-07T20:03:25.000Z
32847,"DashBored",2016-06-13,,,Windows PC,,No Status,No Status,Owned,,,Digital,Steam,,0,,,,,,,,,,,,,,,,,,,,,,,,,,,,2025-05-06T09:34:03.000Z,2025-05-06T09:34:03.000Z
103338,"Daemon X Machina",2019-09-12,,,Windows PC,,Played,Beaten,Owned,,,Digital,Steam,,1146,,,,,,,,,,,,,,,,,,,,,7,,,,,,,2025-05-06T09:34:03.000Z,2025-05-06T09:34:03.000Z
74531,"Deiland",2018-03-01,,,Windows PC,,No Status,No Status,Owned,,,Digital,Steam,,0,,,,,,,,,,,,,,,,,,,,,,,,,,,,2025-05-06T09:34:03.000Z,2025-05-06T09:34:03.000Z
194740,"Deliver Us Mars",2023-02-02,,,Windows PC,,Played,Beaten,Owned,,,Digital,Steam,,490,,,,"","",,"",No,,,"",,,,,,,,,"",4,,,,,,,2025-05-06T09:34:03.000Z,2026-08-13T16:49:40.000Z
132164,"Crysis Remastered",2020-07-23,,,Windows PC,,Played,Beaten,Owned,,,Digital,Steam,,620,,,,"","",,"",No,,,"",,,,,,,,,"",7,,,,,,,2025-05-06T09:34:03.000Z,2026-08-13T16:49:32.000Z
24051,"Dear Esther: Landmark Edition",2016-09-20,,,Windows PC,,No Status,No Status,Owned,,,Digital,Steam,,0,,,,,,,,,,,,,,,,,,,,,,,,,,,,2025-05-06T09:34:03.000Z,2025-05-06T09:34:03.000Z
165126,"Crysis 2 Remastered",2021-10-15,,,Windows PC,,Played,Beaten,Owned,,,Digital,Steam,,774,,,,"","",,"",No,,,"",,,,,,,,,"",7,,,,,,,2025-05-06T09:34:03.000Z,2026-08-13T16:49:21.000Z
165127,"Crysis 3 Remastered",2021-10-15,,,Windows PC,,Played,Beaten,Owned,,,Digital,Steam,,726,,,,"","",,"",No,,,"",,,,,,,,,"",7,,,,,,,2025-05-06T09:34:03.000Z,2026-08-14T00:39:37.000Z
244243,"Death Must Die",2023-11-14,,,Windows PC,,Unplayed,Not Started,Owned,,,Digital,Steam,,53,,,,,,,,,,,,,,,,,,,,,,,,,,,,2025-05-06T09:34:03.000Z,2025-05-06T09:34:03.000Z
13365,"Cryptark",2017-06-20,,,Windows PC,,No Status,No Status,Owned,,,Digital,Steam,,0,,,,,,,,,,,,,,,,,,,,,,,,,,,,2025-05-06T09:34:03.000Z,2025-05-06T09:34:03.000Z
6959,"Dark Sector",2008-03-25,,,Windows PC,,No Status,No Status,Owned,,,Digital,Steam,,0,,,,"","",,"",No,,,"",,,,,,,,,"",,,,,,,,2025-05-06T09:34:03.000Z,2025-08-11T18:09:23.000Z
17224,"Deponia: The Complete Journey",2014-06-02,,,Windows PC,,Unplayed,Not Started,Owned,,,Digital,Steam,,303,,,,,,,,,,,,,,,,,,,,,,,,,,,,2025-05-06T09:34:03.000Z,2025-05-06T09:34:03.000Z
5060,"Deponia",2012-08-07,,,,Bundled Game,,Not Started,,,,,,,,,,,,,,,,,,,,,,,,,,,,,,,,,,,2025-05-06T09:34:03.000Z,2025-05-06T09:34:03.000Z
5062,"Chaos on Deponia",2012-11-06,,,,Bundled Game,,Not Started,,,,,,,,,,,,,,,,,,,,,,,,,,,,,,,,,,,2025-05-06T09:34:03.000Z,2025-05-06T09:34:03.000Z
5064,"Goodbye Deponia",2013-10-15,,,,Bundled Game,,Not Started,,,,,,,,,,,,,,,,,,,,,,,,,,,,,,,,,,,2025-05-06T09:34:03.000Z,2025-05-06T09:34:03.000Z
76,"Dragon Age: Origins",2009-11-03,,,Windows PC,,Played,Beaten,Owned,,,Digital,Steam,,334,,,,,,,,,,,,,,,,,,,,,8,,,,,,,2025-05-06T09:36:00.000Z,2025-05-06T09:36:00.000Z
76,"Dragon Age: Origins",2009-11-03,27911,"Dragon Age: Origins - Ultimate Edition",Windows PC,,No Status,No Status,Owned,,,Digital,Steam,,334,,,,,,,,,,,,,,,,,,,,,8,,,,,,,2025-05-06T09:36:00.000Z,2025-05-07T02:38:12.000Z
25358,"Deus Ex: Game of the Year Edition",2001-05-08,,,Windows PC,,Unplayed,Not Started,Owned,,,Digital,Steam,,0,,,,,,,,,,,,,,,,,,,,,,,,,,,,2025-05-06T09:36:00.000Z,2025-05-06T09:36:00.000Z
7966,"Dirt Showdown",2012-05-23,,,Windows PC,,No Status,No Status,Owned,,,Digital,Steam,,0,,,,,,,,,,,,,,,,,,,,,,,,,,,,2025-05-06T09:36:00.000Z,2025-05-06T09:36:00.000Z
42,"Deus Ex: Invisible War",2003-12-02,,,Windows PC,,Unplayed,Not Started,Owned,,,Digital,Steam,,0,,,,,,,,,,,,,,,,,,,,,,,,,,,,2025-05-06T09:36:00.000Z,2025-05-06T09:36:00.000Z
9824,"Disciples III: Renaissance",2009-12-11,,,Windows PC,,Unplayed,Not Started,Owned,,,Digital,Steam,,0,,,,,,,,,,,,,,,,,,,,,,,,,,,,2025-05-06T09:36:00.000Z,2025-05-06T09:36:00.000Z
16276,"Disciples III: Resurrection",2010-12-03,,,Windows PC,,Unplayed,Not Started,Owned,,,Digital,Steam,,0,,,,,,,,,,,,,,,,,,,,,,,,,,,,2025-05-06T09:36:00.000Z,2025-05-06T09:36:00.000Z
671,"Divine Divinity",2002-09-22,,,Windows PC,,Unplayed,Not Started,Owned,,,Digital,Steam,,0,,,,,,,,,,,,,,,,,,,,,,,,,,,,2025-05-06T09:36:00.000Z,2025-05-06T09:36:00.000Z
6358,"Divinity II: Ego Draconis",2009-09-24,,,Windows PC,,Unplayed,Not Started,Owned,,,Digital,Steam,,0,,,,,,,,,,,,,,,,,,,,,,,,,,,,2025-05-06T09:36:00.000Z,2025-05-06T09:36:00.000Z
4759,"Divekick",2013-08-20,,,Windows PC,,No Status,No Status,Owned,,,Digital,Steam,,323,,,,,,,,,,,,,,,,,,,,,,,,,,,,2025-05-06T09:36:00.000Z,2025-05-06T09:36:00.000Z
5968,"Double Dragon Neon",2012-09-11,,,Windows PC,,No Status,No Status,Owned,,,Digital,Steam,,256,,,,,,,,,,,,,,,,,,,,,,,,,,,,2025-05-06T09:36:00.000Z,2025-05-06T09:36:00.000Z
9740,"Deus Ex: Human Revolution - Director's Cut",2013-10-22,,,Windows PC,,Played,Beaten,Owned,,,Digital,Steam,,244,,,,,,,,,,,,,,,,,,,,,6,,,,,,,2025-05-06T09:36:00.000Z,2025-05-06T09:36:00.000Z
9820,"Desert Thunder",2003-11-18,,,Windows PC,,No Status,No Status,Owned,,,Digital,Steam,,0,,,,,,,,,,,,,,,,,,,,,,,,,,,,2025-05-06T09:36:00.000Z,2025-05-06T09:36:00.000Z
5591,"Deus Ex: The Fall",2013-07-10,,,Windows PC,,Unplayed,Not Started,Owned,,,Digital,Steam,,214,,,,,,,,,,,,,,,,,,,,,,,,,,,,2025-05-06T09:36:00.000Z,2025-05-06T09:36:00.000Z
9928,"Dirt Rally",2015-12-07,,,Windows PC,,No Status,No Status,Owned,,,Digital,Steam,,333,,,,,,,,,,,,,,,,,,,,,,,,,,,,2025-05-06T09:36:00.000Z,2025-05-06T09:36:00.000Z
524,"Dirt 3",2011-05-24,47381,"Dirt 3: Complete Edition",Windows PC,,No Status,No Status,Owned,,,Digital,Steam,,211,,,,,,,,,,,,,,,,,,,,,,,,,,,,2025-05-06T09:36:00.000Z,2025-05-06T09:36:00.000Z
18528,"Doodle God",2010-06-23,,,Windows PC,,No Status,No Status,Owned,,,Digital,Steam,,202,,,,,,,,,,,,,,,,,,,,,,,,,,,,2025-05-06T09:36:00.000Z,2025-05-06T09:36:00.000Z
17832,"Don't Starve Together",2016-04-21,,,Windows PC,,Played,Dropped,Owned,,,Digital,Steam,,610,,,,,,,,,,,,,,,,,,,,,,,,,,,,2025-05-06T09:36:00.000Z,2025-05-06T09:36:00.000Z
5082,"Divinity: Original Sin",2014-06-30,,,Windows PC,,Unplayed,Not Started,Owned,,,Digital,Steam,,257,,,,,,,,,,,,,,,,,,,,,,,,,,,,2025-05-06T09:36:00.000Z,2025-05-06T09:36:00.000Z
14177,"Divinity: Original Sin - Enhanced Edition",2015-10-27,,,Windows PC,,Unplayed,Not Started,Owned,,,Digital,Steam,,318,,,,,,,,,,,,,,,,,,,,,,,,,,,,2025-05-06T09:36:00.000Z,2025-05-06T09:36:00.000Z
13664,"Distraint",2015-10-21,,,Windows PC,,No Status,No Status,Owned,,,Digital,Steam,,210,,,,,,,,,,,,,,,,,,,,,,,,,,,,2025-05-06T09:36:00.000Z,2025-05-06T09:36:00.000Z
34392,"Disgaea PC",2016-02-24,,,Windows PC,,Unplayed,Not Started,Owned,,,Digital,Steam,,453,,,,,,,,,,,,,,,,,,,,,,,,,,,,2025-05-06T09:36:00.000Z,2025-05-06T09:36:00.000Z
7351,"Doom",2016-05-12,,,Windows PC,,Played,Dropped,Owned,,,Digital,Steam,,324,,,,,,,,,,,,,,,,,,,,,,,,,,,,2025-05-06T09:36:00.000Z,2025-05-06T09:36:00.000Z
32294,"Disgaea 2 PC",2017-01-30,,,Windows PC,,Unplayed,Not Started,Owned,,,Digital,Steam,,597,,,,,,,,,,,,,,,,,,,,,,,,,,,,2025-05-06T09:36:00.000Z,2025-05-06T09:36:00.000Z
31173,"Domina",2017-04-03,,,Windows PC,,Played,Beaten,Owned,,,Digital,Steam,,513,,,,,,,,,,,,,,,,,,,,,5,,,,,,,2025-05-06T09:36:00.000Z,2025-05-06T09:36:00.000Z
26472,"Disco Elysium",2019-10-15,,,Windows PC,,Unplayed,Not Started,Owned,,,Digital,Steam,,524,,,,"","",,"",No,,,"",,,,,,,,,"",,,,,,,,2025-05-06T09:36:00.000Z,2026-08-10T00:44:05.000Z
55935,"Doki Doki Literature Club!",2017-09-22,,,Windows PC,,Played,Beaten,Owned,,,Digital,Steam,,244,,,,,,,,,,,,,,,,,,,,,7,,,,,,,2025-05-06T09:36:00.000Z,2025-05-06T09:36:00.000Z
26768,"Disgaea 5 Complete",2017-03-03,,,Windows PC,,Unplayed,Not Started,Owned,,,Digital,Steam,,572,,,,,,,,,,,,,,,,,,,,,,,,,,,,2025-05-06T09:36:00.000Z,2025-05-06T09:36:00.000Z
9498,"Deus Ex: Mankind Divided",2016-08-23,,,Windows PC,,Played,Beaten,Owned,,,Digital,Steam,,340,,,,,,,,,,,,,,,,,,,,,7,,,,,,,2025-05-06T09:36:00.000Z,2025-05-06T09:36:00.000Z
105417,"Digimon Survive",2022-07-28,,,Windows PC,,Unplayed,Not Started,Owned,,,Digital,Steam,,0,,,,,,,,,,,,,,,,,,,,,,,,,,,,2025-05-06T09:36:00.000Z,2025-05-06T09:36:00.000Z
115670,"Dissidia Final Fantasy NT: Free Edition",2019-03-12,,,Windows PC,,No Status,No Status,Owned,,,Digital,Steam,,0,,,,,,,,,,,,,,,,,,,,,,,,,,,,2025-05-06T09:36:00.000Z,2025-05-06T09:36:00.000Z
118781,"Die Young: Prologue",2019-06-15,,,Windows PC,,No Status,No Status,Owned,,,Digital,Steam,,0,,,,"","",,"",No,,,"",,,,,,,,,"",,,,,,,,2025-05-06T09:36:00.000Z,2025-08-11T17:48:36.000Z
15705,"Digimon Story: Cyber Sleuth",2015-03-12,120551,"Digimon Story Cyber Sleuth: Complete Edition",Windows PC,,Played,Dropped,Owned,,,Digital,Steam,,17419,,,,,,,,,,,,,,,,,,,,,5,,,,,,,2025-05-06T09:36:00.000Z,2025-05-06T09:36:00.000Z
15924,"Divide By Sheep",2015-07-02,,,Windows PC,,No Status,No Status,Owned,,,Digital,Steam,,0,,,,,,,,,,,,,,,,,,,,,,,,,,,,2025-05-06T09:36:00.000Z,2025-05-06T09:36:00.000Z
103298,"Doom Eternal",2020-03-19,,,Windows PC,,Played,Dropped,Owned,,,Digital,Steam,,383,,,,,,,,,,,,,,,,,,,,,,,,,,,,2025-05-06T09:36:00.000Z,2025-05-06T09:36:00.000Z
25657,"Destiny 2",2017-09-06,,,Windows PC,,Played,Beaten,Owned,,,Digital,Steam,,353,,,,,,,,,,,,,,,,,,,,,5,,,,,,,2025-05-06T09:36:00.000Z,2025-05-06T09:36:00.000Z
119506,"Disgaea 4 Complete+",2019-10-28,,,Windows PC,,Unplayed,Not Started,Owned,,,Digital,Steam,,360,,,,,,,,,,,,,,,,,,,,,,,,,,,,2025-05-06T09:36:00.000Z,2025-05-06T09:36:00.000Z
132334,"Diplomacy is Not an Option",2024-10-04,,,Windows PC,,Unplayed,Not Started,Owned,,,Digital,Steam,,343,,,,,,,,,,,,,,,,,,,,,,,,,,,,2025-05-06T09:36:00.000Z,2025-05-06T09:36:00.000Z
135770,"Devolverland Expo",2020-07-11,,,Windows PC,,No Status,No Status,Owned,,,Digital,Steam,,0,,,,,,,,,,,,,,,,,,,,,,,,,,,,2025-05-06T09:36:00.000Z,2025-05-06T09:36:00.000Z
113311,"Destiny or Fate",2019-11-10,,,Windows PC,,No Status,No Status,Owned,,,Digital,Steam,,0,,,,,,,,,,,,,,,,,,,,,,,,,,,,2025-05-06T09:36:00.000Z,2025-05-06T09:36:00.000Z
74587,"Don't Make Love",2017-10-26,,,Windows PC,,No Status,No Status,Owned,,,Digital,Steam,,0,,,,,,,,,,,,,,,,,,,,,,,,,,,,2025-05-06T09:36:00.000Z,2025-05-06T09:36:00.000Z
76253,"Devil May Cry 5",2019-03-08,,,Windows PC,,Unplayed,Not Started,Owned,,,Digital,Steam,,0,,,,,,,,,,,,,,,,,,,,,,,,,,,,2025-05-06T09:36:00.000Z,2025-05-06T09:36:00.000Z
187445,"Dimension Tripper Neptune: TOP NEP",2022-01-20,,,Windows PC,,Unplayed,Not Started,Owned,,,Digital,Steam,,384,,,,,,,,,,,,,,,,,,,,,,,,,,,,2025-05-06T09:36:00.000Z,2025-05-06T09:36:00.000Z
75056,"Despotism 3k",2018-11-08,,,Windows PC,,No Status,No Status,Owned,,,Digital,Steam,,0,,,,,,,,,,,,,,,,,,,,,,,,,,,,2025-05-06T09:36:00.000Z,2025-05-06T09:36:00.000Z
204408,"DKO: Divine Knockout",2022-12-06,,,Windows PC,,No Status,No Status,Owned,,,Digital,Steam,,0,,,,"","",,"",No,,,"",,,,,,,,,"",,,,,,,,2025-05-06T09:36:00.000Z,2025-08-11T17:48:44.000Z
8998,"Desktop Dungeons",2013-11-07,,,Windows PC,,No Status,No Status,Owned,,,Digital,Steam,,0,,,,,,,,,,,,,,,,,,,,,,,,,,,,2025-05-06T09:36:00.000Z,2025-05-06T09:36:00.000Z
30060,"Distant Space",2016-12-20,,,Windows PC,,No Status,No Status,Owned,,,Digital,Steam,,0,,,,,,,,,,,,,,,,,,,,,,,,,,,,2025-05-06T09:36:00.000Z,2025-05-06T09:36:00.000Z
75007,"Distant Space 2",2017-11-02,,,Windows PC,,No Status,No Status,Owned,,,Digital,Steam,,0,,,,,,,,,,,,,,,,,,,,,,,,,,,,2025-05-06T09:36:00.000Z,2025-05-06T09:36:00.000Z
2963,"Dota 2",2013-07-09,,,Windows PC,,Played,Dropped,Owned,,,Digital,Steam,,190,,,,,,,,,,,,,,,,,,,,,,,,,,,,2025-05-06T09:36:00.000Z,2025-05-06T09:36:00.000Z
90585,"Dracula 4 & 5: Special Steam Edition",2014-05-29,,,Windows PC,,No Status,No Status,Owned,,,Digital,Steam,,0,,,,,,,,,,,,,,,,,,,,,,,,,,,,2025-05-06T09:36:00.000Z,2025-05-06T09:36:00.000Z
9090,"Dracula 4: The Shadow of the Dragon",2013-06-18,,,,Bundled Game,,No Status,,,,,,,,,,,,,,,,,,,,,,,,,,,,,,,,,,,2025-05-06T09:36:00.000Z,2025-05-06T09:36:00.000Z
9094,"Dracula 5: The Blood Legacy",2013-11-02,,,,Bundled Game,,No Status,,,,,,,,,,,,,,,,,,,,,,,,,,,,,,,,,,,2025-05-06T09:36:00.000Z,2025-05-06T09:36:00.000Z
6230,"E.Y.E: Divine Cybermancy",2011-07-29,,,Windows PC,,Unplayed,Not Started,Owned,,,Digital,Steam,,386,,,,,,,,,,,,,,,,,,,,,,,,,,,,2025-05-06T09:37:31.000Z,2025-05-06T09:37:31.000Z
5988,"Dungeon Siege III",2011-06-16,,,Windows PC,,Unplayed,Not Started,Owned,,,Digital,Steam,,0,,,,,,,,,,,,,,,,,,,,,,,,,,,,2025-05-06T09:37:31.000Z,2025-05-06T09:37:31.000Z
1340,"Dustforce DX",2014-10-23,,,Windows PC,,No Status,No Status,Owned,,,Digital,Steam,,348,,,,,,,,,,,,,,,,,,,,,,,,,,,,2025-05-06T09:37:31.000Z,2025-05-06T09:37:31.000Z
4823,"Dream Pinball 3D",2008-04-22,,,Windows PC,,No Status,No Status,Owned,,,Digital,Steam,,272,,,,,,,,,,,,,,,,,,,,,,,,,,,,2025-05-06T09:37:31.000Z,2025-05-06T09:37:31.000Z
23921,"Dragon Nest",2010-03-04,,,Windows PC,,No Status,No Status,Owned,,,Digital,Steam,,0,,,,,,,,,,,,,,,,,,,,,,,,,,,,2025-05-06T09:37:31.000Z,2025-05-06T09:37:31.000Z
26606,"Dungeon Fighter Online",2005-08-01,,,Windows PC,,No Status,No Status,Owned,,,Digital,Steam,,0,,,,,,,,,,,,,,,,,,,,,,,,,,,,2025-05-06T09:37:31.000Z,2025-05-06T09:37:31.000Z
90631,"Dwarfs F2P",2012-10-18,,,Windows PC,,No Status,No Status,Owned,,,Digital,Steam,,0,,,,,,,,,,,,,,,,,,,,,,,,,,,,2025-05-06T09:37:31.000Z,2025-05-06T09:37:31.000Z
15317,"Dungeon Party",2013-02-03,,,Windows PC,,No Status,No Status,Owned,,,Digital,Steam,,0,,,,,,,,,,,,,,,,,,,,,,,,,,,,2025-05-06T09:37:31.000Z,2025-05-06T09:37:31.000Z
2017,"Dungeonland",2013-01-29,,,Windows PC,,No Status,No Status,Owned,,,Digital,Steam,,0,,,,,,,,,,,,,,,,,,,,,,,,,,,,2025-05-06T09:37:31.000Z,2025-05-06T09:37:31.000Z
16356,"Drunken Robot Pornography",2014-01-03,,,Windows PC,,No Status,No Status,Owned,,,Digital,Steam,,184,,,,,,,,,,,,,,,,,,,,,,,,,,,,2025-05-06T09:37:31.000Z,2025-05-06T09:37:31.000Z
9269,"Dungeon Siege II",2005-08-16,,,Windows PC,,Unplayed,Not Started,Owned,,,Digital,Steam,,0,,,,,,,,,,,,,,,,,,,,,,,,,,,,2025-05-06T09:37:31.000Z,2025-05-06T09:37:31.000Z
329,"Dungeon Siege",2002-04-05,,,Windows PC,,Unplayed,Not Started,Owned,,,Digital,Steam,,0,,,,"","",,"",No,,,"",,,,,,,,,"The Steam version is currently unplayable due to numerous bugs.",,,,,,,,2025-05-06T09:37:31.000Z,2026-08-10T08:51:06.000Z
30238,"Earth 2150 Trilogy",2013-11-01,,,Windows PC,,No Status,No Status,Owned,,,Digital,Steam,,332,,,,,,,,,,,,,,,,,,,,,,,,,,,,2025-05-06T09:37:31.000Z,2025-05-06T09:37:31.000Z
8933,"Earth 2150: The Moon Project",2000-05-22,,,Windows PC,,No Status,No Status,Owned,,,Digital,Steam,,0,,,,,,,,,,,,,,,,,,,,,,,,,,,,2025-05-06T09:37:31.000Z,2025-05-06T09:37:31.000Z
8934,"Earth 2150: Lost Souls",2001-12-05,,,Windows PC,,No Status,No Status,Owned,,,Digital,Steam,,0,,,,,,,,,,,,,,,,,,,,,,,,,,,,2025-05-06T09:37:31.000Z,2025-05-06T09:37:31.000Z
2013,"East India Company",2009-07-28,,,Windows PC,,No Status,No Status,Owned,,,Digital,Steam,,0,,,,"","",,"",No,,,"",,,,,,,,,"",,,,,,,,2025-05-06T09:37:31.000Z,2025-08-11T17:49:14.000Z
9767,"Dungeons 2",2015-04-24,,,Windows PC,,Played,Beaten,Owned,,,Digital,Steam,,331,,,,,,,,,,,,,,,,,,,,,5,,,,,,,2025-05-06T09:37:31.000Z,2025-05-06T09:37:31.000Z
36272,"Eden*",2015-01-30,,,Windows PC,,No Status,No Status,Owned,,,Digital,Steam,,294,,,,,,,,,,,,,,,,,,,,,,,,,,,,2025-05-06T09:37:31.000Z,2025-05-06T09:37:31.000Z
36108,"Dream of Mirror Online",2015-08-14,,,Windows PC,,No Status,No Status,Owned,,,Digital,Steam,,0,,,,,,,,,,,,,,,,,,,,,,,,,,,,2025-05-06T09:37:31.000Z,2025-05-06T09:37:31.000Z
35972,"Elements: Soul of Fire",2015-01-12,,,Windows PC,,No Status,No Status,Owned,,,Digital,Steam,,228,,,,,,,,,,,,,,,,,,,,,,,,,,,,2025-05-06T09:37:31.000Z,2025-05-06T09:37:31.000Z
7408,"Dragon Ball: Xenoverse",2015-02-05,,,Windows PC,,Played,Completed,Owned,,,Digital,Steam,,3117,,,,"","",,"",No,,,"",,,,,,,,,"",5,,,,,,,2025-05-06T09:37:31.000Z,2025-05-09T09:32:53.000Z
957,"Duke Nukem",1991-07-01,,,Windows PC,,No Status,No Status,Owned,,,Digital,Steam,,0,,,,,,,,,,,,,,,,,,,,,,,,,,,,2025-05-06T09:37:31.000Z,2025-05-06T09:37:31.000Z
956,"Duke Nukem II",1993-12-03,,,Windows PC,,No Status,No Status,Owned,,,Digital,Steam,,0,,,,,,,,,,,,,,,,,,,,,,,,,,,,2025-05-06T09:37:31.000Z,2025-05-06T09:37:31.000Z
8505,"Duke Nukem: Manhattan Project",2002-05-14,,,Windows PC,,No Status,No Status,Owned,,,Digital,Steam,,0,,,,,,,,,,,,,,,,,,,,,,,,,,,,2025-05-06T09:37:31.000Z,2025-05-06T09:37:31.000Z
342,"Duke Nukem 3D",1996-04-19,,,Windows PC,,No Status,No Status,Owned,,,Digital,Steam,,0,,,,,,,,,,,,,,,,,,,,,,,,,,,,2025-05-06T09:37:31.000Z,2025-05-06T09:37:31.000Z
16300,"Dragon's Dogma: Dark Arisen",2013-04-23,,,Windows PC,,Played,Dropped,Owned,,,Digital,Steam,,693,,,,,,,,,,,,,,,,,,,,,,,,,,,,2025-05-06T09:37:31.000Z,2025-05-06T09:37:31.000Z
34935,"Dungeon Nightmares II: The Memory",2015-09-14,,,Windows PC,,No Status,No Status,Owned,,,Digital,Steam,,0,,,,,,,,,,,,,,,,,,,,,,,,,,,,2025-05-06T09:37:31.000Z,2025-05-06T09:37:31.000Z
34742,"Egyptian Senet",2015-08-20,,,Windows PC,,No Status,No Status,Owned,,,Digital,Steam,,0,,,,,,,,,,,,,,,,,,,,,,,,,,,,2025-05-06T09:37:31.000Z,2025-05-06T09:37:31.000Z
11002,"Earth Defense Force 4.1: The Shadow of New Despair",2015-04-02,,,Windows PC,,Played,Beaten,Owned,,,Digital,Steam,,2006,,,,,,,,,,,,,,,,,,,,,6,,,,,,,2025-05-06T09:37:31.000Z,2025-05-06T09:37:31.000Z
11567,"Elex",2017-10-17,,,Windows PC,,Unplayed,Not Started,Owned,,,Digital,Steam,,166,,,,,,,,,,,,,,,,,,,,,,,,,,,,2025-05-06T09:37:31.000Z,2025-05-06T09:37:31.000Z
3042,"Dying Light",2015-01-26,,,Windows PC,,Played,Beaten,Owned,,,Digital,Steam,,762,,,,,,,,,,,,,,,,,,,,,6,,,,,,,2025-05-06T09:37:31.000Z,2025-05-06T09:37:31.000Z
17396,"Eastside Hockey Manager",2015-02-04,,,Windows PC,,No Status,No Status,Owned,,,Digital,Steam,,0,,,,,,,,,,,,,,,,,,,,,,,,,,,,2025-05-06T09:37:31.000Z,2025-05-06T09:37:31.000Z
32530,"Drunk Wizards",2016-06-06,,,Windows PC,,No Status,No Status,Owned,,,Digital,Steam,,0,,,,,,,,,,,,,,,,,,,,,,,,,,,,2025-05-06T09:37:31.000Z,2025-05-06T09:37:31.000Z
19449,"Dragon Ball: Xenoverse 2",2016-10-25,,,Windows PC,,Played,Completed,Owned,,,Digital,Steam,,7174,,,,"","",,"",No,,,"",,,,,,,,,"",7,,,,,,,2025-05-06T09:37:31.000Z,2025-05-09T09:32:04.000Z
57020,"Earth Defense Force 4.1: Wing Diver the Shooter",2017-11-22,,,Windows PC,,No Status,No Status,Owned,,,Digital,Steam,,367,,,,,,,,,,,,,,,,,,,,,,,,,,,,2025-05-06T09:37:31.000Z,2025-05-06T09:37:31.000Z
38788,"Dragonia",2017-05-29,,,Windows PC,,No Status,No Status,Owned,,,Digital,Steam,,333,,,,,,,,,,,,,,,,,,,,,,,,,,,,2025-05-06T09:37:31.000Z,2025-05-06T09:37:31.000Z
36911,"Dragon Ball FighterZ",2018-01-26,,,Windows PC,,Unplayed,Not Started,Owned,,,Digital,Steam,,423,,,,,,,,,,,,,,,,,,,,,,,,,,,,2025-05-06T09:37:31.000Z,2025-05-06T09:37:31.000Z
7719,"Eador: Masters of the Broken World",2013-04-19,,,Windows PC,,No Status,No Status,Owned,,,Digital,Steam,,319,,,,,,,,,,,,,,,,,,,,,,,,,,,,2025-05-06T09:37:31.000Z,2025-05-06T09:37:31.000Z
109434,"Dusk Diver",2019-10-23,,,Windows PC,,Unplayed,Not Started,Owned,,,Digital,Steam,,341,,,,,,,,,,,,,,,,,,,,,,,,,,,,2025-05-06T09:37:31.000Z,2025-05-06T09:37:31.000Z
26546,"Dynasty Warriors 9",2018-02-08,,,Windows PC,,Unplayed,Not Started,Owned,,,Digital,Steam,,0,,,,,,,,,,,,,,,,,,,,,,,,,,,,2025-05-06T09:37:31.000Z,2025-05-06T09:37:31.000Z
27283,"Earth Defense Force 5",2017-12-07,,,Windows PC,,Unplayed,Not Started,Owned,,,Digital,Steam,,1370,,,,,,,,,,,,,,,,,,,,,,,,,,,,2025-05-06T09:37:31.000Z,2025-05-06T09:37:31.000Z
114009,"Dragon Ball Z: Kakarot",2020-01-17,,,Windows PC,,Unplayed,Not Started,Owned,,,Digital,Steam,,571,,,,"","",,"",No,,,"",,,,,,,,,"",,,,,,,,2025-05-06T09:37:31.000Z,2025-05-11T05:48:19.000Z
144352,"Dragon Ball Z: Kakarot - Trunks: The Warrior Of Hope",2021-06-10,,,,DLC / Expansion,,Not Started,,,,,,,0,,,,,,,,,,,,,,,,,,,,,,,,,,,,2025-05-11T05:48:19.000Z,2025-05-11T05:48:19.000Z
119133,"Elden Ring",2022-02-25,,,Windows PC,,Played,Completed,Owned,,,Digital,Steam,,8835,,,,"","",,"",No,,,"",,,,,,,,,"",9,,,,,,,2025-05-06T09:37:31.000Z,2025-05-09T09:29:40.000Z
19083,"Drawful 2",2016-06-21,,,Windows PC,,No Status,No Status,Owned,,,Digital,Steam,,0,,,,,,,,,,,,,,,,,,,,,,,,,,,,2025-05-06T09:37:31.000Z,2025-05-06T09:37:31.000Z
86201,"Drop",2019-05-09,,,Windows PC,,No Status,No Status,Owned,,,Digital,Steam,,0,,,,,,,,,,,,,,,,,,,,,,,,,,,,2025-05-06T09:37:31.000Z,2025-05-06T09:37:31.000Z
110069,"Dragon Quest XI S: Echoes of an Elusive Age - Definitive Edition",2019-09-27,,,Windows PC,,Played,Beaten,Owned,,,Digital,Steam,,4762,,,,,,,,,,,,,,,,,,,,,7,,,,,,,2025-05-06T09:37:31.000Z,2025-05-06T09:37:31.000Z
139078,"Dyson Sphere Program",2021-01-21,,,Windows PC,,Unplayed,Not Started,Owned,,,Digital,Steam,,7,,,,,,,,,,,,,,,,,,,,,,,,,,,,2025-05-06T09:37:31.000Z,2025-05-06T09:37:31.000Z
212311,"El Shaddai: Ascension of the Metatron",2021-09-02,,,Windows PC,,Unplayed,Not Started,Owned,,,Digital,Steam,,0,,,,,,,,,,,,,,,,,,,,,,,,,,,,2025-05-06T09:37:31.000Z,2025-05-06T09:37:31.000Z
137451,"Eiyuden Chronicle: Hundred Heroes",2024-04-23,,,Windows PC,,Unplayed,Not Started,Owned,,,Digital,Steam,,0,,,,,,,,,,,,,,,,,,,,,,,,,,,,2025-05-06T09:37:31.000Z,2025-05-06T09:37:31.000Z
15150,"Fallen Earth",2009-09-22,,,Windows PC,,No Status,No Status,Owned,,,Digital,Steam,,0,,,,,,,,,,,,,,,,,,,,,,,,,,,,2025-05-06T09:39:13.000Z,2025-05-06T09:39:13.000Z
18293,"EverQuest II",2004-11-08,,,Windows PC,,No Status,No Status,Owned,,,Digital,Steam,,0,,,,,,,,,,,,,,,,,,,,,,,,,,,,2025-05-06T09:39:13.000Z,2025-05-06T09:39:13.000Z
282,"EverQuest",1999-03-16,,,Windows PC,,No Status,No Status,Owned,,,Digital,Steam,,0,,,,,,,,,,,,,,,,,,,,,,,,,,,,2025-05-06T09:39:13.000Z,2025-05-06T09:39:13.000Z
1991,"Fez",2012-04-13,,,Windows PC,,No Status,No Status,Owned,,,Digital,Steam,,0,,,,,,,,,,,,,,,,,,,,,,,,,,,,2025-05-06T09:39:13.000Z,2025-05-06T09:39:13.000Z
392808,"Final Fantasy VII",2012-08-14,,,Windows PC,,Unplayed,Not Started,Owned,,,Digital,Steam,,0,,,,,,,,,,,,,,,,,,,,,,,,,,,,2025-05-06T09:39:13.000Z,2026-02-25T23:07:56.000Z
1345,"Enclave",2002-03-10,,,Windows PC,,Unplayed,Not Started,Owned,,,Digital,Steam,,213,,,,,,,,,,,,,,,,,,,,,,,,,,,,2025-05-06T09:39:13.000Z,2025-05-06T09:39:13.000Z
10279,"Ethan: Meteor Hunter",2013-10-22,,,Windows PC,,No Status,No Status,Owned,,,Digital,Steam,,228,,,,,,,,,,,,,,,,,,,,,,,,,,,,2025-05-06T09:39:13.000Z,2025-05-06T09:39:13.000Z
36421,"FaeVerse Alchemy",2024-09-11,,,Windows PC,,No Status,No Status,Owned,,,Digital,Steam,,482,,,,,,,,,,,,,,,,,,,,,,,,,,,,2025-05-06T09:39:13.000Z,2025-05-06T09:39:13.000Z
10528,"Fault Milestone One",2013-08-09,,,Windows PC,,No Status,No Status,Owned,,,Digital,Steam,,212,,,,,,,,,,,,,,,,,,,,,,,,,,,,2025-05-06T09:39:13.000Z,2025-05-06T09:39:13.000Z
9272,"F1 2015",2015-06-12,,,Windows PC,,No Status,No Status,Owned,,,Digital,Steam,,464,,,,,,,,,,,,,,,,,,,,,,,,,,,,2025-05-06T09:39:13.000Z,2025-05-06T09:39:13.000Z
7658,"Fable Anniversary",2014-02-04,,,Windows PC,,No Status,No Status,Owned,,,Digital,Steam,,226,,,,"","",,"",No,,,"",,,,,,,,,"",,,,,,,,2025-05-06T09:39:13.000Z,2025-05-06T12:38:34.000Z
380634,"Final Fantasy IV",2012-12-20,,,Windows PC,,Unplayed,Not Started,Owned,,,Digital,Steam,,197,,,,,,,,,,,,,,,,,,,,,,,,,,,,2025-05-06T09:39:13.000Z,2026-02-03T12:10:47.000Z
681,"Europa 1400: The Guild",2002-03-01,29208,"The Guild: Gold Edition",Windows PC,,No Status,No Status,Owned,,,Digital,Steam,,0,,,,,,,,,,,,,,,,,,,,,,,,,,,,2025-05-06T09:39:13.000Z,2025-05-06T09:39:13.000Z
7399,"Final Fantasy Type-0 HD",2015-03-17,,,Windows PC,,Unplayed,Not Started,Owned,,,Digital,Steam,,288,,,,,,,,,,,,,,,,,,,,,,,,,,,,2025-05-06T09:39:13.000Z,2025-05-06T09:39:13.000Z
9893,"Fairy Fencer F",2013-10-10,,,Windows PC,,No Status,No Status,Owned,,,Digital,Steam,,333,,,,"","",,"",No,,,"",,,,,,,,,"",,,,,,,,2025-05-06T09:39:13.000Z,2026-07-15T06:04:38.000Z
11798,"Evoland 2",2015-08-25,,,Windows PC,,No Status,No Status,Owned,,,Digital,Steam,,9,,,,,,,,,,,,,,,,,,,,,,,,,,,,2025-05-06T09:39:13.000Z,2025-05-06T09:39:13.000Z
146022,"Final Fantasy IV: The After Years",2013-11-24,,,Windows PC,,Unplayed,Not Started,Owned,,,Digital,Steam,,148,,,,,,,,,,,,,,,,,,,,,,,,,,,,2025-05-06T09:39:13.000Z,2025-05-06T09:39:13.000Z
35113,"Energy Balance",2015-07-02,,,Windows PC,,No Status,No Status,Owned,,,Digital,Steam,,292,,,,,,,,,,,,,,,,,,,,,,,,,,,,2025-05-06T09:39:13.000Z,2025-05-06T09:39:13.000Z
19249,"Empyrion: Galactic Survival",2020-08-05,,,Windows PC,,Played,Dropped,Owned,,,Digital,Steam,,74,,,,,,,,,,,,,,,,,,,,,,,,,,,,2025-05-06T09:39:13.000Z,2025-05-06T09:39:13.000Z
14172,"Everspace",2017-05-25,,,Windows PC,,No Status,No Status,Owned,,,Digital,Steam,,292,,,,,,,,,,,,,,,,,,,,,,,,,,,,2025-05-06T09:39:13.000Z,2025-05-06T09:39:13.000Z
14395,"Else Heart.Break()",2015-09-24,,,Windows PC,,No Status,No Status,Owned,,,Digital,Steam,,0,,,,,,,,,,,,,,,,,,,,,,,,,,,,2025-05-06T09:39:13.000Z,2025-05-06T09:39:13.000Z
34202,"Energy Cycle",2016-01-13,,,Windows PC,,No Status,No Status,Owned,,,Digital,Steam,,224,,,,,,,,,,,,,,,,,,,,,,,,,,,,2025-05-06T09:39:13.000Z,2025-05-06T09:39:13.000Z
7046,"Factorio",2020-08-14,,,Windows PC,,Unplayed,Not Started,Owned,,,Digital,Steam,,735,,,,,,,,,,,,,,,,,,,,,,,,,,,,2025-05-06T09:39:13.000Z,2025-05-06T09:39:13.000Z
16280,"Endorlight",2016-04-26,,,Windows PC,,No Status,No Status,Owned,,,Digital,Steam,,270,,,,,,,,,,,,,,,,,,,,,,,,,,,,2025-05-06T09:39:13.000Z,2025-05-06T09:39:13.000Z
11502,"Fairy Fencer F: Advent Dark Force",2015-11-05,,,Windows PC,,Unplayed,Not Started,Owned,,,Digital,Steam,,453,,,,,,,,,,,,,,,,,,,,,,,,,,,,2025-05-06T09:39:13.000Z,2025-05-06T09:39:13.000Z
2584,"Eve Online",2003-05-06,,,Windows PC,,No Status,No Status,Owned,,,Digital,Steam,,0,,,,,,,,,,,,,,,,,,,,,,,,,,,,2025-05-06T09:39:13.000Z,2025-05-06T09:39:13.000Z
9634,"Endless Space",2012-07-04,,,Windows PC,,Unplayed,Not Started,Owned,,,Digital,Steam,,315,,,,,,,,,,,,,,,,,,,,,,,,,,,,2025-05-06T09:39:13.000Z,2025-05-06T09:39:13.000Z
11550,"Endless Space 2",2017-05-18,,,Windows PC,,Unplayed,Not Started,Owned,,,Digital,Steam,,843,,,,,,,,,,,,,,,,,,,,,,,,,,,,2025-05-06T09:39:13.000Z,2025-05-06T09:39:13.000Z
9630,"Fallout 4",2015-11-09,,,Windows PC,,No Status,No Status,Owned,,,Digital,Steam,,87,,,,"","",,"",No,,,"",,,,,,,,,"",,,,,,,,2025-05-06T09:39:13.000Z,2025-08-11T17:46:03.000Z
65795,"Elise the Devil",2017-10-12,,,Windows PC,,No Status,No Status,Owned,,,Digital,Steam,,263,,,,,,,,,,,,,,,,,,,,,,,,,,,,2025-05-06T09:39:13.000Z,2025-05-06T09:39:13.000Z
13,"Fallout: A Post Nuclear Role Playing Game",1997-10-10,,,Windows PC,,No Status,No Status,Owned,,,Digital,Steam,,0,,,,"","",,"",No,,,"",,,,,,,,,"",,,,,,,,2025-05-06T09:39:13.000Z,2025-08-11T17:46:14.000Z
83486,"Fable of the Sword",2018-02-08,,,Windows PC,,No Status,No Status,Owned,,,Digital,Steam,,0,,,,,,,,,,,,,,,,,,,,,,,,,,,,2025-05-06T09:39:13.000Z,2025-05-06T09:39:13.000Z
101439,"F1 2018",2018-08-24,,,Windows PC,,No Status,No Status,Owned,,,Digital,Steam,,0,,,,,,,,,,,,,,,,,,,,,,,,,,,,2025-05-06T09:39:13.000Z,2025-05-06T09:39:13.000Z
31834,"Evolvation",2017-02-06,,,Windows PC,,No Status,No Status,Owned,,,Digital,Steam,,325,,,,,,,,,,,,,,,,,,,,,,,,,,,,2025-05-06T09:39:13.000Z,2025-05-06T09:39:13.000Z
142688,"Farthest Frontier",2025-10-23,,,Windows PC,,Unplayed,Not Started,Owned,,,Digital,Steam,,141,,,,"","",,"",No,,,"",,,,,,,,,"",,,,,,,,2025-05-06T09:39:13.000Z,2025-05-06T12:39:38.000Z
2955,"Elite: Dangerous",2014-12-16,,,Windows PC,,Played,Dropped,Owned,,,Digital,Steam,,1266,,,,,,,,,,,,,,,,,,,,,4,,,,,,,2025-05-06T09:39:14.000Z,2025-05-06T09:39:14.000Z
9233,"Fearless Fantasy",2014-05-15,,,Windows PC,,No Status,No Status,Owned,,,Digital,Steam,,0,,,,,,,,,,,,,,,,,,,,,,,,,,,,2025-05-06T09:39:14.000Z,2025-05-06T09:39:14.000Z
119313,"Fall Guys",2020-08-04,,,Windows PC,,No Status,No Status,Owned,,,Digital,Steam,,115,,,,"","",,"",No,,,"",,,,,,,,,"",,,,,,,,2025-05-06T09:39:14.000Z,2025-05-06T15:07:01.000Z
3081,"Evil Genius",2004-09-28,,,Windows PC,,No Status,No Status,Owned,,,Digital,Steam,,0,,,,,,,,,,,,,,,,,,,,,,,,,,,,2025-05-06T09:39:14.000Z,2025-05-06T09:39:14.000Z
103256,"Escape from Tethys",2018-07-12,,,Windows PC,,No Status,No Status,Owned,,,Digital,Steam,,0,,,,,,,,,,,,,,,,,,,,,,,,,,,,2025-05-06T09:39:14.000Z,2025-05-06T09:39:14.000Z
140043,"Endless Zone",2020-10-16,,,Windows PC,,No Status,No Status,Owned,,,Digital,Steam,,0,,,,,,,,,,,,,,,,,,,,,,,,,,,,2025-05-06T09:39:14.000Z,2025-05-06T09:39:14.000Z
203367,"Eternights",2023-09-12,,,Windows PC,,Unplayed,Not Started,Owned,,,Digital,Steam,,0,,,,,,,,,,,,,,,,,,,,,,,,,,,,2025-05-06T09:39:14.000Z,2025-05-06T09:39:14.000Z
44074,"Evil Genius 2: World Domination",2021-03-30,,,Windows PC,,Played,Dropped,Owned,,,Digital,Steam,,957,,,,"","",,"",No,,,"",,,,,,,,,"",3,,,,,,,2025-05-06T09:39:14.000Z,2025-05-06T15:51:18.000Z
104970,"En Garde!",2023-08-16,,,Windows PC,,Played,Beaten,Owned,,,Digital,Steam,,162,,,,,,,,,,,,,,,,,,,,,6,,,,,,,2025-05-06T09:39:14.000Z,2025-05-06T09:39:14.000Z
158984,"Final Fantasy V",2021-11-10,,,Windows PC,,Unplayed,Not Started,Owned,,,Digital,Steam,,57,,,,,,,,,,,,,,,,,,,,,,,,,,,,2025-05-06T09:39:14.000Z,2025-05-06T09:39:14.000Z
158985,"Final Fantasy VI",2022-02-23,,,Windows PC,,Played,Beaten,Owned,,,Digital,Steam,,3042,,,,,,,,,,,,,,,,,,,,,8,,,,,,,2025-05-06T09:39:14.000Z,2025-05-06T09:39:14.000Z
20329,"Figment",2017-09-22,,,Windows PC,,No Status,No Status,Owned,,,Digital,Steam,,0,,,,,,,,,,,,,,,,,,,,,,,,,,,,2025-05-06T09:39:14.000Z,2025-05-06T09:39:14.000Z
65835,"Field of Glory II",2017-10-12,,,Windows PC,,No Status,No Status,Owned,,,Digital,Steam,,0,,,,,,,,,,,,,,,,,,,,,,,,,,,,2025-05-06T09:39:14.000Z,2025-05-06T09:39:14.000Z
9278,"Endless Legend",2014-09-18,,,Windows PC,,Unplayed,Not Started,Owned,,,Digital,Steam,,0,,,,,,,,,,,,,,,,,,,,,,,,,,,,2025-05-06T09:39:14.000Z,2025-05-06T09:39:14.000Z
114910,"Evoland Legendary Edition",2019-02-07,,,Windows PC,,No Status,No Status,Owned,,,Digital,Steam,,1,,,,,,,,,,,,,,,,,,,,,,,,,,,,2025-05-06T09:39:14.000Z,2025-05-06T09:39:14.000Z
2029,"Evoland",2013-04-04,,,,Bundled Game,,No Status,,,,,,,,,,,,,,,,,,,,,,,,,,,,,,,,,,,2025-05-06T09:39:14.000Z,2025-05-06T09:39:14.000Z
11798,"Evoland 2",2015-08-25,,,,Bundled Game,,No Status,,,,,,,,,,,,,,,,,,,,,,,,,,,,,,,,,,,2025-05-06T09:39:14.000Z,2025-05-06T09:39:14.000Z
2668,"FlatOut 2",2006-06-30,,,Windows PC,,Played,Beaten,Owned,,,Digital,Steam,,0,,,,,,,,,,,,,,,,,,,,,8,,,,,,,2025-05-06T09:41:06.000Z,2025-05-06T09:41:06.000Z
726,"Ghost Master",2003-05-23,,,Windows PC,,No Status,No Status,Owned,,,Digital,Steam,,21,,,,,,,,,,,,,,,,,,,,,,,,,,,,2025-05-06T09:41:06.000Z,2025-05-06T09:41:06.000Z
2667,"FlatOut",2004-11-05,,,Windows PC,,Played,Beaten,Owned,,,Digital,Steam,,0,,,,,,,,,,,,,,,,,,,,,6,,,,,,,2025-05-06T09:41:06.000Z,2025-05-06T09:41:06.000Z
3777,"FlatOut: Ultimate Carnage",2007-07-22,,,Windows PC,,No Status,No Status,Owned,,,Digital,Steam,,0,,,,,,,,,,,,,,,,,,,,,,,,,,,,2025-05-06T09:41:06.000Z,2025-05-06T09:41:06.000Z
16047,"Flora's Fruit Farm",2009-09-04,,,Windows PC,,No Status,No Status,Owned,,,Digital,Steam,,0,,,,,,,,,,,,,,,,,,,,,,,,,,,,2025-05-06T09:41:06.000Z,2025-05-06T09:41:06.000Z
1508,"Front Mission Evolved",2010-09-16,,,Windows PC,,No Status,No Status,Owned,,,Digital,Steam,,0,,,,,,,,,,,,,,,,,,,,,,,,,,,,2025-05-06T09:41:06.000Z,2025-05-06T09:41:06.000Z
21353,"Galactic Civilizations II: Endless Universe",2008-09-26,,,Windows PC,,No Status,No Status,Owned,,,Digital,Steam,,358,,,,,,,,,,,,,,,,,,,,,,,,,,,,2025-05-06T09:41:06.000Z,2025-05-06T09:41:06.000Z
25471,"Galaxy on Fire 2 Full HD",2011-08-24,,,Windows PC,,No Status,No Status,Owned,,,Digital,Steam,,0,,,,,,,,,,,,,,,,,,,,,,,,,,,,2025-05-06T09:41:06.000Z,2025-05-06T09:41:06.000Z
12526,"Fortune Summoners: Secret of the Elemental Stone",2009-06-18,,,Windows PC,,Unplayed,Not Started,Owned,,,Digital,Steam,,0,,,,,,,,,,,,,,,,,,,,,,,,,,,,2025-05-06T09:41:06.000Z,2025-05-06T09:41:06.000Z
10344,"Galactic Civilizations",2003-03-26,29769,"Galactic Civilizations I: Ultimate Edition",Windows PC,,No Status,No Status,Owned,,,Digital,Steam,,0,,,,,,,,,,,,,,,,,,,,,,,,,,,,2025-05-06T09:41:06.000Z,2025-05-06T09:41:06.000Z
411,"Final Fantasy XI Online",2002-05-16,90563,"Final Fantasy XI: Ultimate Collection - Seekers Edition",Windows PC,,No Status,No Status,Owned,,,Digital,Steam,,0,,,,"","",,"",No,,,"",,,,,,,,,"",,,,,,,,2025-05-06T09:41:06.000Z,2026-05-26T12:41:11.000Z
2248,"Frozen Synapse",2011-05-26,,,Windows PC,,No Status,No Status,Owned,,,Digital,Steam,,247,,,,,,,,,,,,,,,,,,,,,,,,,,,,2025-05-06T09:41:06.000Z,2025-05-06T09:41:06.000Z
2599,"Game Dev Tycoon",2012-12-10,,,Windows PC,,Played,Beaten,Owned,,,Digital,Steam,,395,,,,,,,,,,,,,,,,,,,,,4,,,,,,,2025-05-06T09:41:06.000Z,2025-05-06T09:41:06.000Z
16692,"Fotonica",2011-07-17,,,Windows PC,,No Status,No Status,Owned,,,Digital,Steam,,391,,,,,,,,,,,,,,,,,,,,,,,,,,,,2025-05-06T09:41:06.000Z,2025-05-06T09:41:06.000Z
386,"Final Fantasy XIV Online",2013-08-27,,,Windows PC,,Played,Continuous,Owned,,,Digital,Steam,,215702,,,,"","",,"",No,,,"",,,,,,,,,"",9,,,,,,,2025-05-06T09:41:06.000Z,2025-05-08T05:54:38.000Z
14723,"Final Fantasy XIV: Heavensward",2015-06-23,,,,DLC / Expansion,,Beaten,,,,,,,,,,,,,,,,,,,,,,,,,,,,,,,,,,,2025-05-07T20:04:30.000Z,2025-05-08T05:54:38.000Z
26625,"Final Fantasy XIV: Stormblood",2017-06-20,,,,DLC / Expansion,,Beaten,,,,,,,,,,,,,,,,,,,,,,,,,,,,,,,,,,,2025-05-07T20:04:30.000Z,2025-05-08T05:54:38.000Z
112412,"Final Fantasy XIV: Shadowbringers",2019-07-02,,,,DLC / Expansion,,Beaten,,,,,,,,,,,,,,,,,,,,,,,,,,,,,,,,,,,2025-05-07T20:04:30.000Z,2025-05-08T05:54:38.000Z
143232,"Final Fantasy XIV: Endwalker",2021-12-07,,,,DLC / Expansion,,Beaten,,,,,,,,,,,,,,,,,,,,,,,,,,,,,,,,,,,2025-05-07T20:04:30.000Z,2025-05-08T05:54:38.000Z
259338,"Final Fantasy XIV: Dawntrail",2024-07-02,,,,DLC / Expansion,,Continuous,,,,,,,,,,,,,,,,,,,,,,,,,,,,,,,,,,,2025-05-07T20:04:30.000Z,2025-05-08T05:54:38.000Z
203538,"Final Fantasy VIII",2013-12-05,,,Windows PC,,No Status,No Status,Owned,,,Digital,Steam,,1,,,,,,,,,,,,,,,,,,,,,,,,,,,,2025-05-06T09:41:06.000Z,2025-05-06T09:41:06.000Z
16521,"Frozen Cortex",2014-12-31,,,Windows PC,,No Status,No Status,Owned,,,Digital,Steam,,3,,,,,,,,,,,,,,,,,,,,,,,,,,,,2025-05-06T09:41:06.000Z,2025-05-06T09:41:06.000Z
384,"Final Fantasy XIII-2",2011-12-15,,,Windows PC,,Played,Beaten,Owned,,,Digital,Steam,,3714,,,,,,,,,,,,,,,,,,,,,8,,,,,,,2025-05-06T09:41:06.000Z,2025-05-06T09:41:06.000Z
17501,"Fist of Awesome",2013-10-15,,,Windows PC,,No Status,No Status,Owned,,,Digital,Steam,,0,,,,,,,,,,,,,,,,,,,,,,,,,,,,2025-05-06T09:41:06.000Z,2025-05-06T09:41:06.000Z
3013,"FireFall",2013-07-09,,,Windows PC,,Played,Beaten,Owned,,,Digital,Steam,,11166,,,,,,,,,,,,,,,,,,,,,7,,,,,,,2025-05-06T09:41:06.000Z,2025-05-06T09:41:06.000Z
389,"Final Fantasy XIII",2009-12-17,,,Windows PC,,Played,Beaten,Owned,,,Digital,Steam,,3734,,,,,,,,,,,,,,,,,,,,,7,,,,,,,2025-05-06T09:41:06.000Z,2025-05-06T09:41:06.000Z
23248,"Frostpunk",2018-04-24,,,Windows PC,,Unplayed,Not Started,Owned,,,Digital,Steam,,315,,,,,,,,,,,,,,,,,,,,,,,,,,,,2025-05-06T09:41:06.000Z,2025-05-06T09:41:06.000Z
20044,"Gauntlet: Slayer Edition",2015-08-11,,,Windows PC,,No Status,No Status,Owned,,,Digital,Steam,,192,,,,,,,,,,,,,,,,,,,,,,,,,,,,2025-05-06T09:41:06.000Z,2025-05-06T09:41:06.000Z
19932,"Gemini: Heroes Reborn",2016-01-18,,,Windows PC,,No Status,No Status,Owned,,,Digital,Steam,,0,,,,,,,,,,,,,,,,,,,,,,,,,,,,2025-05-06T09:41:06.000Z,2025-05-06T09:41:06.000Z
17026,"Furi",2016-07-05,,,Windows PC,,Unplayed,Not Started,Owned,,,Digital,Steam,,316,,,,,,,,,,,,,,,,,,,,,,,,,,,,2025-05-06T09:41:06.000Z,2025-05-06T09:41:06.000Z
9815,"Fractured Space",2016-09-22,,,Windows PC,,No Status,No Status,Owned,,,Digital,Steam,,32,,,,,,,,,,,,,,,,,,,,,,,,,,,,2025-05-06T09:41:06.000Z,2025-05-06T09:41:06.000Z
35255,"Ghost in the Shell: Stand Alone Complex - First Assault Online",2016-07-28,,,Windows PC,,No Status,No Status,Owned,,,Digital,Steam,,677,,,,,,,,,,,,,,,,,,,,,,,,,,,,2025-05-06T09:41:06.000Z,2025-05-06T09:41:06.000Z
27547,"Fire Pro Wrestling World",2017-12-18,,,Windows PC,,Unplayed,Not Started,Owned,,,Digital,Steam,,4,,,,,,,,,,,,,,,,,,,,,,,,,,,,2025-05-06T09:41:06.000Z,2025-05-06T09:41:06.000Z
74528,"Forged Battalion",2018-08-14,,,Windows PC,,No Status,No Status,Owned,,,Digital,Steam,,0,,,,,,,,,,,,,,,,,,,,,,,,,,,,2025-05-06T09:41:06.000Z,2025-05-06T09:41:06.000Z
88392,"Foundation",2025-01-31,,,Windows PC,,Unplayed,Not Started,Owned,,,Digital,Steam,,105,,,,"","",,"",No,,,"",,,,,,,,,"",,,,,,,,2025-05-06T09:41:06.000Z,2025-05-06T12:42:10.000Z
65445,"Generation Zero",2019-03-26,,,Windows PC,,Played,Beaten,Owned,,,Digital,Steam,,1075,,,,,,,,,,,,,,,,,,,,,3,,,,,,,2025-05-06T09:41:06.000Z,2025-05-06T09:41:06.000Z
27398,"Genesis Alpha One",2019-01-29,,,Windows PC,,Played,Beaten,Owned,,,Digital,Steam,,1403,,,,,,,,,,,,,,,,,,,,,5,,,,,,,2025-05-06T09:41:06.000Z,2025-05-06T09:41:06.000Z
90144,"Fox Hime",2017-11-03,,,Windows PC,,No Status,No Status,Owned,,,Digital,Steam,,327,,,,,,,,,,,,,,,,,,,,,,,,,,,,2025-05-06T09:41:06.000Z,2025-05-06T09:41:06.000Z
19455,"Final Fantasy XII: The Zodiac Age",2017-07-11,,,Windows PC,,Played,Beaten,Owned,,,Digital,Steam,,4464,,,,"","",,"",No,,,"",,,,,,,,,"",7,,,,,,,2025-05-06T09:41:06.000Z,2026-05-26T06:44:07.000Z
83497,"Gazing from beyond",2018-02-08,,,Windows PC,,No Status,No Status,Owned,,,Digital,Steam,,288,,,,,,,,,,,,,,,,,,,,,,,,,,,,2025-05-06T09:41:06.000Z,2025-05-06T09:41:06.000Z
55034,"Final Fantasy XV: Windows Edition",2018-03-06,,,Windows PC,,Played,Beaten,Owned,,,Digital,Steam,,5465,,,,,,,,,,,,,,,,,,,,,8,,,,,,,2025-05-06T09:41:06.000Z,2025-05-06T09:41:06.000Z
18009,"Fortified",2016-02-03,,,Windows PC,,No Status,No Status,Owned,,,Digital,Steam,,354,,,,,,,,,,,,,,,,,,,,,,,,,,,,2025-05-06T09:41:06.000Z,2025-05-06T09:41:06.000Z
121531,"Gamedec",2021-09-16,,,Windows PC,,Played,Beaten,Owned,,,Digital,Steam,,1200,,,,,,,,,,,,,,,,,,,,,6,,,,,,,2025-05-06T09:41:06.000Z,2025-05-06T09:41:06.000Z
11162,"For Honor",2017-02-13,,,Windows PC,,No Status,No Status,Owned,,,Digital,Steam,,850,,,,,,,,,,,,,,,,,,,,,,,,,,,,2025-05-06T09:41:06.000Z,2025-05-06T09:41:06.000Z
28014,"Skillshot City",2017-05-23,,,Windows PC,,No Status,No Status,Owned,,,Digital,Steam,,330,,,,,,,,,,,,,,,,,,,,,,,,,,,,2025-05-06T09:41:06.000Z,2025-05-06T09:41:06.000Z
103292,"Gears 5",2019-09-09,,,Windows PC,,No Status,No Status,Owned,,,Digital,Steam,,1704,,,,"","",,"",No,,,"",,,,,,,,,"",6,,,,,,,2025-05-06T09:41:06.000Z,2025-05-08T15:27:09.000Z
119374,"Final Fantasy VIII Remastered",2019-09-03,,,Windows PC,,Played,Beaten,Owned,,,Digital,Steam,,2879,,,,"","",,"",No,,,"",,,,,,,,,"",7,,,,,,,2025-05-06T09:41:06.000Z,2025-06-13T23:53:33.000Z
103291,"Gears Tactics",2020-04-28,,,Windows PC,,Unplayed,Not Started,Owned,,,Digital,Steam,,0,,,,,,,,,,,,,,,,,,,,,,,,,,,,2025-05-06T09:41:06.000Z,2025-05-06T09:41:06.000Z
127053,"Gang of Four",2019-11-27,,,Windows PC,,No Status,No Status,Owned,,,Digital,Steam,,0,,,,,,,,,,,,,,,,,,,,,,,,,,,,2025-05-06T09:41:06.000Z,2025-05-06T09:41:06.000Z
118424,"Gamecraft",2019-05-10,,,Windows PC,,No Status,No Status,Owned,,,Digital,Steam,,0,,,,,,,,,,,,,,,,,,,,,,,,,,,,2025-05-06T09:41:06.000Z,2025-05-06T09:41:06.000Z
110903,"Four Kings One War",2021-07-25,,,Windows PC,,No Status,No Status,Owned,,,Digital,Steam,,0,,,,,,,,,,,,,,,,,,,,,,,,,,,,2025-05-06T09:41:06.000Z,2025-05-06T09:41:06.000Z
121752,"Ghostrunner",2020-10-27,,,Windows PC,,Unplayed,Not Started,Owned,,,Digital,Steam,,122,,,,,,,,,,,,,,,,,,,,,,,,,,,,2025-05-06T09:41:06.000Z,2025-05-06T09:41:06.000Z
123908,"Galaxium",2019-10-15,,,Windows PC,,No Status,No Status,Owned,,,Digital,Steam,,0,,,,,,,,,,,,,,,,,,,,,,,,,,,,2025-05-06T09:41:06.000Z,2025-05-06T09:41:06.000Z
214676,"Flashout 3D: Enhanced Edition",2022-09-02,,,Windows PC,,No Status,No Status,Owned,,,Digital,Steam,,0,,,,,,,,,,,,,,,,,,,,,,,,,,,,2025-05-06T09:41:06.000Z,2025-05-06T09:41:06.000Z
14144,"Final Fantasy X/X-2 HD Remaster",2013-12-26,,,Windows PC,,Played,Completed,Owned,,,Digital,Steam,,9923,,,,"","",,"",No,,,"",,,,,,,,,"",9,,,,,,,2025-05-06T09:41:06.000Z,2025-05-09T09:29:00.000Z
21880,"Final Fantasy X-2 HD Remaster",2013-12-26,,,,Bundled Game,,Completed,,,,,,,,,,,,,,,,,,,,,,,,,,,,,,,,,,,2025-05-06T09:41:06.000Z,2025-05-09T09:29:00.000Z
21899,"Final Fantasy X HD Remaster",2013-12-26,,,,Bundled Game,,Completed,,,,,,,,,,,,,,,,,,,,,,,,,,,,,,,,,,,2025-05-06T09:41:06.000Z,2025-05-09T09:29:00.000Z
10385,"Gyromancer",2009-11-18,,,Windows PC,,No Status,No Status,Owned,,,Digital,Steam,,0,,,,,,,,,,,,,,,,,,,,,,,,,,,,2025-05-06T09:42:32.000Z,2025-05-06T09:42:32.000Z
2263,"Gothic 3",2006-10-13,,,Windows PC,,No Status,No Status,Owned,,,Digital,Steam,,0,,,,,,,,,,,,,,,,,,,,,,,,,,,,2025-05-06T09:42:32.000Z,2025-05-06T09:42:32.000Z
2262,"Gothic II",2002-11-29,29207,"Gothic II: Gold Edition",Windows PC,,No Status,No Status,Owned,,,Digital,Steam,,0,,,,,,,,,,,,,,,,,,,,,,,,,,,,2025-05-06T09:42:32.000Z,2025-05-06T09:42:32.000Z
2261,"Gothic",2001-10-30,,,Windows PC,,No Status,No Status,Owned,,,Digital,Steam,,0,,,,,,,,,,,,,,,,,,,,,,,,,,,,2025-05-06T09:42:32.000Z,2025-05-06T09:42:32.000Z
8395,"Grand Ages: Rome",2009-03-06,,,Windows PC,,No Status,No Status,Owned,,,Digital,Steam,,288,,,,,,,,,,,,,,,,,,,,,,,,,,,,2025-05-06T09:42:32.000Z,2025-05-06T09:42:32.000Z
3076,"Guns of Icarus Online",2012-10-29,,,Windows PC,,No Status,No Status,Owned,,,Digital,Steam,,331,,,,,,,,,,,,,,,,,,,,,,,,,,,,2025-05-06T09:42:32.000Z,2025-05-06T09:42:32.000Z
1012,"Gotham City Impostors",2012-01-10,,,Windows PC,,No Status,No Status,Owned,,,Digital,Steam,,0,,,,,,,,,,,,,,,,,,,,,,,,,,,,2025-05-06T09:42:32.000Z,2025-05-06T09:42:32.000Z
2138,"Grid 2",2013-05-27,,,Windows PC,,Played,Dropped,Owned,,,Digital,Steam,,237,,,,,,,,,,,,,,,,,,,,,,,,,,,,2025-05-06T09:42:32.000Z,2025-05-06T09:42:32.000Z
231,"Half-Life",1998-11-19,,,Windows PC,,Played,Beaten,Owned,,,Digital,Steam,,0,,,,,,,,,,,,,,,,,,,,,8,,,,,,,2025-05-06T09:42:32.000Z,2025-05-06T09:42:32.000Z
233,"Half-Life 2",2004-11-16,,,Windows PC,,Unplayed,Not Started,Owned,,,Digital,Steam,,229,,,,,,,,,,,,,,,,,,,,,,,,,,,,2025-05-06T09:42:32.000Z,2025-05-06T09:42:32.000Z
9471,"Half-Life 2: Deathmatch",2004-11-30,,,Windows PC,,No Status,No Status,Owned,,,Digital,Steam,,0,,,,,,,,,,,,,,,,,,,,,,,,,,,,2025-05-06T09:42:32.000Z,2025-05-06T09:42:32.000Z
19348,"Half-Life Deathmatch: Source",2006-05-01,,,Windows PC,,No Status,No Status,Owned,,,Digital,Steam,,0,,,,,,,,,,,,,,,,,,,,,,,,,,,,2025-05-06T09:42:32.000Z,2025-05-06T09:42:32.000Z
19121,"Guacamelee!: Gold Edition",2013-08-08,,,Windows PC,,No Status,No Status,Owned,,,Digital,Steam,,259,,,,,,,,,,,,,,,,,,,,,,,,,,,,2025-05-06T09:42:32.000Z,2025-05-06T09:42:32.000Z
8862,"Guacamelee! Super Turbo Championship Edition",2014-07-01,,,Windows PC,,No Status,No Status,Owned,,,Digital,Steam,,114,,,,,,,,,,,,,,,,,,,,,,,,,,,,2025-05-06T09:42:32.000Z,2025-05-06T09:42:32.000Z
3115,"Godus",2014-08-06,,,Windows PC,,Played,Beaten,Owned,,,Digital,Steam,,428,,,,,,,,,,,,,,,,,,,,,5,,,,,,,2025-05-06T09:42:32.000Z,2025-05-06T09:42:32.000Z
33997,"Godus Wars",2016-02-03,,,Windows PC,,No Status,No Status,Owned,,,Digital,Steam,,0,,,,,,,,,,,,,,,,,,,,,,,,,,,,2025-05-06T09:42:32.000Z,2025-05-06T09:42:32.000Z
16678,"Grimm",2008-07-31,,,Windows PC,,No Status,No Status,Owned,,,Digital,Steam,,280,,,,,,,,,,,,,,,,,,,,,,,,,,,,2025-05-06T09:42:32.000Z,2025-05-06T09:42:32.000Z
5858,"Gun Metal",2002-11-30,,,Windows PC,,No Status,No Status,Owned,,,Digital,Steam,,211,,,,,,,,,,,,,,,,,,,,,,,,,,,,2025-05-06T09:42:32.000Z,2025-05-06T09:42:32.000Z
1020,"Grand Theft Auto V",2013-09-17,,,Windows PC,,Played,Beaten,Owned,,,Digital,Steam,,1037,,,,,,,,,,,,,,,,,,,,,8,,,,,,,2025-05-06T09:42:32.000Z,2025-05-06T09:42:32.000Z
334254,"Grand Theft Auto V Enhanced",2025-03-04,,,Windows PC,,No Status,No Status,Owned,,,Digital,Steam,,0,,,,,,,,,,,,,,,,,,,,,,,,,,,,2025-05-06T09:42:32.000Z,2025-05-06T09:42:32.000Z
36288,"Gold Rush! Classic",2014-07-25,,,Windows PC,,No Status,No Status,Owned,,,Digital,Steam,,275,,,,,,,,,,,,,,,,,,,,,,,,,,,,2025-05-06T09:42:32.000Z,2025-05-06T09:42:32.000Z
8774,"Grow Home",2015-02-04,,,Windows PC,,No Status,No Status,Owned,,,Digital,Steam,,215,,,,,,,,,,,,,,,,,,,,,,,,,,,,2025-05-06T09:42:32.000Z,2025-05-06T09:42:32.000Z
54071,"Gunspell",2014-11-07,36221,"Gunspell: Steam Edition",Windows PC,,No Status,No Status,Owned,,,Digital,Steam,,0,,,,,,,,,,,,,,,,,,,,,,,,,,,,2025-05-06T09:42:32.000Z,2025-05-06T09:42:32.000Z
10367,"Goats on a Bridge",2015-02-06,,,Windows PC,,No Status,No Status,Owned,,,Digital,Steam,,208,,,,,,,,,,,,,,,,,,,,,,,,,,,,2025-05-06T09:42:32.000Z,2025-05-06T09:42:32.000Z
11707,"Hacknet",2015-08-12,,,Windows PC,,No Status,No Status,Owned,,,Digital,Steam,,332,,,,,,,,,,,,,,,,,,,,,,,,,,,,2025-05-06T09:42:32.000Z,2025-05-06T09:42:32.000Z
35226,"Grey Cubes",2015-05-15,,,Windows PC,,No Status,No Status,Owned,,,Digital,Steam,,0,,,,"","",,"",No,,,"",,,,,,,,,"",,,,,,,,2025-05-06T09:42:32.000Z,2025-08-11T17:49:39.000Z
34326,"Guardians of Orion",2016-12-21,,,Windows PC,,No Status,No Status,Owned,,,Digital,Steam,,260,,,,,,,,,,,,,,,,,,,,,,,,,,,,2025-05-06T09:42:33.000Z,2025-05-06T09:42:33.000Z
18454,"Goetia",2016-04-14,,,Windows PC,,No Status,No Status,Owned,,,Digital,Steam,,199,,,,,,,,,,,,,,,,,,,,,,,,,,,,2025-05-06T09:42:33.000Z,2025-05-06T09:42:33.000Z
11857,"God Eater 2: Rage Burst",2015-02-19,,,Windows PC,,Unplayed,Not Started,Owned,,,Digital,Steam,,295,,,,"","",,"",No,,,"",,,,,,,,,"",,,,,,,,2025-05-06T09:42:33.000Z,2025-05-06T12:45:41.000Z
11858,"God Eater Resurrection",2015-10-29,,,Windows PC,,Unplayed,Not Started,Owned,,,Digital,Steam,,308,,,,"","",,"",No,,,"",,,,,,,,,"",,,,,,,,2025-05-06T09:42:33.000Z,2025-05-06T12:45:42.000Z
36646,"GTFO",2021-12-09,,,Windows PC,,Played,Dropped,Owned,,,Digital,Steam,,2743,,,,"","",,"",No,,,"",,,,,,,,,"",,,,,,,,2025-05-06T09:42:33.000Z,2025-05-07T10:00:28.000Z
21989,"Guns of Icarus Alliance",2017-03-31,,,Windows PC,,No Status,No Status,Owned,,,Digital,Steam,,0,,,,,,,,,,,,,,,,,,,,,,,,,,,,2025-05-06T09:42:33.000Z,2025-05-06T09:42:33.000Z
22917,"Gris",2018-12-13,,,Windows PC,,Played,Dropped,Owned,,,Digital,Steam,,58,,,,"","",,"",No,,,"",,,,,,,,,"",4,,,,,,,2025-05-06T09:42:33.000Z,2025-07-16T02:53:28.000Z
74986,"Grobda Remix",2016-06-11,,,Windows PC,,No Status,No Status,Owned,,,Digital,Steam,,289,,,,,,,,,,,,,,,,,,,,,,,,,,,,2025-05-06T09:42:33.000Z,2025-05-06T09:42:33.000Z
43119,"Global Adventures",2017-12-29,,,Windows PC,,No Status,No Status,Owned,,,Digital,Steam,,0,,,,,,,,,,,,,,,,,,,,,,,,,,,,2025-05-06T09:42:33.000Z,2025-05-06T09:42:33.000Z
86328,"Gleaner Heights",2018-02-21,,,Windows PC,,No Status,No Status,Owned,,,Digital,Steam,,349,,,,,,,,,,,,,,,,,,,,,,,,,,,,2025-05-06T09:42:33.000Z,2025-05-06T09:42:33.000Z
101461,"Green Hell",2019-09-05,,,Windows PC,,Played,Beaten,Owned,,,Digital,Steam,,1480,,,,,,,,,,,,,,,,,,,,,3,,,,,,,2025-05-06T09:42:33.000Z,2025-05-06T09:42:33.000Z
22788,"Granblue Fantasy: Relink",2024-02-01,,,Windows PC,,Played,Beaten,Owned,,,Digital,Steam,,4767,,,,,,,,,,,,,,,,,,,,,8,,,,,,,2025-05-06T09:42:33.000Z,2025-05-06T09:42:33.000Z
28010,"God Eater 3",2018-12-13,,,Windows PC,,Played,Completed,Owned,,,Digital,Steam,,2734,,,,"","",,"",No,,,"",,,,,,,,,"",5,,,,,,,2025-05-06T09:42:33.000Z,2025-05-09T09:31:05.000Z
107754,"Good Company",2022-06-21,,,Windows PC,,Played,Beaten,Owned,,,Digital,Steam,,738,,,,,,,,,,,,,,,,,,,,,6,,,,,,,2025-05-06T09:42:33.000Z,2025-05-06T09:42:33.000Z
127343,"Godfall",2020-11-12,,,Windows PC,,Unplayed,Not Started,Owned,,,Digital,Steam,,38,,,,,,,,,,,,,,,,,,,,,,,,,,,,2025-05-06T09:42:33.000Z,2025-05-06T09:42:33.000Z
113649,"Gujian 3",2018-11-18,,,Windows PC,,Unplayed,Not Started,Owned,,,Digital,Steam,,0,,,,,,,,,,,,,,,,,,,,,,,,,,,,2025-05-06T09:42:33.000Z,2025-05-06T09:42:33.000Z
115555,"Going Medieval",2026-03-17,,,Windows PC,,Unplayed,Not Started,Owned,,,Digital,Steam,,0,,,,,,,,,,,,,,,,,,,,,,,,,,,,2025-05-06T09:42:33.000Z,2025-05-06T09:42:33.000Z
134127,"Gloomwood",2022-09-05,,,Windows PC,,No Status,No Status,Owned,,,Digital,Steam,,0,,,,,,,,,,,,,,,,,,,,,,,,,,,,2025-05-06T09:42:33.000Z,2025-05-06T09:42:33.000Z
16675,"Go! Go! Nippon!: My First Trip to Japan",2011-09-30,,,Windows PC,,No Status,No Status,Owned,,,Digital,Steam,,0,,,,,,,,,,,,,,,,,,,,,,,,,,,,2025-05-06T09:42:33.000Z,2025-05-06T09:42:33.000Z
118115,"Goat of Duty",2019-07-10,,,Windows PC,,No Status,No Status,Owned,,,Digital,Steam,,0,,,,,,,,,,,,,,,,,,,,,,,,,,,,2025-05-06T09:42:33.000Z,2025-05-06T09:42:33.000Z
64837,"Gravity Wars",2018-11-14,,,Windows PC,,No Status,No Status,Owned,,,Digital,Steam,,0,,,,,,,,,,,,,,,,,,,,,,,,,,,,2025-05-06T09:42:33.000Z,2025-05-06T09:42:33.000Z
140044,"Golden Axed: A Cancelled Prototype",2020-10-18,,,Windows PC,,No Status,No Status,Owned,,,Digital,Steam,,0,,,,"","",,"",No,,,"",,,,,,,,,"",,,,,,,,2025-05-06T09:42:33.000Z,2025-08-11T18:00:37.000Z
136993,"Gotham Knights",2022-10-21,,,Windows PC,,Played,Beaten,Owned,,,Digital,Steam,,954,,,,,,,,,,,,,,,,,,,,,6,,,,,,,2025-05-06T09:42:33.000Z,2025-05-06T09:42:33.000Z
246919,"God of Weapons",2023-09-12,,,Windows PC,,Unplayed,Not Started,Owned,,,Digital,Steam,,94,,,,,,,,,,,,,,,,,,,,,,,,,,,,2025-05-06T09:42:33.000Z,2025-05-06T09:42:33.000Z
1885,"Homefront",2011-03-15,,,Windows PC,,No Status,No Status,Owned,,,Digital,Steam,,0,,,,,,,,,,,,,,,,,,,,,,,,,,,,2025-05-06T09:44:20.000Z,2025-05-06T09:44:20.000Z
1048,"Hitman: Blood Money",2006-05-26,,,Windows PC,,No Status,No Status,Owned,,,Digital,Steam,,0,,,,"","",,"",No,,,"",,,,,,,,,"",,,,,,,,2025-05-06T09:44:20.000Z,2025-05-06T12:50:11.000Z
1050,"Hitman: Codename 47",2000-11-19,,,Windows PC,,No Status,No Status,Owned,,,Digital,Steam,,0,,,,,,,,,,,,,,,,,,,,,,,,,,,,2025-05-06T09:44:20.000Z,2025-05-06T09:44:20.000Z
10133,"Hospital Tycoon",2009-02-13,,,Windows PC,,No Status,No Status,Owned,,,Digital,Steam,,0,,,,,,,,,,,,,,,,,,,,,,,,,,,,2025-05-06T09:44:20.000Z,2025-05-06T09:44:20.000Z
10142,"Home",2012-06-16,,,Windows PC,,No Status,No Status,Owned,,,Digital,Steam,,198,,,,,,,,,,,,,,,,,,,,,,,,,,,,2025-05-06T09:44:20.000Z,2025-05-06T09:44:20.000Z
530,"Hitman: Absolution",2012-11-19,,,Windows PC,,No Status,No Status,Owned,,,Digital,Steam,,260,,,,"","",,"",No,,,"",,,,,,,,,"",,,,,,,,2025-05-06T09:44:20.000Z,2025-05-06T12:50:08.000Z
748,"Hitman 2: Silent Assassin",2002-09-30,,,Windows PC,,No Status,No Status,Owned,,,Digital,Steam,,0,,,,,,,,,,,,,,,,,,,,,,,,,,,,2025-05-06T09:44:20.000Z,2025-05-06T09:44:20.000Z
1405,"Hawken",2012-12-12,,,Windows PC,,No Status,No Status,Owned,,,Digital,Steam,,194,,,,,,,,,,,,,,,,,,,,,,,,,,,,2025-05-06T09:44:20.000Z,2025-05-06T09:44:20.000Z
232,"Half-Life: Opposing Force",1999-11-10,,,Windows PC,,No Status,No Status,Owned,,,Digital,Steam,,0,,,,"","",,"",No,,,"",,,,,,,,,"",,,,,,,,2025-05-06T09:44:20.000Z,2025-06-02T09:12:59.000Z
2549,"Half-Life: Blue Shift",2001-06-12,,,Windows PC,,No Status,No Status,Owned,,,Digital,Steam,,0,,,,"","",,"",No,,,"",,,,,,,,,"",,,,,,,,2025-05-06T09:44:20.000Z,2025-06-02T09:12:57.000Z
6744,"Half-Life: Source",2004-06-01,,,Windows PC,,No Status,No Status,Owned,,,Digital,Steam,,0,,,,,,,,,,,,,,,,,,,,,,,,,,,,2025-05-06T09:44:20.000Z,2025-05-06T09:44:20.000Z
1049,"Hitman: Contracts",2004-04-20,,,Windows PC,,No Status,No Status,Owned,,,Digital,Steam,,0,,,,,,,,,,,,,,,,,,,,,,,,,,,,2025-05-06T09:44:20.000Z,2025-05-06T09:44:20.000Z
8902,"Hyperdimension Neptunia Re;Birth1",2013-10-31,,,Windows PC,,Unplayed,Not Started,Owned,,,Digital,Steam,,136,,,,,,,,,,,,,,,,,,,,,,,,,,,,2025-05-06T09:44:20.000Z,2025-05-06T09:44:20.000Z
36441,"Heroine's Quest: The Herald of Ragnarok",2014-03-20,,,Windows PC,,No Status,No Status,Owned,,,Digital,Steam,,0,,,,,,,,,,,,,,,,,,,,,,,,,,,,2025-05-06T09:44:20.000Z,2025-05-06T09:44:20.000Z
33967,"Higurashi When They Cry Hou: Ch.1 Onikakushi",2015-05-15,,,Windows PC,,No Status,No Status,Owned,,,Digital,Steam,,309,,,,,,,,,,,,,,,,,,,,,,,,,,,,2025-05-06T09:44:20.000Z,2025-05-06T09:44:20.000Z
17896,"Horizon Shift",2015-04-05,,,Windows PC,,No Status,No Status,Owned,,,Digital,Steam,,211,,,,,,,,,,,,,,,,,,,,,,,,,,,,2025-05-06T09:44:20.000Z,2025-05-06T09:44:20.000Z
36171,"Heavy Metal Machines",2018-09-19,,,Windows PC,,No Status,No Status,Owned,,,Digital,Steam,,0,,,,,,,,,,,,,,,,,,,,,,,,,,,,2025-05-06T09:44:20.000Z,2025-05-06T09:44:20.000Z
22673,"Hektor",2015-03-13,,,Windows PC,,No Status,No Status,Owned,,,Digital,Steam,,272,,,,,,,,,,,,,,,,,,,,,,,,,,,,2025-05-06T09:44:20.000Z,2025-05-06T09:44:20.000Z
35880,"Heckabomb",2015-02-27,,,Windows PC,,No Status,No Status,Owned,,,Digital,Steam,,211,,,,,,,,,,,,,,,,,,,,,,,,,,,,2025-05-06T09:44:20.000Z,2025-05-06T09:44:20.000Z
13661,"Hero of the Kingdom II",2015-02-20,,,Windows PC,,No Status,No Status,Owned,,,Digital,Steam,,211,,,,,,,,,,,,,,,,,,,,,,,,,,,,2025-05-06T09:44:20.000Z,2025-05-06T09:44:20.000Z
9101,"Hand of Fate",2015-02-17,,,Windows PC,,Unplayed,Not Started,Owned,,,Digital,Steam,,328,,,,,,,,,,,,,,,,,,,,,,,,,,,,2025-05-06T09:44:21.000Z,2025-05-06T09:44:21.000Z
8476,"Hocus Pocus",1994-06-01,,,Windows PC,,No Status,No Status,Owned,,,Digital,Steam,,0,,,,,,,,,,,,,,,,,,,,,,,,,,,,2025-05-06T09:44:21.000Z,2025-05-06T09:44:21.000Z
14593,"Hollow Knight",2017-02-24,,,Windows PC,,Unplayed,Not Started,Owned,,,Digital,Steam,,273,,,,,,,,,,,,,,,,,,,,,,,,,,,,2025-05-06T09:44:21.000Z,2025-05-06T09:44:21.000Z
11346,"Her Story",2015-06-24,,,Windows PC,,Unplayed,Not Started,Owned,,,Digital,Steam,,241,,,,,,,,,,,,,,,,,,,,,,,,,,,,2025-05-06T09:44:21.000Z,2025-05-06T09:44:21.000Z
9868,"Hyperdimension Neptunia Re;Birth2: Sisters Generation",2014-03-20,,,Windows PC,,Unplayed,Not Started,Owned,,,Digital,Steam,,175,,,,,,,,,,,,,,,,,,,,,,,,,,,,2025-05-06T09:44:21.000Z,2025-05-06T09:44:21.000Z
7857,"Hatred",2015-06-01,,,Windows PC,,Played,Dropped,Owned,,,Digital,Steam,,292,,,,,,,,,,,,,,,,,,,,,,,,,,,,2025-05-06T09:44:21.000Z,2025-05-06T09:44:21.000Z
15443,"Hurtworld",2019-12-10,,,Windows PC,,No Status,No Status,Owned,,,Digital,Steam,,346,,,,,,,,,,,,,,,,,,,,,,,,,,,,2025-05-06T09:44:21.000Z,2025-05-06T09:44:21.000Z
34529,"Hoven the Sages Spinel",2015-08-31,,,Windows PC,,No Status,No Status,Owned,,,Digital,Steam,,0,,,,,,,,,,,,,,,,,,,,,,,,,,,,2025-05-06T09:44:21.000Z,2025-05-06T09:44:21.000Z
14523,"Helldivers",2015-03-03,,,Windows PC,,Played,Dropped,Owned,,,Digital,Steam,,231,,,,,,,,,,,,,,,,,,,,,,,,,,,,2025-05-06T09:44:21.000Z,2025-05-06T09:44:21.000Z
34268,"Higurashi When They Cry Hou: Ch.2 Watanagashi",2015-11-13,,,Windows PC,,No Status,No Status,Owned,,,Digital,Steam,,309,,,,"","",,"",No,,,"",,,,,,,,,"",,,,,,,,2025-05-06T09:44:21.000Z,2025-05-06T10:13:49.000Z
9871,"Hyperdevotion Noire: Goddess Black Heart",2015-02-24,,,Windows PC,,Unplayed,Not Started,Owned,,,Digital,Steam,,420,,,,,,,,,,,,,,,,,,,,,,,,,,,,2025-05-06T09:44:21.000Z,2025-05-06T09:44:21.000Z
19847,"HunieCam Studio",2016-04-04,,,Windows PC,,Played,Beaten,Owned,,,Digital,Steam,,462,,,,"","",,"",No,,,"",,,,,,,,,"",4,,,,,,,2025-05-06T09:44:21.000Z,2025-05-06T11:13:37.000Z
21580,"Hitman Go: Definitive Edition",2016-02-23,,,Windows PC,,No Status,No Status,Owned,,,Digital,Steam,,339,,,,,,,,,,,,,,,,,,,,,,,,,,,,2025-05-06T09:44:21.000Z,2025-05-06T09:44:21.000Z
16992,"Human: Fall Flat",2016-07-22,,,Windows PC,,Played,Beaten,Owned,,,Digital,Steam,,838,,,,,,,,,,,,,,,,,,,,,6,,,,,,,2025-05-06T09:44:21.000Z,2025-05-06T09:44:21.000Z
29852,"Hell Girls",2017-01-12,,,Windows PC,,No Status,No Status,Owned,,,Digital,Steam,,294,,,,,,,,,,,,,,,,,,,,,,,,,,,,2025-05-06T09:44:21.000Z,2025-05-06T09:44:21.000Z
11631,"Hiveswap: Act 1",2017-09-14,,,Windows PC,,No Status,No Status,Owned,,,Digital,Steam,,319,,,,"","",,"",No,,,"",,,,,,,,,"",,,,,,,,2025-05-06T09:44:21.000Z,2025-05-06T10:15:36.000Z
11157,"Hitman",2016-03-11,,,Windows PC,,Played,Dropped,Owned,,,Digital,Steam,,768,,,,,,,,,,,,,,,,,,,,,,,,,,,,2025-05-06T09:44:21.000Z,2025-05-06T09:44:21.000Z
14545,"Human Resource Machine",2015-10-15,,,Windows PC,,No Status,No Status,Owned,,,Digital,Steam,,245,,,,,,,,,,,,,,,,,,,,,,,,,,,,2025-05-06T09:44:21.000Z,2025-05-06T09:44:21.000Z
103210,"Hitman 2",2018-11-13,,,Windows PC,,No Status,No Status,Owned,,,Digital,Steam,,27,,,,,,,,,,,,,,,,,,,,,,,,,,,,2025-05-06T09:44:21.000Z,2025-05-06T09:44:21.000Z
325,"Hellgate: London",2007-10-31,,,Windows PC,,Played,Dropped,Owned,,,Digital,Steam,,18,,,,,,,,,,,,,,,,,,,,,,,,,,,,2025-05-06T09:44:21.000Z,2025-05-06T09:44:21.000Z
139472,"Hellish Quart",2021-02-16,,,Windows PC,,Played,Dropped,Owned,,,Digital,Steam,,123,,,,,,,,,,,,,,,,,,,,,,,,,,,,2025-05-06T09:44:21.000Z,2025-05-06T09:44:21.000Z
9666,"Hammerfight",2009-09-19,,,Windows PC,,No Status,No Status,Owned,,,Digital,Steam,,0,,,,,,,,,,,,,,,,,,,,,,,,,,,,2025-05-06T09:44:21.000Z,2025-05-06T09:44:21.000Z
95026,"Headsnatchers",2019-11-07,,,Windows PC,,No Status,No Status,Owned,,,Digital,Steam,,0,,,,,,,,,,,,,,,,,,,,,,,,,,,,2025-05-06T09:44:21.000Z,2025-05-06T09:44:21.000Z
28050,"Hellion",2018-10-21,,,Windows PC,,No Status,No Status,Owned,,,Digital,Steam,,0,,,,,,,,,,,,,,,,,,,,,,,,,,,,2025-05-06T09:44:21.000Z,2025-05-06T09:44:21.000Z
143495,"Sānguó Qúnyīng Zhuán",1998-02-01,,,Windows PC,,No Status,No Status,Owned,,,Digital,Steam,,0,,,,,,,,,,,,,,,,,,,,,,,,,,,,2025-05-06T09:44:21.000Z,2025-05-06T09:44:21.000Z
204618,"High on Life",2022-12-13,,,Windows PC,,Played,Beaten,Owned,,,Digital,Steam,,500,,,,,,,,,,,,,,,,,,,,,7,,,,,,,2025-05-06T09:44:21.000Z,2025-05-06T09:44:21.000Z
206818,"Harvestella",2022-11-04,,,Windows PC,,Played,Beaten,Owned,,,Digital,Steam,,3765,,,,,,,,,,,,,,,,,,,,,5,,,,,,,2025-05-06T09:44:21.000Z,2025-05-06T09:44:21.000Z
136625,"Hogwarts Legacy",2023-02-10,,,Windows PC,,No Status,No Status,Owned,,,Digital,Steam,,424,,,,"","",,"",No,,,"",,,,,,,,,"",8,,,,,,,2025-05-06T09:44:21.000Z,2025-05-06T12:50:21.000Z
235846,"Halls of Torment",2024-08-26,,,Windows PC,,Played,Beaten,Owned,,,Digital,Steam,,872,,,,,,,,,,,,,,,,,,,,,8,,,,,,,2025-05-06T09:44:21.000Z,2025-05-06T09:44:21.000Z
18927,"Hue",2016-08-30,,,Windows PC,,No Status,No Status,Owned,,,Digital,Steam,,0,,,,,,,,,,,,,,,,,,,,,,,,,,,,2025-05-06T09:44:21.000Z,2025-05-06T09:44:21.000Z
7032,"Kane & Lynch: Dead Men",2007-11-13,,,Windows PC,,Played,Beaten,Owned,,,Digital,Steam,,0,,,,,,,,,,,,,,,,,,,,,4,,,,,,,2025-05-06T09:45:52.000Z,2025-05-06T09:45:52.000Z
558,"Just Cause 2",2010-03-23,,,Windows PC,,Played,Beaten,Owned,,,Digital,Steam,,0,,,,,,,,,,,,,,,,,,,,,6,,,,,,,2025-05-06T09:45:52.000Z,2025-05-06T09:45:52.000Z
488,"Kane & Lynch 2: Dog Days",2010-08-17,,,Windows PC,,Played,Beaten,Owned,,,Digital,Steam,,176,,,,,,,,,,,,,,,,,,,,,4,,,,,,,2025-05-06T09:45:52.000Z,2025-05-06T09:45:52.000Z
7025,"Jurassic Park: The Game",2011-11-15,,,Windows PC,,No Status,No Status,Owned,,,Digital,Steam,,0,,,,,,,,,,,,,,,,,,,,,,,,,,,,2025-05-06T09:45:52.000Z,2025-05-06T09:45:52.000Z
1042,"Just Cause",2006-09-22,,,Windows PC,,Played,Beaten,Owned,,,Digital,Steam,,0,,,,,,,,,,,,,,,,,,,,,6,,,,,,,2025-05-06T09:45:52.000Z,2025-05-06T09:45:52.000Z
20776,"Imperium Romanum",2008-02-22,27828,"Imperium Romanum: Gold Edition",Windows PC,,No Status,No Status,Owned,,,Digital,Steam,,2,,,,,,,,,,,,,,,,,,,,,,,,,,,,2025-05-06T09:45:52.000Z,2025-05-06T09:45:52.000Z
10466,"Jagged Alliance 2: Wildfire",2004-03-08,,,Windows PC,,No Status,No Status,Owned,,,Digital,Steam,,348,,,,,,,,,,,,,,,,,,,,,,,,,,,,2025-05-06T09:45:52.000Z,2025-05-06T09:45:52.000Z
7021,"Iron Sky: Invasion",2012-12-12,,,Windows PC,,No Status,No Status,Owned,,,Digital,Steam,,347,,,,,,,,,,,,,,,,,,,,,,,,,,,,2025-05-06T09:45:52.000Z,2025-05-06T09:45:52.000Z
2948,"Infestation: The New Beginning",2012-10-15,,,Windows PC,,No Status,No Status,Owned,,,Digital,Steam,,757,,,,,,,,,,,,,,,,,,,,,,,,,,,,2025-05-06T09:45:52.000Z,2025-05-06T09:45:52.000Z
16645,"Iesabel",2013-07-07,,,Windows PC,,No Status,No Status,Owned,,,Digital,Steam,,0,,,,"","",,"",No,,,"",,,,,,,,,"",,,,,,,,2025-05-06T09:45:52.000Z,2025-08-11T18:00:58.000Z
23353,"Killer is Dead: Nightmare Edition",2014-05-23,,,Windows PC,,Unplayed,Not Started,Owned,,,Digital,Steam,,212,,,,,,,,,,,,,,,,,,,,,,,,,,,,2025-05-06T09:45:52.000Z,2026-05-28T14:38:10.000Z
1918,"Injustice: Gods Among Us",2013-04-16,23354,"Injustice: Gods Among Us - Ultimate Edition",Windows PC,,Played,Dropped,Owned,,,Digital,Steam,,294,,,,,,,,,,,,,,,,,,,,,,,,,,,,2025-05-06T09:45:52.000Z,2025-05-06T09:45:52.000Z
17037,"Influent Language Learning Game",2014-03-20,,,Windows PC,,No Status,No Status,Owned,,,Digital,Steam,,362,,,,,,,,,,,,,,,,,,,,,,,,,,,,2025-05-06T09:45:52.000Z,2025-05-06T09:45:52.000Z
10439,"International Snooker",2013-01-11,,,Windows PC,,No Status,No Status,Owned,,,Digital,Steam,,0,,,,,,,,,,,,,,,,,,,,,,,,,,,,2025-05-06T09:45:52.000Z,2025-05-06T09:45:52.000Z
36240,"Icewind Dale: Enhanced Edition",2014-10-30,,,Windows PC,,Unplayed,Not Started,Owned,,,Digital,Steam,,447,,,,,,,,,,,,,,,,,,,,,,,,,,,,2025-05-06T09:45:52.000Z,2025-05-06T09:45:52.000Z
17906,"If My Heart Had Wings",2012-05-25,,,Windows PC,,No Status,No Status,Owned,,,Digital,Steam,,235,,,,,,,,,,,,,,,,,,,,,,,,,,,,2025-05-06T09:45:52.000Z,2025-05-06T09:45:52.000Z
7965,"Kholat",2015-06-09,,,Windows PC,,No Status,No Status,Owned,,,Digital,Steam,,272,,,,,,,,,,,,,,,,,,,,,,,,,,,,2025-05-06T09:45:52.000Z,2025-05-06T09:45:52.000Z
9869,"Hyperdimension Neptunia Re;Birth3: V Generation",2014-12-18,,,Windows PC,,Unplayed,Not Started,Owned,,,Digital,Steam,,175,,,,,,,,,,,,,,,,,,,,,,,,,,,,2025-05-06T09:45:52.000Z,2025-05-06T09:45:52.000Z
14580,"Ink",2015-08-05,,,Windows PC,,No Status,No Status,Owned,,,Digital,Steam,,243,,,,,,,,,,,,,,,,,,,,,,,,,,,,2025-05-06T09:45:52.000Z,2025-05-06T09:45:52.000Z
9870,"Hyperdimension Neptunia U: Action Unleashed",2014-08-28,,,Windows PC,,Unplayed,Not Started,Owned,,,Digital,Steam,,393,,,,,,,,,,,,,,,,,,,,,,,,,,,,2025-05-06T09:45:52.000Z,2025-05-06T09:45:52.000Z
8187,"Just Cause 3",2015-11-30,,,Windows PC,,Unplayed,Not Started,Owned,,,Digital,Steam,,315,,,,,,,,,,,,,,,,,,,,,,,,,,,,2025-05-06T09:45:52.000Z,2025-05-06T09:45:52.000Z
33942,"Invasion: Brain Craving",2016-06-22,,,Windows PC,,No Status,No Status,Owned,,,Digital,Steam,,189,,,,,,,,,,,,,,,,,,,,,,,,,,,,2025-05-06T09:45:52.000Z,2025-05-06T09:45:52.000Z
18861,"I Am Setsuna",2016-02-18,,,Windows PC,,Unplayed,Not Started,Owned,,,Digital,Steam,,171,,,,,,,,,,,,,,,,,,,,,,,,,,,,2025-05-06T09:45:52.000Z,2025-05-06T09:45:52.000Z
75140,"Kards: The WWII Card Game",2020-04-15,,,Windows PC,,No Status,No Status,Owned,,,Digital,Steam,,0,,,,,,,,,,,,,,,,,,,,,,,,,,,,2025-05-06T09:45:52.000Z,2025-05-06T09:45:52.000Z
43178,"Idle Champions of the Forgotten Realms",2018-04-30,,,Windows PC,,No Status,No Status,Owned,,,Digital,Steam,,0,,,,"","",,"",No,,,"",,,,,,,,,"",,,,,,,,2025-05-06T09:45:52.000Z,2025-08-11T17:49:57.000Z
27282,"Immortal Planet",2017-07-27,,,Windows PC,,No Status,No Status,Owned,,,Digital,Steam,,0,,,,,,,,,,,,,,,,,,,,,,,,,,,,2025-05-06T09:45:52.000Z,2025-05-06T09:45:52.000Z
17083,"Interplanetary",2015-04-02,,,Windows PC,,No Status,No Status,Owned,,,Digital,Steam,,381,,,,,,,,,,,,,,,,,,,,,,,,,,,,2025-05-06T09:45:52.000Z,2025-05-06T09:45:52.000Z
54506,"Interplanetary: Enhanced Edition",2017-08-02,,,Windows PC,,No Status,No Status,Owned,,,Digital,Steam,,365,,,,,,,,,,,,,,,,,,,,,,,,,,,,2025-05-06T09:45:52.000Z,2025-05-06T09:45:52.000Z
14147,"Jotun: Valhalla Edition",2015-09-29,,,Windows PC,,No Status,No Status,Owned,,,Digital,Steam,,211,,,,,,,,,,,,,,,,,,,,,,,,,,,,2025-05-06T09:45:52.000Z,2025-05-06T09:45:52.000Z
7579,"Insurgency",2014-01-22,,,Windows PC,,Played,Dropped,Owned,,,Digital,Steam,,464,,,,,,,,,,,,,,,,,,,,,,,,,,,,2025-05-06T09:45:52.000Z,2025-05-06T09:45:52.000Z
15902,"Hyperdrive Massacre",2015-10-12,,,Windows PC,,No Status,No Status,Owned,,,Digital,Steam,,274,,,,,,,,,,,,,,,,,,,,,,,,,,,,2025-05-06T09:45:52.000Z,2025-05-06T09:45:52.000Z
113108,"Journey to the Savage Planet",2020-01-28,,,Windows PC,,Played,Beaten,Owned,,,Digital,Steam,,377,,,,,,,,,,,,,,,,,,,,,4,,,,,,,2025-05-06T09:45:52.000Z,2025-05-06T09:45:52.000Z
116567,"I am not a Monster",2018-09-27,,,Windows PC,,No Status,No Status,Owned,,,Digital,Steam,,15,,,,,,,,,,,,,,,,,,,,,,,,,,,,2025-05-06T09:45:52.000Z,2025-05-06T09:45:52.000Z
156653,"Kebab Chefs!: Restaurant Simulator",2026-06-11,,,Windows PC,,Unplayed,Not Started,Owned,,,Digital,Steam,,0,,,,,,,,,,,,,,,,,,,,,,,,,,,,2025-05-06T09:45:52.000Z,2025-05-06T09:45:52.000Z
18997,"Kathy Rain",2016-05-05,,,Windows PC,,No Status,No Status,Owned,,,Digital,Steam,,273,,,,,,,,,,,,,,,,,,,,,,,,,,,,2025-05-06T09:45:52.000Z,2025-05-06T09:45:52.000Z
139090,"Inscryption",2021-10-19,,,Windows PC,,Unplayed,Not Started,Owned,,,Digital,Steam,,276,,,,,,,,,,,,,,,,,,,,,,,,,,,,2025-05-06T09:45:52.000Z,2025-05-06T09:45:52.000Z
3962,"Kao the Kangaroo: Round 2",2003-11-04,,,Windows PC,,No Status,No Status,Owned,,,Digital,Steam,,1,,,,,,,,,,,,,,,,,,,,,,,,,,,,2025-05-06T09:45:52.000Z,2025-05-06T09:45:52.000Z
33812,"Kabounce",2018-05-29,,,Windows PC,,No Status,No Status,Owned,,,Digital,Steam,,0,,,,,,,,,,,,,,,,,,,,,,,,,,,,2025-05-06T09:45:52.000Z,2025-05-06T09:45:52.000Z
152258,"Ixion",2022-12-07,,,Windows PC,,Played,Beaten,Owned,,,Digital,Steam,,1244,,,,"","",,"",No,,,"",,,,,,,,,"",7,,,,,,,2025-05-06T09:45:52.000Z,2025-06-01T03:56:10.000Z
121202,"Kandagawa Jet Girls",2020-08-25,,,Windows PC,,Unplayed,Not Started,Owned,,,Digital,Steam,,144,,,,,,,,,,,,,,,,,,,,,,,,,,,,2025-05-06T09:45:52.000Z,2025-05-06T09:45:52.000Z
152064,"Jurassic World Evolution 2",2021-11-09,,,Windows PC,,Played,Dropped,Owned,,,Digital,Steam,,334,,,,,,,,,,,,,,,,,,,,,,,,,,,,2025-05-06T09:45:52.000Z,2025-05-06T09:45:52.000Z
112437,"Khan VS Kahn",2017-10-16,,,Windows PC,,No Status,No Status,Owned,,,Digital,Steam,,0,,,,,,,,,,,,,,,,,,,,,,,,,,,,2025-05-06T09:45:52.000Z,2025-05-06T09:45:52.000Z
61648,"Keyboard Killers",2017-09-21,,,Windows PC,,No Status,No Status,Owned,,,Digital,Steam,,0,,,,,,,,,,,,,,,,,,,,,,,,,,,,2025-05-06T09:45:52.000Z,2025-05-06T09:45:52.000Z
28239,"Interkosmos",2017-04-25,,,Windows PC,,No Status,No Status,Owned,,,Digital,Steam,,0,,,,,,,,,,,,,,,,,,,,,,,,,,,,2025-05-06T09:45:52.000Z,2025-05-06T09:45:52.000Z
149952,"Instruments of Destruction",2024-05-10,,,Windows PC,,Unplayed,Not Started,Owned,,,Digital,Steam,,1,,,,,,,,,,,,,,,,,,,,,,,,,,,,2025-05-06T09:45:52.000Z,2025-05-06T09:45:52.000Z
117422,"KeyWe",2021-08-30,,,Windows PC,,Played,Beaten,Owned,,,Digital,Steam,,327,,,,,,,,,,,,,,,,,,,,,6,,,,,,,2025-05-06T09:45:52.000Z,2025-05-06T09:45:52.000Z
168124,"Keo",2021-12-09,,,Windows PC,,No Status,No Status,Owned,,,Digital,Steam,,0,,,,,,,,,,,,,,,,,,,,,,,,,,,,2025-05-06T09:45:52.000Z,2025-05-06T09:45:52.000Z
194208,"JoJo’s Bizarre Adventure: All-Star Battle R",2022-09-01,,,Windows PC,,Unplayed,Not Started,Owned,,,Digital,Steam,,131,,,,,,,,,,,,,,,,,,,,,,,,,,,,2025-05-06T09:45:52.000Z,2025-05-06T09:45:52.000Z
212652,"Islands of Insight",2024-02-13,,,Windows PC,,No Status,No Status,Owned,,,Digital,Steam,,0,,,,,,,,,,,,,,,,,,,,,,,,,,,,2025-05-06T09:45:52.000Z,2025-05-06T09:45:52.000Z
144379,"Intravenous",2021-07-26,,,Windows PC,,No Status,No Status,Owned,,,Digital,Steam,,0,,,,,,,,,,,,,,,,,,,,,,,,,,,,2025-05-06T09:45:52.000Z,2025-05-06T09:45:52.000Z
5039,"King's Bounty: The Legend",2008-09-23,,,Windows PC,,Unplayed,Not Started,Owned,,,Digital,Steam,,0,,,,,,,,,,,,,,,,,,,,,,,,,,,,2025-05-06T09:47:16.000Z,2025-05-06T09:47:16.000Z
3149,"LEGO Harry Potter: Years 1-4",2010-06-25,,,Windows PC,,Unplayed,Not Started,Owned,,,Digital,Steam,,58,,,,,,,,,,,,,,,,,,,,,,,,,,,,2025-05-06T09:47:16.000Z,2025-05-06T09:47:16.000Z
769,"Lara Croft and the Guardian of Light",2010-08-18,,,Windows PC,,No Status,No Status,Owned,,,Digital,Steam,,1,,,,,,,,,,,,,,,,,,,,,,,,,,,,2025-05-06T09:47:16.000Z,2025-05-06T09:47:16.000Z
3150,"LEGO Harry Potter: Years 5-7",2011-11-11,,,Windows PC,,Unplayed,Not Started,Owned,,,Digital,Steam,,0,,,,,,,,,,,,,,,,,,,,,,,,,,,,2025-05-06T09:47:16.000Z,2025-05-06T09:47:16.000Z
1059,"Kingdoms of Amalur: Reckoning",2012-02-07,,,Windows PC,,Unplayed,Not Started,Owned,,,Digital,Steam,,333,,,,"","",,"",No,,,"",,,,,,,,,"",,,,,,,,2025-05-06T09:47:16.000Z,2025-05-15T12:01:08.000Z
14676,"Kingdoms of Amalur: Reckoning - Teeth of Naros",2012-02-07,,,,DLC / Expansion,,Not Started,,,,,,,0,,,,,,,,,,,,,,,,,,,,,,,,,,,,2025-05-15T12:01:08.000Z,2025-05-15T12:01:08.000Z
10485,"Kingdoms of Amalur: Reckoning - The Legend of Dead Kel",2012-03-20,,,,DLC / Expansion,,Not Started,,,,,,,0,,,,,,,,,,,,,,,,,,,,,,,,,,,,2025-05-15T12:01:08.000Z,2025-05-15T12:01:08.000Z
4969,"LEGO The Lord of the Rings",2012-11-13,,,Windows PC,,Unplayed,Not Started,Owned,,,Digital,Steam,,0,,,,,,,,,,,,,,,,,,,,,,,,,,,,2025-05-06T09:47:16.000Z,2025-05-06T09:47:16.000Z
5901,"Legacy of Kain: Defiance",2003-11-11,,,Windows PC,,No Status,No Status,Owned,,,Digital,Steam,,0,,,,"","",,"",No,,,"",,,,,,,,,"",,,,,,,,2025-05-06T09:47:16.000Z,2025-08-11T17:50:30.000Z
4122,"Legacy of Kain: Soul Reaver",1999-08-16,,,Windows PC,,No Status,No Status,Owned,,,Digital,Steam,,0,,,,"","",,"",No,,,"",,,,,,,,,"",,,,,,,,2025-05-06T09:47:16.000Z,2025-08-11T17:50:33.000Z
7893,"Legacy of Kain: Soul Reaver 2",2001-10-31,,,Windows PC,,No Status,No Status,Owned,,,Digital,Steam,,0,,,,"","",,"",No,,,"",,,,,,,,,"",,,,,,,,2025-05-06T09:47:16.000Z,2025-08-11T17:50:36.000Z
122,"Left 4 Dead",2008-11-17,,,Windows PC,,Played,Beaten,Owned,,,Digital,Steam,,0,,,,,,,,,,,,,,,,,,,,,6,,,,,,,2025-05-06T09:47:16.000Z,2025-05-06T09:47:16.000Z
124,"Left 4 Dead 2",2009-11-17,,,Windows PC,,Played,Beaten,Owned,,,Digital,Steam,,215,,,,,,,,,,,,,,,,,,,,,8,,,,,,,2025-05-06T09:47:16.000Z,2025-05-06T09:47:16.000Z
16856,"La Tale",2014-05-02,,,Windows PC,,No Status,No Status,Owned,,,Digital,Steam,,31,,,,,,,,,,,,,,,,,,,,,,,,,,,,2025-05-06T09:47:16.000Z,2025-05-06T09:47:16.000Z
10515,"Light",2014-07-14,,,Windows PC,,No Status,No Status,Owned,,,Digital,Steam,,269,,,,,,,,,,,,,,,,,,,,,,,,,,,,2025-05-06T09:47:16.000Z,2025-05-06T09:47:16.000Z
17077,"Labyrinthine Dreams",2015-04-02,,,Windows PC,,No Status,No Status,Owned,,,Digital,Steam,,182,,,,,,,,,,,,,,,,,,,,,,,,,,,,2025-05-06T09:47:16.000Z,2025-05-06T09:47:16.000Z
4844,"LEGO The Hobbit",2014-04-08,,,Windows PC,,Unplayed,Not Started,Owned,,,Digital,Steam,,0,,,,,,,,,,,,,,,,,,,,,,,,,,,,2025-05-06T09:47:16.000Z,2025-05-06T09:47:16.000Z
17326,"Kraven Manor",2014-09-26,,,Windows PC,,No Status,No Status,Owned,,,Digital,Steam,,0,,,,,,,,,,,,,,,,,,,,,,,,,,,,2025-05-06T09:47:16.000Z,2025-05-06T09:47:16.000Z
17386,"Lemma",2015-04-02,,,Windows PC,,No Status,No Status,Owned,,,Digital,Steam,,191,,,,,,,,,,,,,,,,,,,,,,,,,,,,2025-05-06T09:47:16.000Z,2025-05-06T09:47:16.000Z
7599,"Life Is Strange",2015-01-29,,,Windows PC,,Unplayed,Not Started,Owned,,,Digital,Steam,,253,,,,,,,,,,,,,,,,,,,,,,,,,,,,2025-05-06T09:47:16.000Z,2025-05-06T09:47:16.000Z
26639,"Last Word",2015-05-09,,,Windows PC,,No Status,No Status,Owned,,,Digital,Steam,,248,,,,,,,,,,,,,,,,,,,,,,,,,,,,2025-05-06T09:47:16.000Z,2025-05-06T09:47:16.000Z
2449,"Lightning Returns: Final Fantasy XIII",2013-11-21,,,Windows PC,,Played,Beaten,Owned,,,Digital,Steam,,3648,,,,,,,,,,,,,,,,,,,,,8,,,,,,,2025-05-06T09:47:16.000Z,2025-05-06T09:47:16.000Z
2949,"Killing Floor",2009-05-14,,,Windows PC,,No Status,No Status,Owned,,,Digital,Steam,,282,,,,,,,,,,,,,,,,,,,,,,,,,,,,2025-05-06T09:47:16.000Z,2025-05-06T09:47:16.000Z
6748,"Killing Floor 2",2016-11-18,,,Windows PC,,Played,Beaten,Owned,,,Digital,Steam,,819,,,,,,,,,,,,,,,,,,,,,5,,,,,,,2025-05-06T09:47:16.000Z,2025-05-06T09:47:16.000Z
19089,"Knee Deep",2015-07-06,,,Windows PC,,No Status,No Status,Owned,,,Digital,Steam,,244,,,,,,,,,,,,,,,,,,,,,,,,,,,,2025-05-06T09:47:16.000Z,2025-05-06T09:47:16.000Z
31692,"Legacy of Dorn: Herald of Oblivion",2015-10-14,,,Windows PC,,No Status,No Status,Owned,,,Digital,Steam,,384,,,,,,,,,,,,,,,,,,,,,,,,,,,,2025-05-06T09:47:16.000Z,2025-05-06T09:47:16.000Z
12482,"Layers of Fear",2016-02-15,,,Windows PC,,No Status,No Status,Owned,,,Digital,Steam,,254,,,,,,,,,,,,,,,,,,,,,,,,,,,,2025-05-06T09:47:16.000Z,2025-05-06T09:47:16.000Z
34056,"Krum: Edge of Darkness",2015-11-24,,,Windows PC,,No Status,No Status,Owned,,,Digital,Steam,,455,,,,,,,,,,,,,,,,,,,,,,,,,,,,2025-05-06T09:47:16.000Z,2025-05-06T09:47:16.000Z
17030,"LEGO Star Wars: The Force Awakens",2016-06-27,,,Windows PC,,Unplayed,Not Started,Owned,,,Digital,Steam,,11,,,,,,,,,,,,,,,,,,,,,,,,,,,,2025-05-06T09:47:16.000Z,2025-05-06T09:47:16.000Z
11592,"Lara Croft Go",2015-08-27,,,Windows PC,,No Status,No Status,Owned,,,Digital,Steam,,283,,,,,,,,,,,,,,,,,,,,,,,,,,,,2025-05-06T09:47:16.000Z,2025-05-06T09:47:16.000Z
36912,"Laser League",2018-05-10,,,Windows PC,,No Status,No Status,Owned,,,Digital,Steam,,0,,,,,,,,,,,,,,,,,,,,,,,,,,,,2025-05-06T09:47:16.000Z,2025-05-06T09:47:16.000Z
82092,"Killing Time",2017-09-21,,,Windows PC,,No Status,No Status,Owned,,,Digital,Steam,,343,,,,,,,,,,,,,,,,,,,,,,,,,,,,2025-05-06T09:47:16.000Z,2025-05-06T09:47:16.000Z
63715,"King Exit",2017-10-12,,,Windows PC,,No Status,No Status,Owned,,,Digital,Steam,,285,,,,,,,,,,,,,,,,,,,,,,,,,,,,2025-05-06T09:47:16.000Z,2025-05-06T09:47:16.000Z
13686,"Kingdom: Classic",2015-10-21,,,Windows PC,,Unplayed,Not Started,Owned,,,Digital,Steam,,341,,,,,,,,,,,,,,,,,,,,,,,,,,,,2025-05-06T09:47:16.000Z,2025-05-06T09:47:16.000Z
4843,"Kingdom Come: Deliverance",2018-02-13,,,Windows PC,,Played,Dropped,Owned,,,Digital,Steam,,3047,,,,,,,,,,,,,,,,,,,,,5,,,,,,,2025-05-06T09:47:16.000Z,2025-05-06T09:47:16.000Z
102321,"LEGO DC Super-Villains",2018-10-16,,,Windows PC,,Unplayed,Not Started,Owned,,,Digital,Steam,,58,,,,,,,,,,,,,,,,,,,,,,,,,,,,2025-05-06T09:47:16.000Z,2025-05-06T09:47:16.000Z
95118,"Last Epoch",2024-02-21,,,Windows PC,,Played,Beaten,Owned,,,Digital,Steam,,1248,,,,,,,,,,,,,,,,,,,,,5,,,,,,,2025-05-06T09:47:16.000Z,2025-05-06T09:47:16.000Z
5883,"Kingdom Under Fire: The Crusaders",2004-10-12,,,Windows PC,,Unplayed,Not Started,Owned,,,Digital,Steam,,0,,,,,,,,,,,,,,,,,,,,,,,,,,,,2025-05-06T09:47:16.000Z,2025-05-06T09:47:16.000Z
131760,"Library of Ruina",2021-08-10,,,Windows PC,,Unplayed,Not Started,Owned,,,Digital,Steam,,413,,,,,,,,,,,,,,,,,,,,,,,,,,,,2025-05-06T09:47:16.000Z,2025-05-06T09:47:16.000Z
7325,"Lara Croft and the Temple of Osiris",2014-12-08,,,Windows PC,,No Status,No Status,Owned,,,Digital,Steam,,0,,,,,,,,,,,,,,,,,,,,,,,,,,,,2025-05-06T09:47:16.000Z,2025-05-06T09:47:16.000Z
137805,"Kingdoms Reborn",2020-11-03,,,Windows PC,,Unplayed,Not Started,Owned,,,Digital,Steam,,502,,,,"","",,"",No,,,"",,,,,,,,,"",,,,,,,,2025-05-06T09:47:16.000Z,2025-05-06T15:16:36.000Z
5882,"Kingdom Under Fire: Heroes",2005-09-20,,,Windows PC,,Unplayed,Not Started,Owned,,,Digital,Steam,,0,,,,,,,,,,,,,,,,,,,,,,,,,,,,2025-05-06T09:47:16.000Z,2025-05-06T09:47:16.000Z
144542,"Kitaria Fables",2021-09-01,,,Windows PC,,No Status,No Status,Owned,,,Digital,Steam,,6,,,,,,,,,,,,,,,,,,,,,,,,,,,,2025-05-06T09:47:16.000Z,2025-05-06T09:47:16.000Z
138733,"Lacuna",2021-05-20,,,Windows PC,,No Status,No Status,Owned,,,Digital,Steam,,274,,,,"","",,"",No,,,"",,,,,,,,,"",,,,,,,,2025-05-06T09:47:16.000Z,2025-08-11T18:01:25.000Z
62151,"Life Is Strange 2",2018-09-26,,,Windows PC,,Unplayed,Not Started,Owned,,,Digital,Steam,,0,,,,,,,,,,,,,,,,,,,,,,,,,,,,2025-05-06T09:47:16.000Z,2025-05-06T09:47:16.000Z
231547,"Let's School",2023-07-27,,,Windows PC,,Unplayed,Not Started,Owned,,,Digital,Steam,,362,,,,,,,,,,,,,,,,,,,,,,,,,,,,2025-05-06T09:47:16.000Z,2025-05-06T09:47:16.000Z
195019,"Knightfall: A Daring Journey",2022-04-01,,,Windows PC,,No Status,No Status,Owned,,,Digital,Steam,,0,,,,,,,,,,,,,,,,,,,,,,,,,,,,2025-05-06T09:47:16.000Z,2025-05-06T09:47:16.000Z
212089,"Lethal Company",2023-10-23,,,Windows PC,,Played,Dropped,Owned,,,Digital,Steam,,915,,,,,,,,,,,,,,,,,,,,,5,,,,,,,2025-05-06T09:47:16.000Z,2025-05-06T09:47:16.000Z
217597,"Like a Dragon: Ishin!",2023-02-21,,,Windows PC,,Played,Beaten,Owned,,,Digital,Steam,,2075,,,,"","",,"",No,,,"",,,,,,,,,"",7,,,,,,,2025-05-06T09:47:16.000Z,2026-06-10T08:25:21.000Z
217624,"Like a Dragon Gaiden: The Man Who Erased His Name",2023-11-09,,,Windows PC,,Unplayed,Not Started,Owned,,,Digital,Steam,,0,,,,,,,,,,,,,,,,,,,,,,,,,,,,2025-05-06T09:47:16.000Z,2025-05-06T09:47:16.000Z
217623,"Like a Dragon: Infinite Wealth",2024-01-26,,,Windows PC,,Unplayed,Not Started,Owned,,,Digital,Steam,,0,,,,,,,,,,,,,,,,,,,,,,,,,,,,2025-05-06T09:47:16.000Z,2025-05-06T09:47:16.000Z
107238,"Langrisser I & II",2019-04-18,,,Windows PC,,Unplayed,Not Started,Owned,,,Digital,Steam,,587,,,,,,,,,,,,,,,,,,,,,,,,,,,,2025-05-06T09:47:16.000Z,2025-05-06T09:47:16.000Z
284200,"Langrisser I",2019-04-18,,,,Bundled Game,,Not Started,,,,,,,,,,,,,,,,,,,,,,,,,,,,,,,,,,,2025-05-06T09:47:16.000Z,2025-05-06T09:47:16.000Z
284201,"Langrisser II",2019-04-18,,,,Bundled Game,,Not Started,,,,,,,,,,,,,,,,,,,,,,,,,,,,,,,,,,,2025-05-06T09:47:16.000Z,2025-05-06T09:47:16.000Z
18,"Max Payne",2001-07-23,,,Windows PC,,Played,Beaten,Owned,,,Digital,Steam,,0,,,,,,,,,,,,,,,,,,,,,8,,,,,,,2025-05-06T09:48:40.000Z,2025-05-06T09:48:40.000Z
19,"Max Payne 2: The Fall of Max Payne",2003-10-14,,,Windows PC,,Unplayed,Not Started,Owned,,,Digital,Steam,,0,,,,,,,,,,,,,,,,,,,,,,,,,,,,2025-05-06T09:48:40.000Z,2025-05-06T09:48:40.000Z
5778,"Lucius",2012-10-26,,,Windows PC,,No Status,No Status,Owned,,,Digital,Steam,,283,,,,,,,,,,,,,,,,,,,,,,,,,,,,2025-05-06T09:48:40.000Z,2025-05-06T09:48:40.000Z
73,"Mass Effect",2007-11-20,,,Windows PC,,Played,Beaten,Owned,,,Digital,Steam,,0,,,,,,,,,,,,,,,,,,,,,8,,,,,,,2025-05-06T09:48:40.000Z,2025-05-06T09:48:40.000Z
74,"Mass Effect 2",2010-01-26,,,Windows PC,,Played,Beaten,Owned,,,Digital,Steam,,197,,,,,,,,,,,,,,,,,,,,,9,,,,,,,2025-05-06T09:48:40.000Z,2025-05-06T09:48:40.000Z
960,"Max Payne 3",2012-05-15,,,Windows PC,,Unplayed,Not Started,Owned,,,Digital,Steam,,0,,,,,,,,,,,,,,,,,,,,,,,,,,,,2025-05-06T09:48:40.000Z,2025-05-06T09:48:40.000Z
50881,"Magic: The Gathering - Tactics",2011-01-18,,,Windows PC,,No Status,No Status,Owned,,,Digital,Steam,,0,,,,,,,,,,,,,,,,,,,,,,,,,,,,2025-05-06T09:48:40.000Z,2025-05-06T09:48:40.000Z
3224,"Loadout",2014-01-31,,,Windows PC,,No Status,No Status,Owned,,,Digital,Steam,,0,,,,,,,,,,,,,,,,,,,,,,,,,,,,2025-05-06T09:48:40.000Z,2025-05-06T09:48:40.000Z
21492,"Mabinogi",2004-06-22,,,Windows PC,,No Status,No Status,Owned,,,Digital,Steam,,0,,,,,,,,,,,,,,,,,,,,,,,,,,,,2025-05-06T09:48:40.000Z,2025-05-06T09:48:40.000Z
1916,"Lost Planet 3",2013-08-26,,,Windows PC,,No Status,No Status,Owned,,,Digital,Steam,,216,,,,,,,,,,,,,,,,,,,,,,,,,,,,2025-05-06T09:48:40.000Z,2025-05-06T09:48:40.000Z
9239,"Ludwig",2014-06-06,,,Windows PC,,No Status,No Status,Owned,,,Digital,Steam,,0,,,,,,,,,,,,,,,,,,,,,,,,,,,,2025-05-06T09:48:40.000Z,2025-05-06T09:48:40.000Z
8721,"Mechs and Mercs: Black Talons",2015-01-09,,,Windows PC,,No Status,No Status,Owned,,,Digital,Steam,,219,,,,,,,,,,,,,,,,,,,,,,,,,,,,2025-05-06T09:48:40.000Z,2025-05-06T09:48:40.000Z
58148,"Melissa K. and the Heart of Gold",2014-07-23,36235,"Melissa K. and the Heart of Gold: Collector's Edition",Windows PC,,No Status,No Status,Owned,,,Digital,Steam,,278,,,,,,,,,,,,,,,,,,,,,,,,,,,,2025-05-06T09:48:40.000Z,2025-05-06T09:48:40.000Z
9115,"Medieval Engineers",2015-02-19,,,Windows PC,,No Status,No Status,Owned,,,Digital,Steam,,0,,,,,,,,,,,,,,,,,,,,,,,,,,,,2025-05-06T09:48:40.000Z,2025-05-06T09:48:40.000Z
28582,"Marble Duel",2015-11-12,,,Windows PC,,No Status,No Status,Owned,,,Digital,Steam,,333,,,,,,,,,,,,,,,,,,,,,,,,,,,,2025-05-06T09:48:40.000Z,2025-05-06T09:48:40.000Z
35965,"Lux Delux",2015-05-01,,,Windows PC,,No Status,No Status,Owned,,,Digital,Steam,,185,,,,,,,,,,,,,,,,,,,,,,,,,,,,2025-05-06T09:48:40.000Z,2025-05-06T09:48:40.000Z
35548,"Math Rescue",1992-10-01,,,Windows PC,,No Status,No Status,Owned,,,Digital,Steam,,0,,,,,,,,,,,,,,,,,,,,,,,,,,,,2025-05-06T09:48:40.000Z,2025-05-06T09:48:40.000Z
35504,"Major Stryker",1993-01-15,,,Windows PC,,No Status,No Status,Owned,,,Digital,Steam,,0,,,,,,,,,,,,,,,,,,,,,,,,,,,,2025-05-06T09:48:40.000Z,2025-05-06T09:48:40.000Z
9807,"Magicka 2",2015-05-26,,,Windows PC,,Played,Beaten,Owned,,,Digital,Steam,,447,,,,,,,,,,,,,,,,,,,,,4,,,,,,,2025-05-06T09:48:40.000Z,2025-05-06T09:48:40.000Z
2552,"Mad Max",2015-09-01,,,Windows PC,,Played,Beaten,Owned,,,Digital,Steam,,1792,,,,,,,,,,,,,,,,,,,,,8,,,,,,,2025-05-06T09:48:40.000Z,2025-05-06T09:48:40.000Z
440,"Medieval II: Total War",2006-11-10,,,Windows PC,,Played,Beaten,Owned,,,Digital,Steam,,211,,,,,,,,,,,,,,,,,,,,,8,,,,,,,2025-05-06T09:48:40.000Z,2025-05-06T09:48:40.000Z
54806,"Luna Online: Reborn",2017-10-17,,,Windows PC,,No Status,No Status,Owned,,,Digital,Steam,,271,,,,,,,,,,,,,,,,,,,,,,,,,,,,2025-05-06T09:48:40.000Z,2025-05-06T09:48:40.000Z
9620,"Megadimension Neptunia VII",2015-04-23,,,Windows PC,,Unplayed,Not Started,Owned,,,Digital,Steam,,337,,,,,,,,,,,,,,,,,,,,,,,,,,,,2025-05-06T09:48:40.000Z,2025-05-06T09:48:40.000Z
25638,"Meadow",2016-10-26,,,Windows PC,,No Status,No Status,Owned,,,Digital,Steam,,296,,,,,,,,,,,,,,,,,,,,,,,,,,,,2025-05-06T09:48:40.000Z,2025-05-06T09:48:40.000Z
1331,"Limbo",2010-07-21,,,Windows PC,,Played,Beaten,Owned,,,Digital,Steam,,282,,,,,,,,,,,,,,,,,,,,,5,,,,,,,2025-05-06T09:48:40.000Z,2025-05-06T09:48:40.000Z
24867,"Megatagmension Blanc + Neptune VS Zombies",2015-10-15,,,Windows PC,,Unplayed,Not Started,Owned,,,Digital,Steam,,457,,,,,,,,,,,,,,,,,,,,,,,,,,,,2025-05-06T09:48:40.000Z,2025-05-06T09:48:40.000Z
18688,"Manual Samuel",2016-10-11,,,Windows PC,,No Status,No Status,Owned,,,Digital,Steam,,403,,,,,,,,,,,,,,,,,,,,,,,,,,,,2025-05-06T09:48:40.000Z,2025-05-06T09:48:40.000Z
11492,"Mafia III",2016-10-07,134073,"Mafia III: Definitive Edition",Windows PC,,Unplayed,Not Started,Owned,,,Digital,Steam,,333,,,,,,,,,,,,,,,,,,,,,,,,,,,,2025-05-06T09:48:40.000Z,2025-05-06T09:48:40.000Z
26541,"LoveKami -Divinity Stage-",2016-12-15,,,Windows PC,,No Status,No Status,Owned,,,Digital,Steam,,304,,,,,,,,,,,,,,,,,,,,,,,,,,,,2025-05-06T09:48:40.000Z,2025-05-06T09:48:40.000Z
30557,"Masky",2016-12-16,,,Windows PC,,No Status,No Status,Owned,,,Digital,Steam,,287,,,,,,,,,,,,,,,,,,,,,,,,,,,,2025-05-06T09:48:40.000Z,2025-05-06T09:48:40.000Z
28375,"LoveKami -Useless Goddess-",2017-05-29,,,Windows PC,,No Status,No Status,Owned,,,Digital,Steam,,304,,,,,,,,,,,,,,,,,,,,,,,,,,,,2025-05-06T09:48:40.000Z,2025-05-06T09:48:40.000Z
40844,"Material Girl",2017-06-20,,,Windows PC,,No Status,No Status,Owned,,,Digital,Steam,,308,,,,,,,,,,,,,,,,,,,,,,,,,,,,2025-05-06T09:48:40.000Z,2025-05-06T09:48:40.000Z
36610,"Megadimension Neptunia VIIR",2017-08-24,,,Windows PC,,Unplayed,Not Started,Owned,,,Digital,Steam,,280,,,,,,,,,,,,,,,,,,,,,,,,,,,,2025-05-06T09:48:40.000Z,2025-05-06T09:48:40.000Z
78063,"M.A.S.S. Builder",2025-09-14,,,Windows PC,,No Status,No Status,Owned,,,Digital,Steam,,83,,,,"","",,"",No,,,"",,,,,,,,,"",,,,,,,,2025-05-06T09:48:40.000Z,2025-05-06T12:55:01.000Z
40,"Mafia II",2010-08-24,,,Windows PC,,Played,Beaten,Owned,,,Digital,Steam,,749,,,,,,,,,,,,,,,,,,,,,7,,,,,,,2025-05-06T09:48:40.000Z,2025-05-06T09:48:40.000Z
134071,"Mafia II: Definitive Edition",2020-05-19,,,Windows PC,,No Status,No Status,Owned,,,Digital,Steam,,0,,,,,,,,,,,,,,,,,,,,,,,,,,,,2025-05-06T09:48:40.000Z,2025-05-06T09:48:40.000Z
134070,"Mafia: Definitive Edition",2020-09-25,,,Windows PC,,Played,Beaten,Owned,,,Digital,Steam,,615,,,,,,,,,,,,,,,,,,,,,8,,,,,,,2025-05-06T09:48:40.000Z,2025-05-06T09:48:40.000Z
121987,"Martian Law",2019-10-18,,,Windows PC,,No Status,No Status,Owned,,,Digital,Steam,,0,,,,,,,,,,,,,,,,,,,,,,,,,,,,2025-05-06T09:48:40.000Z,2025-05-06T09:48:40.000Z
141533,"Loop Hero",2021-03-04,,,Windows PC,,Played,Dropped,Owned,,,Digital,Steam,,112,,,,,,,,,,,,,,,,,,,,,,,,,,,,2025-05-06T09:48:40.000Z,2025-05-06T09:48:40.000Z
120070,"Lost Daughter",2019-07-09,,,Windows PC,,No Status,No Status,Owned,,,Digital,Steam,,0,,,,,,,,,,,,,,,,,,,,,,,,,,,,2025-05-06T09:48:40.000Z,2025-05-06T09:48:40.000Z
150462,"Lost in Play",2022-08-10,,,Windows PC,,No Status,No Status,Owned,,,Digital,Steam,,0,,,,,,,,,,,,,,,,,,,,,,,,,,,,2025-05-06T09:48:40.000Z,2025-05-06T09:48:40.000Z
142661,"Mad Games Tycoon 2",2023-05-31,,,Windows PC,,Played,Beaten,Owned,,,Digital,Steam,,955,,,,,,,,,,,,,,,,,,,,,6,,,,,,,2025-05-06T09:48:40.000Z,2025-05-06T09:48:40.000Z
137206,"Manor Lords",2024-04-26,,,Windows PC,,Unplayed,Not Started,Owned,,,Digital,Steam,,10,,,,,,,,,,,,,,,,,,,,,,,,,,,,2025-05-06T09:48:40.000Z,2025-05-06T09:48:40.000Z
8286,"Magrunner: Dark Pulse",2013-06-20,,,Windows PC,,No Status,No Status,Owned,,,Digital,Steam,,0,,,,,,,,,,,,,,,,,,,,,,,,,,,,2025-05-06T09:48:40.000Z,2025-05-06T09:48:40.000Z
21593,"Lords of the Fallen",2023-10-13,,,Windows PC,,Played,Beaten,Owned,,,Digital,Steam,,3303,,,,,,,,,,,,,,,,,,,,,8,,,,,,,2025-05-06T09:48:40.000Z,2025-05-06T09:48:40.000Z
26128,"Lost Ark",2018-12-04,,,Windows PC,,Played,Dropped,Owned,,,Digital,Steam,,5885,,,,"","",,"",No,,,"",,,,,,,,,"",3,,,,,,,2025-05-06T09:48:40.000Z,2025-05-06T15:19:14.000Z
191407,"Live A Live",2022-07-22,,,Windows PC,,Played,Beaten,Owned,,,Digital,Steam,,1846,,,,"","",,"",No,,,"",,,,,,,,,"",8,,,,,,,2025-05-06T09:48:40.000Z,2025-12-01T14:22:47.000Z
39,"Mafia",2002-08-29,,,Windows PC,,No Status,No Status,Owned,,,Digital,Steam,,0,,,,,,,,,,,,,,,,,,,,,,,,,,,,2025-05-06T09:48:40.000Z,2025-05-06T09:48:40.000Z
163777,"Machinika Museum",2021-03-23,,,Windows PC,,No Status,No Status,Owned,,,Digital,Steam,,0,,,,,,,,,,,,,,,,,,,,,,,,,,,,2025-05-06T09:48:40.000Z,2025-05-06T09:48:40.000Z
2192,"Mini Ninjas",2009-09-08,,,Windows PC,,No Status,No Status,Owned,,,Digital,Steam,,0,,,,,,,,,,,,,,,,,,,,,,,,,,,,2025-05-06T09:49:57.000Z,2025-05-06T09:49:57.000Z
28724,"Memoir '44 Online",2011-10-12,,,Windows PC,,No Status,No Status,Owned,,,Digital,Steam,,1,,,,,,,,,,,,,,,,,,,,,,,,,,,,2025-05-06T09:49:57.000Z,2025-05-06T09:49:57.000Z
16263,"MicroVolts Surge",2012-06-04,,,Windows PC,,No Status,No Status,Owned,,,Digital,Steam,,0,,,,,,,,,,,,,,,,,,,,,,,,,,,,2025-05-06T09:49:57.000Z,2025-05-06T09:49:57.000Z
16350,"Moon Breakers",2012-04-04,,,Windows PC,,No Status,No Status,Owned,,,Digital,Steam,,0,,,,,,,,,,,,,,,,,,,,,,,,,,,,2025-05-06T09:49:57.000Z,2025-05-06T09:49:57.000Z
9608,"Mount & Blade II: Bannerlord",2020-03-30,,,Windows PC,,Played,Beaten,Owned,,,Digital,Steam,,1949,,,,,,,,,,,,,,,,,,,,,7,,,,,,,2025-05-06T09:49:57.000Z,2025-05-06T09:49:57.000Z
378,"Metal Gear Rising: Revengeance",2013-02-19,,,Windows PC,,Played,Beaten,Owned,,,Digital,Steam,,399,,,,,,,,,,,,,,,,,,,,,8,,,,,,,2025-05-06T09:49:57.000Z,2025-05-06T09:49:57.000Z
3188,"Murdered: Soul Suspect",2014-06-03,,,Windows PC,,Unplayed,Not Started,Owned,,,Digital,Steam,,238,,,,,,,,,,,,,,,,,,,,,,,,,,,,2025-05-06T09:49:57.000Z,2025-05-06T09:49:57.000Z
17534,"Memories of a Vagabond",2014-07-07,,,Windows PC,,No Status,No Status,Owned,,,Digital,Steam,,212,,,,,,,,,,,,,,,,,,,,,,,,,,,,2025-05-06T09:49:57.000Z,2025-05-06T09:49:57.000Z
11736,"Mountain",2014-07-01,,,Windows PC,,No Status,No Status,Owned,,,Digital,Steam,,504,,,,,,,,,,,,,,,,,,,,,,,,,,,,2025-05-06T09:49:57.000Z,2025-05-06T09:49:57.000Z
2519,"Mystic Towers",1994-07-15,,,Windows PC,,No Status,No Status,Owned,,,Digital,Steam,,0,,,,,,,,,,,,,,,,,,,,,,,,,,,,2025-05-06T09:49:57.000Z,2025-05-06T09:49:57.000Z
35550,"Monuments of Mars",1990-01-01,,,Windows PC,,No Status,No Status,Owned,,,Digital,Steam,,0,,,,,,,,,,,,,,,,,,,,,,,,,,,,2025-05-06T09:49:57.000Z,2025-05-06T09:49:57.000Z
19345,"Moto Racer 4",2016-10-13,,,Windows PC,,No Status,No Status,Owned,,,Digital,Steam,,638,,,,,,,,,,,,,,,,,,,,,,,,,,,,2025-05-06T09:49:57.000Z,2025-05-06T09:49:57.000Z
125701,"MMORPG Tycoon 2",2020-01-06,,,Windows PC,,Played,Beaten,Owned,,,Digital,Steam,,640,,,,,,,,,,,,,,,,,,,,,5,,,,,,,2025-05-06T09:49:57.000Z,2025-05-06T09:49:57.000Z
32797,"Mind Spheres",2016-07-08,,,Windows PC,,No Status,No Status,Owned,,,Digital,Steam,,232,,,,,,,,,,,,,,,,,,,,,,,,,,,,2025-05-06T09:49:57.000Z,2025-05-06T09:49:57.000Z
31311,"Monsti",2016-09-12,,,Windows PC,,No Status,No Status,Owned,,,Digital,Steam,,336,,,,,,,,,,,,,,,,,,,,,,,,,,,,2025-05-06T09:49:57.000Z,2025-05-06T09:49:57.000Z
1985,"Metal Gear Solid V: The Phantom Pain",2015-09-01,,,Windows PC,,Unplayed,Not Started,Owned,,,Digital,Steam,,395,,,,,,,,,,,,,,,,,,,,,,,,,,,,2025-05-06T09:49:57.000Z,2025-05-06T09:49:57.000Z
5328,"Metal Gear Solid V: Ground Zeroes",2014-03-18,,,Windows PC,,No Status,No Status,Owned,,,Digital,Steam,,0,,,,,,,,,,,,,,,,,,,,,,,,,,,,2025-05-06T09:49:57.000Z,2025-05-06T09:49:57.000Z
28081,"NBA Playgrounds",2017-05-08,,,Windows PC,,No Status,No Status,Owned,,,Digital,Steam,,1,,,,,,,,,,,,,,,,,,,,,,,,,,,,2025-05-06T09:49:57.000Z,2025-05-06T09:49:57.000Z
26811,"Mysterium",2017-01-12,,,Windows PC,,No Status,No Status,Owned,,,Digital,Steam,,0,,,,,,,,,,,,,,,,,,,,,,,,,,,,2025-05-06T09:49:57.000Z,2025-05-06T09:49:57.000Z
27150,"Minion Masters",2019-05-24,,,Windows PC,,No Status,No Status,Owned,,,Digital,Steam,,394,,,,,,,,,,,,,,,,,,,,,,,,,,,,2025-05-06T09:49:57.000Z,2025-05-06T09:49:57.000Z
27208,"Mothergunship",2018-07-17,,,Windows PC,,Unplayed,Not Started,Owned,,,Digital,Steam,,483,,,,,,,,,,,,,,,,,,,,,,,,,,,,2025-05-06T09:49:57.000Z,2025-05-06T09:49:57.000Z
27771,"Moonlighter",2018-05-29,,,Windows PC,,Unplayed,Not Started,Owned,,,Digital,Steam,,467,,,,,,,,,,,,,,,,,,,,,,,,,,,,2025-05-06T09:49:57.000Z,2025-05-06T09:49:57.000Z
55536,"Mirror",2017-09-21,,,Windows PC,,No Status,No Status,Owned,,,Digital,Steam,,419,,,,,,,,,,,,,,,,,,,,,,,,,,,,2025-05-06T09:49:57.000Z,2025-05-06T09:49:57.000Z
39765,"Merri Puzzle",2017-06-22,,,Windows PC,,No Status,No Status,Owned,,,Digital,Steam,,0,,,,,,,,,,,,,,,,,,,,,,,,,,,,2025-05-06T09:49:57.000Z,2025-05-06T09:49:57.000Z
29326,"Mob Rule Classic",2010-02-09,,,Windows PC,,No Status,No Status,Owned,,,Digital,Steam,,0,,,,,,,,,,,,,,,,,,,,,,,,,,,,2025-05-06T09:49:57.000Z,2025-05-06T09:49:57.000Z
18147,"Mirage: Arcane Warfare",2017-05-23,,,Windows PC,,No Status,No Status,Owned,,,Digital,Steam,,186,,,,,,,,,,,,,,,,,,,,,,,,,,,,2025-05-06T09:49:57.000Z,2025-05-06T09:49:57.000Z
8739,"Monaco: What's Yours Is Mine",2013-04-24,,,Windows PC,,No Status,No Status,Owned,,,Digital,Steam,,242,,,,,,,,,,,,,,,,,,,,,,,,,,,,2025-05-06T09:49:57.000Z,2025-05-06T09:49:57.000Z
11778,"Muv-Luv",2011-10-27,,,Windows PC,,Unplayed,Not Started,Owned,,,Digital,Steam,,582,,,,,,,,,,,,,,,,,,,,,,,,,,,,2025-05-06T09:49:57.000Z,2025-05-06T09:49:57.000Z
11781,"Muv-Luv Alternative",2006-02-24,,,Windows PC,,Unplayed,Not Started,Owned,,,Digital,Steam,,531,,,,,,,,,,,,,,,,,,,,,,,,,,,,2025-05-06T09:49:57.000Z,2025-05-06T09:49:57.000Z
27421,"Middle-earth: Shadow of War",2017-10-10,,,Windows PC,,Played,Completed,Owned,,,Digital,Steam,,4119,,,,"","",,"",No,,,"",,,,,,,,,"",8,,,,,,,2025-05-06T09:49:57.000Z,2025-05-09T09:32:20.000Z
36926,"Monster Hunter: World",2018-01-26,,,Windows PC,,Played,Beaten,Owned,,,Digital,Steam,,14880,,,,,,,,,,,,,,,,,,,,,7,,,,,,,2025-05-06T09:49:57.000Z,2025-05-06T09:49:57.000Z
11803,"Muv-Luv Photonflowers*",2014-04-24,,,Windows PC,,Unplayed,Not Started,Owned,,,Digital,Steam,,150,,,,,,,,,,,,,,,,,,,,,,,,,,,,2025-05-06T09:49:57.000Z,2025-05-06T09:49:57.000Z
11801,"Muv-Luv Photonmelodies",2014-09-04,,,Windows PC,,Unplayed,Not Started,Owned,,,Digital,Steam,,366,,,,,,,,,,,,,,,,,,,,,,,,,,,,2025-05-06T09:49:57.000Z,2025-05-06T09:49:57.000Z
28175,"Naruto to Boruto: Shinobi Striker",2018-08-30,,,Windows PC,,No Status,No Status,Owned,,,Digital,Steam,,103,,,,,,,,,,,,,,,,,,,,,,,,,,,,2025-05-06T09:49:57.000Z,2025-05-06T09:49:57.000Z
37016,"Metro Exodus",2019-02-15,,,Windows PC,,No Status,No Status,Owned,,,Digital,Steam,,354,,,,,,,,,,,,,,,,,,,,,,,,,,,,2025-05-06T09:49:57.000Z,2025-05-06T09:49:57.000Z
143292,"Metro Exodus: Enhanced Edition",2021-05-06,,,Windows PC,,Played,Beaten,Owned,,,Digital,Steam,,744,,,,,,,,,,,,,,,,,,,,,6,,,,,,,2025-05-06T09:49:57.000Z,2025-05-06T09:49:57.000Z
8116,"NaissanceE",2014-02-13,,,Windows PC,,No Status,No Status,Owned,,,Digital,Steam,,0,,,,,,,,,,,,,,,,,,,,,,,,,,,,2025-05-06T09:49:57.000Z,2025-05-06T09:49:57.000Z
30265,"Mobile Astro",2016-12-15,,,Windows PC,,No Status,No Status,Owned,,,Digital,Steam,,0,,,,,,,,,,,,,,,,,,,,,,,,,,,,2025-05-06T09:49:57.000Z,2025-05-06T09:49:57.000Z
495,"Metro 2033",2010-03-16,,,Windows PC,,Played,Beaten,Owned,,,Digital,Steam,,0,,,,,,,,,,,,,,,,,,,,,7,,,,,,,2025-05-06T09:49:57.000Z,2025-05-06T09:49:57.000Z
85526,"Murderous Pursuits",2018-04-26,,,Windows PC,,No Status,No Status,Owned,,,Digital,Steam,,334,,,,,,,,,,,,,,,,,,,,,,,,,,,,2025-05-06T09:49:57.000Z,2025-05-06T09:49:57.000Z
134560,"Metal: Hellsinger",2022-09-15,,,Windows PC,,Unplayed,Not Started,Owned,,,Digital,Steam,,25,,,,,,,,,,,,,,,,,,,,,,,,,,,,2025-05-06T09:49:57.000Z,2025-05-06T09:49:57.000Z
126806,"Nebuchadnezzar",2021-02-17,,,Windows PC,,Unplayed,Not Started,Owned,,,Digital,Steam,,484,,,,,,,,,,,,,,,,,,,,,,,,,,,,2025-05-06T09:49:57.000Z,2025-05-06T09:49:57.000Z
27016,"Merry Snowballs",2016-12-15,,,Windows PC,,No Status,No Status,Owned,,,Digital,Steam,,0,,,,"","",,"",No,,,"",,,,,,,,,"",,,,,,,,2025-05-06T09:49:57.000Z,2026-07-15T07:26:03.000Z
138951,"Monster Hunter Stories 2: Wings of Ruin",2021-07-08,,,Windows PC,,Unplayed,Not Started,Owned,,,Digital,Steam,,414,,,,,,,,,,,,,,,,,,,,,,,,,,,,2025-05-06T09:49:57.000Z,2025-05-06T09:49:57.000Z
132050,"Mortal Shell",2020-08-18,,,Windows PC,,Unplayed,Not Started,Owned,,,Digital,Steam,,200,,,,,,,,,,,,,,,,,,,,,,,,,,,,2025-05-06T09:49:57.000Z,2025-05-06T09:49:57.000Z
138950,"Monster Hunter Rise",2021-03-26,,,Windows PC,,Unplayed,Not Started,Owned,,,Digital,Steam,,510,,,,,,,,,,,,,,,,,,,,,,,,,,,,2025-05-06T09:49:57.000Z,2025-05-06T09:49:57.000Z
539,"Metro: Last Light",2013-05-14,,,Windows PC,,Played,Beaten,Owned,,,Digital,Steam,,0,,,,,,,,,,,,,,,,,,,,,7,,,,,,,2025-05-06T09:49:57.000Z,2025-05-06T09:49:57.000Z
29648,"Minimalism",2017-02-08,,,Windows PC,,No Status,No Status,Owned,,,Digital,Steam,,0,,,,,,,,,,,,,,,,,,,,,,,,,,,,2025-05-06T09:49:58.000Z,2025-05-06T09:49:58.000Z
19832,"Mortal Kombat Arcade Kollection",2011-08-30,,,Windows PC,,No Status,No Status,Owned,,,Digital,Steam,,0,,,,,,,,,,,,,,,,,,,,,,,,,,,,2025-05-06T09:49:58.000Z,2025-05-06T09:49:58.000Z
1618,"Mortal Kombat",1992-08-02,,,,Bundled Game,,No Status,,,,,,,,,,,,,,,,,,,,,,,,,,,,,,,,,,,2025-05-06T09:49:58.000Z,2025-05-06T09:49:58.000Z
1619,"Mortal Kombat II",1994-01-01,,,,Bundled Game,,No Status,,,,,,,,,,,,,,,,,,,,,,,,,,,,,,,,,,,2025-05-06T09:49:58.000Z,2025-05-06T09:49:58.000Z
1621,"Ultimate Mortal Kombat 3",1995-11-06,,,,Bundled Game,,No Status,,,,,,,,,,,,,,,,,,,,,,,,,,,,,,,,,,,2025-05-06T09:49:58.000Z,2025-05-06T09:49:58.000Z
10644,"Order of War",2009-09-22,,,Windows PC,,No Status,No Status,Owned,,,Digital,Steam,,0,,,,,,,,,,,,,,,,,,,,,,,,,,,,2025-05-06T09:51:29.000Z,2025-05-06T09:51:29.000Z
15128,"NightSky",2011-02-02,,,Windows PC,,No Status,No Status,Owned,,,Digital,Steam,,5,,,,,,,,,,,,,,,,,,,,,,,,,,,,2025-05-06T09:51:29.000Z,2025-05-06T09:51:29.000Z
451,"Operation Flashpoint: Dragon Rising",2009-10-06,,,Windows PC,,No Status,No Status,Owned,,,Digital,Steam,,0,,,,,,,,,,,,,,,,,,,,,,,,,,,,2025-05-06T09:51:29.000Z,2025-05-06T09:51:29.000Z
8372,"Orcs Must Die! 2",2012-07-30,,,Windows PC,,No Status,No Status,Owned,,,Digital,Steam,,363,,,,"","",,"",No,,,"",,,,,,,,,"",,,,,,,,2025-05-06T09:51:29.000Z,2025-05-06T13:01:22.000Z
19903,"Nights Into Dreams",2008-02-21,,,Windows PC,,No Status,No Status,Owned,,,Digital,Steam,,0,,,,,,,,,,,,,,,,,,,,,,,,,,,,2025-05-06T09:51:29.000Z,2025-05-06T09:51:29.000Z
1908,"Neverwinter",2013-06-20,,,Windows PC,,Played,Dropped,Owned,,,Digital,Steam,,1097,,,,,,,,,,,,,,,,,,,,,3,,,,,,,2025-05-06T09:51:29.000Z,2025-05-06T09:51:29.000Z
6859,"Organ Trail: Director's Cut",2012-08-09,,,Windows PC,,No Status,No Status,Owned,,,Digital,Steam,,336,,,,,,,,,,,,,,,,,,,,,,,,,,,,2025-05-06T09:51:29.000Z,2025-05-06T09:51:29.000Z
35289,"No Time to Explain: Remastered",2015-07-17,,,Windows PC,,No Status,No Status,Owned,,,Digital,Steam,,183,,,,,,,,,,,,,,,,,,,,,,,,,,,,2025-05-06T09:51:29.000Z,2025-05-06T09:51:29.000Z
8963,"Oniken",2012-06-21,,,Windows PC,,No Status,No Status,Owned,,,Digital,Steam,,291,,,,,,,,,,,,,,,,,,,,,,,,,,,,2025-05-06T09:51:29.000Z,2025-05-06T09:51:29.000Z
8138,"Neverending Nightmares",2014-09-26,,,Windows PC,,No Status,No Status,Owned,,,Digital,Steam,,183,,,,,,,,,,,,,,,,,,,,,,,,,,,,2025-05-06T09:51:29.000Z,2025-05-06T09:51:29.000Z
1982,"Omikron: The Nomad Soul",1999-10-31,,,Windows PC,,No Status,No Status,Owned,,,Digital,Steam,,0,,,,,,,,,,,,,,,,,,,,,,,,,,,,2025-05-06T09:51:29.000Z,2025-05-06T09:51:29.000Z
13099,"One Way Heroics",2014-02-28,,,Windows PC,,No Status,No Status,Owned,,,Digital,Steam,,209,,,,,,,,,,,,,,,,,,,,,,,,,,,,2025-05-06T09:51:29.000Z,2025-05-06T09:51:29.000Z
5551,"Nidhogg",2014-01-13,,,Windows PC,,No Status,No Status,Owned,,,Digital,Steam,,251,,,,"","",,"",No,,,"",,,,,,,,,"",,,,,,,,2025-05-06T09:51:29.000Z,2025-05-06T13:00:14.000Z
450,"Operation Flashpoint: Red River",2011-04-21,,,Windows PC,,No Status,No Status,Owned,,,Digital,Steam,,0,,,,,,,,,,,,,,,,,,,,,,,,,,,,2025-05-06T09:51:29.000Z,2025-05-06T09:51:29.000Z
7768,"OlliOlli",2014-01-22,,,Windows PC,,No Status,No Status,Owned,,,Digital,Steam,,0,,,,,,,,,,,,,,,,,,,,,,,,,,,,2025-05-06T09:51:29.000Z,2025-05-06T09:51:29.000Z
10603,"Numba Deluxe",2014-05-23,,,Windows PC,,No Status,No Status,Owned,,,Digital,Steam,,0,,,,,,,,,,,,,,,,,,,,,,,,,,,,2025-05-06T09:51:29.000Z,2025-05-06T09:51:29.000Z
5627,"Nosgoth",,,,Windows PC,,No Status,No Status,Owned,,,Digital,Steam,,209,,,,,,,,,,,,,,,,,,,,,,,,,,,,2025-05-06T09:51:29.000Z,2025-05-06T09:51:29.000Z
11417,"Odallus: The Dark Call",2015-07-15,,,Windows PC,,No Status,No Status,Owned,,,Digital,Steam,,290,,,,,,,,,,,,,,,,,,,,,,,,,,,,2025-05-06T09:51:29.000Z,2025-05-06T09:51:29.000Z
999,"Oddworld: Abe's Oddysee",1997-09-18,,,Windows PC,,No Status,No Status,Owned,,,Digital,Steam,,272,,,,,,,,,,,,,,,,,,,,,,,,,,,,2025-05-06T09:51:29.000Z,2025-05-06T09:51:29.000Z
34743,"Necromonads",2015-10-27,,,Windows PC,,No Status,No Status,Owned,,,Digital,Steam,,0,,,,,,,,,,,,,,,,,,,,,,,,,,,,2025-05-06T09:51:29.000Z,2025-05-06T09:51:29.000Z
8071,"Normality",1996-06-30,,,Windows PC,,No Status,No Status,Owned,,,Digital,Steam,,198,,,,,,,,,,,,,,,,,,,,,,,,,,,,2025-05-06T09:51:29.000Z,2025-05-06T09:51:29.000Z
33572,"Niche: A Genetics Survival Game",2017-09-15,,,Windows PC,,No Status,No Status,Owned,,,Digital,Steam,,218,,,,,,,,,,,,,,,,,,,,,,,,,,,,2025-05-06T09:51:29.000Z,2025-05-06T09:51:29.000Z
3225,"No Man's Sky",2016-08-09,,,Windows PC,,Played,Completed,Owned,,,Digital,Steam,,8101,,,,"","",,"",No,,,"",,,,,,,,,"",8,,,,,,,2025-05-06T09:51:29.000Z,2025-05-09T09:32:48.000Z
33429,"Neon Hardcorps",2016-05-30,,,Windows PC,,No Status,No Status,Owned,,,Digital,Steam,,215,,,,,,,,,,,,,,,,,,,,,,,,,,,,2025-05-06T09:51:29.000Z,2025-05-06T09:51:29.000Z
20393,"North",2016-02-26,,,Windows PC,,No Status,No Status,Owned,,,Digital,Steam,,228,,,,,,,,,,,,,,,,,,,,,,,,,,,,2025-05-06T09:51:29.000Z,2025-05-06T09:51:29.000Z
18918,"Northgard",2018-03-07,,,Windows PC,,No Status,No Status,Owned,,,Digital,Steam,,248,,,,,,,,,,,,,,,,,,,,,,,,,,,,2025-05-06T09:51:29.000Z,2025-05-06T09:51:29.000Z
23330,"Nine Parchments",2017-12-05,,,Windows PC,,Played,Beaten,Owned,,,Digital,Steam,,309,,,,,,,,,,,,,,,,,,,,,4,,,,,,,2025-05-06T09:51:29.000Z,2025-05-06T09:51:29.000Z
13552,"Nitroplus Blasterz: Heroines Infinite Duel",2015-04-30,,,Windows PC,,No Status,No Status,Owned,,,Digital,Steam,,334,,,,,,,,,,,,,,,,,,,,,,,,,,,,2025-05-06T09:51:29.000Z,2025-05-06T09:51:29.000Z
12571,"Nioh",2017-02-07,68461,"Nioh: Complete Edition",Windows PC,,Played,Completed,Owned,,,Digital,Steam,,9322,,,,"","",,"",No,,,"",,,,,,,,,"",7,,,,,,,2025-05-06T09:51:29.000Z,2025-05-09T09:32:43.000Z
22704,"Orwell: Keeping an Eye on You",2016-10-27,,,Windows PC,,No Status,No Status,Owned,,,Digital,Steam,,281,,,,,,,,,,,,,,,,,,,,,,,,,,,,2025-05-06T09:51:29.000Z,2025-05-06T09:51:29.000Z
21970,"Neon Space 2",2016-07-26,,,Windows PC,,No Status,No Status,Owned,,,Digital,Steam,,245,,,,,,,,,,,,,,,,,,,,,,,,,,,,2025-05-06T09:51:29.000Z,2025-05-06T09:51:29.000Z
14748,"Ni no Kuni II: Revenant Kingdom",2018-03-23,,,Windows PC,,Played,Completed,Owned,,,Digital,Steam,,7351,,,,"","",,"",No,,,"",,,,,,,,,"",8,,,,,,,2025-05-06T09:51:29.000Z,2025-05-09T09:30:20.000Z
23719,"Neverwinter Nights: Enhanced Edition",2018-03-27,,,Windows PC,,No Status,No Status,Owned,,,Digital,Steam,,401,,,,"","",,"",No,,,"",,,,,,,,,"",,,,,,,,2025-05-06T09:51:29.000Z,2025-05-06T12:59:47.000Z
63718,"Otaku's Fantasy",2017-10-05,,,Windows PC,,No Status,No Status,Owned,,,Digital,Steam,,292,,,,,,,,,,,,,,,,,,,,,,,,,,,,2025-05-06T09:51:29.000Z,2025-05-06T09:51:29.000Z
119390,"Ni no Kuni: Wrath of the White Witch Remastered",2019-09-20,,,Windows PC,,Played,Completed,Owned,,,Digital,Steam,,5757,,,,"","",,"",No,,,"",,,,,,,,,"",8,,,,,,,2025-05-06T09:51:29.000Z,2025-05-09T09:31:24.000Z
110807,"Observation",2019-05-21,,,Windows PC,,Unplayed,Not Started,Owned,,,Digital,Steam,,0,,,,,,,,,,,,,,,,,,,,,,,,,,,,2025-05-06T09:51:29.000Z,2025-05-06T09:51:29.000Z
11208,"NieR: Automata",2017-02-23,,,Windows PC,,Played,Completed,Owned,,,Digital,Steam,,4425,,,,"","",,"",No,,,"",,,,,,,,,"",8,,,,,,,2025-05-06T09:51:29.000Z,2025-05-09T09:29:51.000Z
117193,"Neptunia Shooter",2019-05-21,,,Windows PC,,No Status,No Status,Owned,,,Digital,Steam,,160,,,,,,,,,,,,,,,,,,,,,,,,,,,,2025-05-06T09:51:29.000Z,2025-05-06T09:51:29.000Z
24654,"New World: Aeternum",2021-09-28,,,Windows PC,,No Status,No Status,Owned,,,Digital,Steam,,1050,,,,,,,,,,,,,,,,,,,,,3,,,,,,,2025-05-06T09:51:29.000Z,2025-05-06T09:51:29.000Z
88130,"Nexomon",2017-08-10,,,Windows PC,,Unplayed,Not Started,Owned,,,Digital,Steam,,0,,,,,,,,,,,,,,,,,,,,,,,,,,,,2025-05-06T09:51:29.000Z,2025-05-06T09:51:29.000Z
133905,"Nexomon: Extinction",2020-08-27,,,Windows PC,,Unplayed,Not Started,Owned,,,Digital,Steam,,0,,,,,,,,,,,,,,,,,,,,,,,,,,,,2025-05-06T09:51:29.000Z,2025-05-06T09:51:29.000Z
36469,"Nephise Begins",2017-04-24,,,Windows PC,,No Status,No Status,Owned,,,Digital,Steam,,0,,,,,,,,,,,,,,,,,,,,,,,,,,,,2025-05-06T09:51:29.000Z,2025-05-06T09:51:29.000Z
117367,"One Drop Bot",2019-04-25,,,Windows PC,,No Status,No Status,Owned,,,Digital,Steam,,0,,,,,,,,,,,,,,,,,,,,,,,,,,,,2025-05-06T09:51:29.000Z,2025-05-06T09:51:29.000Z
279627,"No Rest for the Wicked",2024-04-18,,,Windows PC,,Unplayed,Not Started,Owned,,,Digital,Steam,,0,,,,,,,,,,,,,,,,,,,,,,,,,,,,2025-05-06T09:51:29.000Z,2025-05-06T09:51:29.000Z
135338,"Neptunia: Virtual Stars",2021-03-02,,,Windows PC,,Unplayed,Not Started,Owned,,,Digital,Steam,,423,,,,,,,,,,,,,,,,,,,,,,,,,,,,2025-05-06T09:51:29.000Z,2025-05-06T09:51:29.000Z
131999,"NieR Replicant ver.1.22474487139...",2021-04-23,,,Windows PC,,Unplayed,Not Started,Owned,,,Digital,Steam,,340,,,,,,,,,,,,,,,,,,,,,,,,,,,,2025-05-06T09:51:29.000Z,2025-05-06T09:51:29.000Z
126978,"Nubarron: The adventure of an unlucky gnome",2020-01-30,,,Windows PC,,No Status,No Status,Owned,,,Digital,Steam,,0,,,,,,,,,,,,,,,,,,,,,,,,,,,,2025-05-06T09:51:29.000Z,2025-05-06T09:51:29.000Z
141192,"NEO: The World Ends with You",2021-07-26,,,Windows PC,,Unplayed,Not Started,Owned,,,Digital,Steam,,0,,,,,,,,,,,,,,,,,,,,,,,,,,,,2025-05-06T09:51:29.000Z,2025-05-06T09:51:29.000Z
121754,"Orcs Must Die! 3",2020-07-14,,,Windows PC,,Played,Beaten,Owned,,,Digital,Steam,,1010,,,,,,,,,,,,,,,,,,,,,6,,,,,,,2025-05-06T09:51:29.000Z,2025-05-06T09:51:29.000Z
146337,"Neptunia x Senran Kagura: Ninja Wars",2021-09-16,,,Windows PC,,Unplayed,Not Started,Owned,,,Digital,Steam,,275,,,,,,,,,,,,,,,,,,,,,,,,,,,,2025-05-06T09:51:29.000Z,2025-05-06T09:51:29.000Z
7506,"Patrician IV",2010-09-01,90478,"Patrician IV: Steam Special Edition",Windows PC,,No Status,No Status,Owned,,,Digital,Steam,,0,,,,,,,,,,,,,,,,,,,,,,,,,,,,2025-05-06T09:53:01.000Z,2025-05-06T09:53:01.000Z
10689,"Patrician IV: Rise of a Dynasty",2011-04-11,,,Windows PC,,No Status,No Status,Owned,,,Digital,Steam,,0,,,,,,,,,,,,,,,,,,,,,,,,,,,,2025-05-06T09:53:01.000Z,2025-05-06T09:53:01.000Z
287,"Patrician III",2002-03-15,,,Windows PC,,No Status,No Status,Owned,,,Digital,Steam,,7,,,,,,,,,,,,,,,,,,,,,,,,,,,,2025-05-06T09:53:01.000Z,2025-05-06T09:53:01.000Z
78647,"Pandora Saga: Weapons of Balance",2012-03-01,,,Windows PC,,No Status,No Status,Owned,,,Digital,Steam,,0,,,,,,,,,,,,,,,,,,,,,,,,,,,,2025-05-06T09:53:01.000Z,2025-05-06T09:53:01.000Z
1265,"PlanetSide 2",2012-11-20,,,Windows PC,,No Status,No Status,Owned,,,Digital,Steam,,0,,,,,,,,,,,,,,,,,,,,,,,,,,,,2025-05-06T09:53:01.000Z,2025-05-06T09:53:01.000Z
1911,"Path of Exile",2013-10-23,,,Windows PC,,Played,Dropped,Owned,,,Digital,Steam,,3075,,,,"","",,"",No,,,"",,,,,,,,,"",3,,,,,,,2025-05-06T09:53:01.000Z,2025-05-06T15:24:36.000Z
2958,"Planetary Annihilation",2014-09-05,,,Windows PC,,No Status,No Status,Owned,,,Digital,Steam,,488,,,,,,,,,,,,,,,,,,,,,,,,,,,,2025-05-06T09:53:01.000Z,2025-05-06T09:53:01.000Z
6268,"Pandemonium!",1996-11-05,,,Windows PC,,No Status,No Status,Owned,,,Digital,Steam,,0,,,,,,,,,,,,,,,,,,,,,,,,,,,,2025-05-06T09:53:01.000Z,2025-05-06T09:53:01.000Z
44,"Overlord",2007-06-26,,,Windows PC,,Played,Beaten,Owned,,,Digital,Steam,,0,,,,,,,,,,,,,,,,,,,,,5,,,,,,,2025-05-06T09:53:01.000Z,2025-05-06T09:53:01.000Z
5573,"Planet Explorers",2016-11-08,,,Windows PC,,Played,Beaten,Owned,,,Digital,Steam,,2750,,,,,,,,,,,,,,,,,,,,,4,,,,,,,2025-05-06T09:53:01.000Z,2025-05-06T09:53:01.000Z
38795,"Planet Ancyra Chronicles",2017-07-14,,,Windows PC,,No Status,No Status,Owned,,,Digital,Steam,,276,,,,,,,,,,,,,,,,,,,,,,,,,,,,2025-05-06T09:53:01.000Z,2025-05-06T09:53:01.000Z
17147,"Pixel Puzzles: UndeadZ",2014-05-05,,,Windows PC,,No Status,No Status,Owned,,,Digital,Steam,,343,,,,,,,,,,,,,,,,,,,,,,,,,,,,2025-05-06T09:53:01.000Z,2025-05-06T09:53:01.000Z
162933,"Pixel Puzzles: Illustrations & Anime",2021-02-23,,,Windows PC,,No Status,No Status,Owned,,,Digital,Steam,,0,,,,,,,,,,,,,,,,,,,,,,,,,,,,2025-05-06T09:53:01.000Z,2025-05-06T09:53:01.000Z
130274,"Pixel Puzzles Traditional Jigsaws",2019-11-18,,,Windows PC,,No Status,No Status,Owned,,,Digital,Steam,,0,,,,,,,,,,,,,,,,,,,,,,,,,,,,2025-05-06T09:53:01.000Z,2025-05-06T09:53:01.000Z
17228,"Overcast - Walden and the Werewolf",2014-03-05,,,Windows PC,,No Status,No Status,Owned,,,Digital,Steam,,200,,,,,,,,,,,,,,,,,,,,,,,,,,,,2025-05-06T09:53:01.000Z,2025-05-06T09:53:01.000Z
2058,"Payday 2",2013-08-13,,,Windows PC,,Played,Dropped,Owned,,,Digital,Steam,,850,,,,"","",,"",No,,,"",,,,,,,,,"",6,,,,,,,2025-05-06T09:53:01.000Z,2025-05-06T13:04:54.000Z
35922,"Overture",2015-01-01,,,Windows PC,,No Status,No Status,Owned,,,Digital,Steam,,249,,,,,,,,,,,,,,,,,,,,,,,,,,,,2025-05-06T09:53:01.000Z,2025-05-06T09:53:01.000Z
18179,"Particula",2015-02-02,,,Windows PC,,No Status,No Status,Owned,,,Digital,Steam,,339,,,,"","",,"",No,,,"",,,,,,,,,"",,,,,,,,2025-05-06T09:53:01.000Z,2025-05-06T10:15:47.000Z
1593,"Pillars of Eternity",2015-03-26,,,Windows PC,,Played,Beaten,Owned,,,Digital,Steam,,587,,,,,,,,,,,,,,,,,,,,,8,,,,,,,2025-05-06T09:53:01.000Z,2025-05-06T09:53:01.000Z
35549,"Paganitzu",2014-05-05,,,Windows PC,,No Status,No Status,Owned,,,Digital,Steam,,0,,,,,,,,,,,,,,,,,,,,,,,,,,,,2025-05-06T09:53:01.000Z,2025-05-06T09:53:01.000Z
35505,"Pharaoh's Tomb",1990-12-14,,,Windows PC,,No Status,No Status,Owned,,,Digital,Steam,,0,,,,,,,,,,,,,,,,,,,,,,,,,,,,2025-05-06T09:53:01.000Z,2025-05-06T09:53:01.000Z
35657,"Parvaneh: Legacy of the Light's Guardians",2016-08-26,,,Windows PC,,No Status,No Status,Owned,,,Digital,Steam,,242,,,,,,,,,,,,,,,,,,,,,,,,,,,,2025-05-06T09:53:01.000Z,2025-05-06T09:53:01.000Z
35557,"Ping 1.5+",2014-10-16,,,Windows PC,,No Status,No Status,Owned,,,Digital,Steam,,213,,,,,,,,,,,,,,,,,,,,,,,,,,,,2025-05-06T09:53:01.000Z,2025-05-06T09:53:01.000Z
9878,"Out There Somewhere",2012-02-21,,,Windows PC,,No Status,No Status,Owned,,,Digital,Steam,,213,,,,,,,,,,,,,,,,,,,,,,,,,,,,2025-05-06T09:53:01.000Z,2025-05-06T09:53:01.000Z
34290,"Phantom Brave PC",2016-07-25,,,Windows PC,,Unplayed,Not Started,Owned,,,Digital,Steam,,455,,,,,,,,,,,,,,,,,,,,,,,,,,,,2025-05-06T09:53:01.000Z,2025-05-06T09:53:01.000Z
14390,"Outlast II",2017-04-25,,,Windows PC,,No Status,No Status,Owned,,,Digital,Steam,,404,,,,,,,,,,,,,,,,,,,,,,,,,,,,2025-05-06T09:53:01.000Z,2025-05-06T09:53:01.000Z
17004,"Plantera",2016-01-28,,,Windows PC,,No Status,No Status,Owned,,,Digital,Steam,,306,,,,,,,,,,,,,,,,,,,,,,,,,,,,2025-05-06T09:53:01.000Z,2025-05-06T09:53:01.000Z
18077,"OutDrive",2016-02-22,,,Windows PC,,No Status,No Status,Owned,,,Digital,Steam,,219,,,,"","",,"",No,,,"",,,,,,,,,"",,,,,,,,2025-05-06T09:53:01.000Z,2025-05-06T13:01:25.000Z
11544,"Paladins",2017-05-02,,,Windows PC,,Played,Beaten,Owned,,,Digital,Steam,,1040,,,,,,,,,,,,,,,,,,,,,5,,,,,,,2025-05-06T09:53:01.000Z,2025-05-06T09:53:01.000Z
18433,"Overcooked!",2016-08-03,,,Windows PC,,No Status,No Status,Owned,,,Digital,Steam,,361,,,,"","",,"",No,,,"",,,,,,,,,"",,,,,,,,2025-05-06T09:53:01.000Z,2025-05-06T10:15:42.000Z
18871,"Parkitect",2018-11-29,,,Windows PC,,Unplayed,Not Started,Owned,,,Digital,Steam,,329,,,,"","",,"",No,,,"",,,,,,,,,"",,,,,,,,2025-05-06T09:53:01.000Z,2025-05-06T13:03:27.000Z
19542,"Oxygen Not Included",2019-07-30,,,Windows PC,,Unplayed,Not Started,Owned,,,Digital,Steam,,713,,,,,,,,,,,,,,,,,,,,,,,,,,,,2025-05-06T09:53:01.000Z,2025-05-06T09:53:01.000Z
27988,"Planescape: Torment - Enhanced Edition",2017-04-11,,,Windows PC,,Unplayed,Not Started,Owned,,,Digital,Steam,,580,,,,,,,,,,,,,,,,,,,,,,,,,,,,2025-05-06T09:53:01.000Z,2025-05-06T09:53:01.000Z
31936,"Party Panic",2016-07-28,,,Windows PC,,Played,Beaten,Owned,,,Digital,Steam,,138,,,,"","",,"",No,,,"",,,,,,,,,"",5,,,,,,,2025-05-06T09:53:01.000Z,2025-05-06T10:15:59.000Z
18829,"Planet Coaster",2016-11-17,,,Windows PC,,Played,Beaten,Owned,,,Digital,Steam,,1056,,,,,,,,,,,,,,,,,,,,,5,,,,,,,2025-05-06T09:53:01.000Z,2025-05-06T09:53:01.000Z
30029,"Pastry Lovers",2017-04-21,,,Windows PC,,No Status,No Status,Owned,,,Digital,Steam,,453,,,,,,,,,,,,,,,,,,,,,,,,,,,,2025-05-06T09:53:01.000Z,2025-05-06T09:53:01.000Z
76422,"Parkasaurus",2020-08-13,,,Windows PC,,No Status,No Status,Owned,,,Digital,Steam,,203,,,,,,,,,,,,,,,,,,,,,,,,,,,,2025-05-06T09:53:01.000Z,2025-05-06T09:53:01.000Z
36929,"Pathfinder: Kingmaker",2018-09-25,,,Windows PC,,Played,Beaten,Owned,,,Digital,Steam,,7229,,,,,,,,,,,,,,,,,,,,,7,,,,,,,2025-05-06T09:53:01.000Z,2025-05-06T09:53:01.000Z
8371,"Outland",2011-04-27,,,Windows PC,,No Status,No Status,Owned,,,Digital,Steam,,199,,,,,,,,,,,,,,,,,,,,,,,,,,,,2025-05-06T09:53:01.000Z,2025-05-06T09:53:01.000Z
26951,"Pillars of Eternity II: Deadfire",2018-05-08,,,Windows PC,,Unplayed,Not Started,Owned,,,Digital,Steam,,516,,,,,,,,,,,,,,,,,,,,,,,,,,,,2025-05-06T09:53:01.000Z,2025-05-06T09:53:01.000Z
27804,"Phoenix Point",2019-12-03,138979,"Phoenix Point: Year One Edition",Windows PC,,Unplayed,Not Started,Owned,,,Digital,Steam,,473,,,,,,,,,,,,,,,,,,,,,,,,,,,,2025-05-06T09:53:01.000Z,2025-05-06T09:53:01.000Z
103341,"Overcooked! 2",2018-08-07,,,Windows PC,,Unplayed,Not Started,Owned,,,Digital,Steam,,624,,,,,,,,,,,,,,,,,,,,,,,,,,,,2025-05-06T09:53:01.000Z,2025-05-06T09:53:01.000Z
114455,"Pacify",2019-02-22,,,Windows PC,,Played,Dropped,Owned,,,Digital,Steam,,22,,,,"","",,"",No,,,"",,,,,,,,,"",4,,,,,,,2025-05-06T09:53:01.000Z,2025-05-06T13:02:24.000Z
513,"Phantasy Star Online 2",2012-07-04,,,Windows PC,,No Status,No Status,Owned,,,Digital,Steam,,111,,,,,,,,,,,,,,,,,,,,,,,,,,,,2025-05-06T09:53:01.000Z,2025-05-06T09:53:01.000Z
127254,"Pathfinder: Wrath of the Righteous",2021-09-02,,,Windows PC,,Unplayed,Not Started,Owned,,,Digital,Steam,,838,,,,,,,,,,,,,,,,,,,,,,,,,,,,2025-05-06T09:53:01.000Z,2025-05-06T09:53:01.000Z
109901,"Pleasure Puzzle: Portrait",2018-09-24,,,Windows PC,,No Status,No Status,Owned,,,Digital,Steam,,0,,,,,,,,,,,,,,,,,,,,,,,,,,,,2025-05-06T09:53:01.000Z,2025-05-06T09:53:01.000Z
41051,"Pinball FX3",2017-09-26,,,Windows PC,,No Status,No Status,Owned,,,Digital,Steam,,0,,,,,,,,,,,,,,,,,,,,,,,,,,,,2025-05-06T09:53:01.000Z,2025-05-06T09:53:01.000Z
234702,"Persona 4 Golden",2020-06-13,,,Windows PC,,Unplayed,Not Started,Owned,,,Digital,Steam,,740,,,,,,,,,,,,,,,,,,,,,,,,,,,,2025-05-06T09:53:01.000Z,2025-05-06T09:53:01.000Z
23240,"Pac-Man Championship Edition 2",2016-09-13,,,Windows PC,,No Status,No Status,Owned,,,Digital,Steam,,0,,,,,,,,,,,,,,,,,,,,,,,,,,,,2025-05-06T09:53:01.000Z,2025-05-06T09:53:01.000Z
151665,"Palworld",2026-07-10,,,Windows PC,,Played,Beaten,Owned,,,Digital,Steam,,3803,,,,,,,,,,,,,,,,,,,,,7,,,,,,,2025-05-06T09:53:01.000Z,2025-05-06T09:53:01.000Z
5991,"Project: Snowblind",2005-02-23,,,Windows PC,,No Status,No Status,Owned,,,Digital,Steam,,0,,,,,,,,,,,,,,,,,,,,,,,,,,,,2025-05-06T09:53:57.000Z,2025-05-06T09:53:57.000Z
8040,"Poker Night at the Inventory",2010-11-22,,,Windows PC,,No Status,No Status,Owned,,,Digital,Steam,,0,,,,,,,,,,,,,,,,,,,,,,,,,,,,2025-05-06T09:53:57.000Z,2025-05-06T09:53:57.000Z
15995,"Puzzle Agent",2010-06-30,,,Windows PC,,No Status,No Status,Owned,,,Digital,Steam,,0,,,,,,,,,,,,,,,,,,,,,,,,,,,,2025-05-06T09:53:57.000Z,2025-05-06T09:53:57.000Z
1339,"Psychonauts",2005-04-19,,,Windows PC,,No Status,No Status,Owned,,,Digital,Steam,,297,,,,,,,,,,,,,,,,,,,,,,,,,,,,2025-05-06T09:53:57.000Z,2025-05-06T09:53:57.000Z
6778,"Puzzle Agent 2",2011-06-30,,,Windows PC,,No Status,No Status,Owned,,,Digital,Steam,,0,,,,,,,,,,,,,,,,,,,,,,,,,,,,2025-05-06T09:53:57.000Z,2025-05-06T09:53:57.000Z
10380,"Race 07",2007-10-02,,,Windows PC,,No Status,No Status,Owned,,,Digital,Steam,,0,,,,,,,,,,,,,,,,,,,,,,,,,,,,2025-05-06T09:53:57.000Z,2025-05-06T09:53:57.000Z
2448,"Quantum Conundrum",2012-06-21,,,Windows PC,,No Status,No Status,Owned,,,Digital,Steam,,0,,,,,,,,,,,,,,,,,,,,,,,,,,,,2025-05-06T09:53:57.000Z,2025-05-06T09:53:57.000Z
2159,"Race Driver: Grid",2008-05-30,,,Windows PC,,Played,Dropped,Owned,,,Digital,Steam,,0,,,,,,,,,,,,,,,,,,,,,,,,,,,,2025-05-06T09:53:57.000Z,2025-05-06T09:53:57.000Z
15129,"Puzzle Pirates",2003-12-08,,,Windows PC,,No Status,No Status,Owned,,,Digital,Steam,,0,,,,,,,,,,,,,,,,,,,,,,,,,,,,2025-05-06T09:53:57.000Z,2025-05-06T09:53:57.000Z
9595,"Pox Nora",2004-08-01,,,Windows PC,,No Status,No Status,Owned,,,Digital,Steam,,0,,,,,,,,,,,,,,,,,,,,,,,,,,,,2025-05-06T09:53:57.000Z,2025-05-06T09:53:57.000Z
90561,"RaceRoom Racing Experience",2013-02-12,,,Windows PC,,No Status,No Status,Owned,,,Digital,Steam,,0,,,,,,,,,,,,,,,,,,,,,,,,,,,,2025-05-06T09:53:57.000Z,2025-05-06T09:53:57.000Z
16484,"Ragnarok Online 2",2013-04-03,,,Windows PC,,No Status,No Status,Owned,,,Digital,Steam,,0,,,,,,,,,,,,,,,,,,,,,,,,,,,,2025-05-06T09:53:57.000Z,2025-05-06T09:53:57.000Z
15406,"Pressure",2013-02-02,,,Windows PC,,No Status,No Status,Owned,,,Digital,Steam,,243,,,,,,,,,,,,,,,,,,,,,,,,,,,,2025-05-06T09:53:57.000Z,2025-05-06T09:53:57.000Z
1338,"Prison Architect",2015-10-06,,,Windows PC,,No Status,No Status,Owned,,,Digital,Steam,,567,,,,"","",,"",No,,,"",,,,,,,,,"",,,,,,,,2025-05-06T09:53:57.000Z,2025-05-06T13:07:31.000Z
2047,"Poker Night 2",2013-04-24,,,Windows PC,,No Status,No Status,Owned,,,Digital,Steam,,1,,,,,,,,,,,,,,,,,,,,,,,,,,,,2025-05-06T09:53:57.000Z,2025-05-06T09:53:57.000Z
71,"Portal",2007-10-10,,,Windows PC,,Unplayed,Not Started,Owned,,,Digital,Steam,,1,,,,,,,,,,,,,,,,,,,,,,,,,,,,2025-05-06T09:53:57.000Z,2025-05-06T09:53:57.000Z
72,"Portal 2",2011-04-18,,,Windows PC,,Unplayed,Not Started,Owned,,,Digital,Steam,,231,,,,,,,,,,,,,,,,,,,,,,,,,,,,2025-05-06T09:53:57.000Z,2025-05-06T09:53:57.000Z
7134,"Port Royale 3: Pirates & Merchants",2012-05-04,,,Windows PC,,No Status,No Status,Owned,,,Digital,Steam,,304,,,,,,,,,,,,,,,,,,,,,,,,,,,,2025-05-06T09:53:58.000Z,2025-05-06T09:53:58.000Z
16687,"Pulsar: Lost Colony",2021-06-22,,,Windows PC,,Played,Dropped,Owned,,,Digital,Steam,,41,,,,"","",,"",No,,,"",,,,,,,,,"",3,,,,,,,2025-05-06T09:53:58.000Z,2026-01-26T07:26:14.000Z
9008,"Pressured",2014-07-18,,,Windows PC,,No Status,No Status,Owned,,,Digital,Steam,,214,,,,,,,,,,,,,,,,,,,,,,,,,,,,2025-05-06T09:53:58.000Z,2025-05-06T09:53:58.000Z
17347,"Qvadriga",2014-03-04,,,Windows PC,,No Status,No Status,Owned,,,Digital,Steam,,0,,,,,,,,,,,,,,,,,,,,,,,,,,,,2025-05-06T09:53:58.000Z,2025-05-06T09:53:58.000Z
5445,"Q.U.B.E.",2011-12-17,,,Windows PC,,No Status,No Status,Owned,,,Digital,Steam,,0,,,,,,,,,,,,,,,,,,,,,,,,,,,,2025-05-06T09:53:58.000Z,2025-05-06T09:53:58.000Z
19961,"Q.U.B.E: Director's Cut",2014-05-21,,,Windows PC,,No Status,No Status,Owned,,,Digital,Steam,,0,,,,,,,,,,,,,,,,,,,,,,,,,,,,2025-05-06T09:53:58.000Z,2025-05-06T09:53:58.000Z
9178,"Pneuma: Breath of Life",2015-02-01,,,Windows PC,,No Status,No Status,Owned,,,Digital,Steam,,282,,,,,,,,,,,,,,,,,,,,,,,,,,,,2025-05-06T09:53:58.000Z,2025-05-06T09:53:58.000Z
18239,"Plug & Play",2015-02-02,,,Windows PC,,Unplayed,Not Started,Owned,,,Digital,Steam,,0,,,,,,,,,,,,,,,,,,,,,,,,,,,,2025-05-06T09:53:58.000Z,2025-05-06T09:53:58.000Z
9082,"Raptor: Call of the Shadows",1994-04-01,,,Windows PC,,No Status,No Status,Owned,,,Digital,Steam,,0,,,,,,,,,,,,,,,,,,,,,,,,,,,,2025-05-06T09:53:58.000Z,2025-05-06T09:53:58.000Z
17683,"Polarity",2014-03-01,,,Windows PC,,No Status,No Status,Owned,,,Digital,Steam,,183,,,,,,,,,,,,,,,,,,,,,,,,,,,,2025-05-06T09:53:58.000Z,2025-05-06T09:53:58.000Z
15931,"Punch Club",2016-01-08,,,Windows PC,,Played,Beaten,Owned,,,Digital,Steam,,444,,,,,,,,,,,,,,,,,,,,,4,,,,,,,2025-05-06T09:53:58.000Z,2025-05-06T09:53:58.000Z
15734,"Pony Island",2016-01-04,,,Windows PC,,No Status,No Status,Owned,,,Digital,Steam,,328,,,,,,,,,,,,,,,,,,,,,,,,,,,,2025-05-06T09:53:58.000Z,2025-05-06T09:53:58.000Z
15890,"Princess Remedy in a World of Hurt",2014-12-01,,,Windows PC,,No Status,No Status,Owned,,,Digital,Steam,,0,,,,,,,,,,,,,,,,,,,,,,,,,,,,2025-05-06T09:53:58.000Z,2025-05-06T09:53:58.000Z
32771,"Price",2016-09-15,,,Windows PC,,No Status,No Status,Owned,,,Digital,Steam,,0,,,,,,,,,,,,,,,,,,,,,,,,,,,,2025-05-06T09:53:58.000Z,2025-05-06T09:53:58.000Z
3750,"Quantum Break",2016-04-05,,,Windows PC,,Played,Beaten,Owned,,,Digital,Steam,,946,,,,,,,,,,,,,,,,,,,,,8,,,,,,,2025-05-06T09:53:58.000Z,2025-05-06T09:53:58.000Z
28225,"Police Stories",2019-09-19,,,Windows PC,,No Status,No Status,Owned,,,Digital,Steam,,132,,,,,,,,,,,,,,,,,,,,,3,,,,,,,2025-05-06T09:53:58.000Z,2025-05-06T09:53:58.000Z
27789,"PUBG: Battlegrounds",2017-12-20,,,Windows PC,,No Status,No Status,Owned,,,Digital,Steam,,1543,,,,,,,,,,,,,,,,,,,,,,,,,,,,2025-05-06T09:53:58.000Z,2025-05-06T09:53:58.000Z
27082,"Raft",2022-06-20,,,Windows PC,,Played,Beaten,Owned,,,Digital,Steam,,3123,,,,,,,,,,,,,,,,,,,,,5,,,,,,,2025-05-06T09:53:58.000Z,2025-05-06T09:53:58.000Z
81052,"Project Lucie",2017-12-14,,,Windows PC,,No Status,No Status,Owned,,,Digital,Steam,,0,,,,,,,,,,,,,,,,,,,,,,,,,,,,2025-05-06T09:53:58.000Z,2025-05-06T09:53:58.000Z
8215,"Prismata",2018-03-08,,,Windows PC,,No Status,No Status,Owned,,,Digital,Steam,,457,,,,,,,,,,,,,,,,,,,,,,,,,,,,2025-05-06T09:53:58.000Z,2025-05-06T09:53:58.000Z
19530,"Quake Champions",2022-08-18,,,Windows PC,,No Status,No Status,Owned,,,Digital,Steam,,0,,,,,,,,,,,,,,,,,,,,,,,,,,,,2025-05-06T09:53:58.000Z,2025-05-06T09:53:58.000Z
105322,"Pummel Party",2018-09-20,,,Windows PC,,Played,Dropped,Owned,,,Digital,Steam,,20,,,,"","",,"",No,,,"",,,,,,,,,"",,,,,,,,2025-05-06T09:53:58.000Z,2025-05-07T10:00:16.000Z
55395,"Polygoneer",2017-08-24,,,Windows PC,,No Status,No Status,Owned,,,Digital,Steam,,0,,,,,,,,,,,,,,,,,,,,,,,,,,,,2025-05-06T09:53:58.000Z,2025-05-06T09:53:58.000Z
31463,"Princess Remedy: In A Heap of Trouble",2016-09-08,,,Windows PC,,No Status,No Status,Owned,,,Digital,Steam,,0,,,,,,,,,,,,,,,,,,,,,,,,,,,,2025-05-06T09:53:58.000Z,2025-05-06T09:53:58.000Z
2000,"Postal",1997-09-24,,,Windows PC,,Played,Beaten,Owned,,,Digital,Steam,,0,,,,,,,,,,,,,,,,,,,,,4,,,,,,,2025-05-06T09:53:58.000Z,2025-05-06T09:53:58.000Z
107881,"Princess Lili",2018-08-17,,,Windows PC,,No Status,No Status,Owned,,,Digital,Steam,,0,,,,,,,,,,,,,,,,,,,,,,,,,,,,2025-05-06T09:53:58.000Z,2025-05-06T09:53:58.000Z
56672,"Project Mercury",2017-09-19,,,Windows PC,,No Status,No Status,Owned,,,Digital,Steam,,0,,,,,,,,,,,,,,,,,,,,,,,,,,,,2025-05-06T09:53:58.000Z,2025-05-06T09:53:58.000Z
20348,"Polyball",2015-06-04,,,Windows PC,,No Status,No Status,Owned,,,Digital,Steam,,0,,,,,,,,,,,,,,,,,,,,,,,,,,,,2025-05-06T09:53:58.000Z,2025-05-06T09:53:58.000Z
88232,"PolyCube",2018-11-20,,,Windows PC,,No Status,No Status,Owned,,,Digital,Steam,,0,,,,,,,,,,,,,,,,,,,,,,,,,,,,2025-05-06T09:53:58.000Z,2025-05-06T09:53:58.000Z
11588,"Quiplash",2015-06-30,,,Windows PC,,No Status,No Status,Owned,,,Digital,Steam,,0,,,,,,,,,,,,,,,,,,,,,,,,,,,,2025-05-06T09:53:58.000Z,2025-05-06T09:53:58.000Z
143596,"Press Any Button",2021-01-07,,,Windows PC,,No Status,No Status,Owned,,,Digital,Steam,,0,,,,,,,,,,,,,,,,,,,,,,,,,,,,2025-05-06T09:53:58.000Z,2025-05-06T09:53:58.000Z
97965,"Plunder Panic",2021-09-17,,,Windows PC,,No Status,No Status,Owned,,,Digital,Steam,,0,,,,,,,,,,,,,,,,,,,,,,,,,,,,2025-05-06T09:53:58.000Z,2025-05-06T09:53:58.000Z
152965,"Pole",2022-05-02,,,Windows PC,,No Status,No Status,Owned,,,Digital,Steam,,0,,,,,,,,,,,,,,,,,,,,,,,,,,,,2025-05-06T09:53:58.000Z,2025-05-06T09:53:58.000Z
438,"Rome: Total War",2004-09-22,,,Windows PC,,Played,Beaten,Owned,,,Digital,Steam,,182,,,,,,,,,,,,,,,,,,,,,8,,,,,,,2025-05-06T09:55:34.000Z,2025-05-06T09:55:34.000Z
2444,"Risen",2009-10-02,,,Windows PC,,Played,Beaten,Owned,,,Digital,Steam,,290,,,,,,,,,,,,,,,,,,,,,5,,,,,,,2025-05-06T09:55:34.000Z,2025-05-06T09:55:34.000Z
12524,"Recettear: An Item Shop's Tale",2007-12-21,,,Windows PC,,Unplayed,Not Started,Owned,,,Digital,Steam,,0,,,,,,,,,,,,,,,,,,,,,,,,,,,,2025-05-06T09:55:34.000Z,2025-05-06T09:55:34.000Z
8188,"Realm of the Mad God",2011-06-20,,,Windows PC,,Unplayed,Not Started,Owned,,,Digital,Steam,,0,,,,,,,,,,,,,,,,,,,,,,,,,,,,2025-05-06T09:55:34.000Z,2025-05-06T09:55:34.000Z
3802,"Risen 2: Dark Waters",2012-04-24,,,Windows PC,,Played,Beaten,Owned,,,Digital,Steam,,239,,,,,,,,,,,,,,,,,,,,,5,,,,,,,2025-05-06T09:55:34.000Z,2025-05-06T09:55:34.000Z
7589,"Ricochet",2000-11-01,,,Windows PC,,No Status,No Status,Owned,,,Digital,Steam,,0,,,,,,,,,,,,,,,,,,,,,,,,,,,,2025-05-06T09:55:34.000Z,2025-05-06T09:55:34.000Z
7161,"Rise of the Argonauts",2008-12-16,,,Windows PC,,No Status,No Status,Owned,,,Digital,Steam,,0,,,,,,,,,,,,,,,,,,,,,,,,,,,,2025-05-06T09:55:34.000Z,2025-05-06T09:55:34.000Z
36342,"RocketsRocketsRockets",2015-05-01,,,Windows PC,,No Status,No Status,Owned,,,Digital,Steam,,493,,,,,,,,,,,,,,,,,,,,,,,,,,,,2025-05-06T09:55:34.000Z,2025-05-06T09:55:34.000Z
11719,"Rebel Galaxy",2015-10-20,,,Windows PC,,Played,Dropped,Owned,,,Digital,Steam,,18,,,,,,,,,,,,,,,,,,,,,,,,,,,,2025-05-06T09:55:34.000Z,2025-05-06T09:55:34.000Z
9789,"RimWorld",2018-10-17,,,Windows PC,,Unplayed,Not Started,Owned,,,Digital,Steam,,417,,,,,,,,,,,,,,,,,,,,,,,,,,,,2025-05-06T09:55:34.000Z,2025-05-06T09:55:34.000Z
17373,"Rooks Keep",2013-06-18,,,Windows PC,,No Status,No Status,Owned,,,Digital,Steam,,216,,,,,,,,,,,,,,,,,,,,,,,,,,,,2025-05-06T09:55:34.000Z,2025-05-06T09:55:34.000Z
7871,"Robocraft",2017-08-24,,,Windows PC,,No Status,No Status,Owned,,,Digital,Steam,,165,,,,"","",,"",No,,,"",,,,,,,,,"",,,,,,,,2025-05-06T09:55:34.000Z,2025-05-06T13:10:28.000Z
8871,"Reprisal Universe",2014-09-15,,,Windows PC,,No Status,No Status,Owned,,,Digital,Steam,,7,,,,,,,,,,,,,,,,,,,,,,,,,,,,2025-05-06T09:55:34.000Z,2025-05-06T09:55:34.000Z
7725,"Resident Evil: Revelations 2",2015-02-24,,,Windows PC,,Unplayed,Not Started,Owned,,,Digital,Steam,,217,,,,,,,,,,,,,,,,,,,,,,,,,,,,2025-05-06T09:55:34.000Z,2025-05-06T09:55:34.000Z
8496,"Realms of Chaos",1995-11-11,,,Windows PC,,No Status,No Status,Owned,,,Digital,Steam,,0,,,,,,,,,,,,,,,,,,,,,,,,,,,,2025-05-06T09:55:34.000Z,2025-05-06T09:55:34.000Z
2380,"Rise of the Triad: Dark War",1994-12-21,,,Windows PC,,No Status,No Status,Owned,,,Digital,Steam,,0,,,,,,,,,,,,,,,,,,,,,,,,,,,,2025-05-06T09:55:34.000Z,2025-05-06T09:55:34.000Z
28032,"Remnants of Isolation",2015-05-01,,,Windows PC,,No Status,No Status,Owned,,,Digital,Steam,,275,,,,,,,,,,,,,,,,,,,,,,,,,,,,2025-05-06T09:55:34.000Z,2025-05-06T09:55:34.000Z
34576,"Rescue Love Revenge",2016-10-27,,,Windows PC,,No Status,No Status,Owned,,,Digital,Steam,,0,,,,,,,,,,,,,,,,,,,,,,,,,,,,2025-05-06T09:55:34.000Z,2025-05-06T09:55:34.000Z
27038,"River City Ransom: Underground",2017-02-27,,,Windows PC,,Unplayed,Not Started,Owned,,,Digital,Steam,,1022,,,,,,,,,,,,,,,,,,,,,,,,,,,,2025-05-06T09:55:34.000Z,2025-05-06T09:55:34.000Z
34575,"Romance of the Three Kingdoms Maker",2015-12-09,,,Windows PC,,Unplayed,Not Started,Owned,,,Digital,Steam,,0,,,,,,,,,,,,,,,,,,,,,,,,,,,,2025-05-06T09:55:34.000Z,2025-05-06T09:55:34.000Z
33583,"Rock 'N' Roll Defense",2016-08-10,,,Windows PC,,No Status,No Status,Owned,,,Digital,Steam,,276,,,,,,,,,,,,,,,,,,,,,,,,,,,,2025-05-06T09:55:34.000Z,2025-05-06T09:55:34.000Z
18178,"Red Risk",2016-03-04,,,Windows PC,,No Status,No Status,Owned,,,Digital,Steam,,226,,,,,,,,,,,,,,,,,,,,,,,,,,,,2025-05-06T09:55:34.000Z,2025-05-06T09:55:34.000Z
19012,"Riders of Icarus",2016-07-06,,,Windows PC,,No Status,No Status,Owned,,,Digital,Steam,,47,,,,,,,,,,,,,,,,,,,,,,,,,,,,2025-05-06T09:55:34.000Z,2025-05-06T09:55:34.000Z
13197,"Redout",2016-09-02,,,Windows PC,,Played,Dropped,Owned,,,Digital,Steam,,307,,,,,,,,,,,,,,,,,,,,,,,,,,,,2025-05-06T09:55:34.000Z,2025-05-06T09:55:34.000Z
29362,"Rogue'n Roll",2017-02-27,,,Windows PC,,No Status,No Status,Owned,,,Digital,Steam,,271,,,,,,,,,,,,,,,,,,,,,,,,,,,,2025-05-06T09:55:34.000Z,2025-05-06T09:55:34.000Z
7323,"Rise of the Tomb Raider",2015-11-10,,,Windows PC,,Played,Beaten,Owned,,,Digital,Steam,,1081,,,,,,,,,,,,,,,,,,,,,7,,,,,,,2025-05-06T09:55:34.000Z,2025-05-06T09:55:34.000Z
11312,"Romancing SaGa 2",1993-12-10,,,Windows PC,,No Status,No Status,Owned,,,Digital,Steam,,0,,,,"","",,"",No,,,"",,,,,,,,,"",,,,,,,,2025-05-06T09:55:34.000Z,2025-08-11T18:02:58.000Z
28512,"Risk of Rain 2",2020-08-11,,,Windows PC,,Unplayed,Not Started,Owned,,,Digital,Steam,,256,,,,,,,,,,,,,,,,,,,,,,,,,,,,2025-05-06T09:55:34.000Z,2025-05-06T09:55:34.000Z
137894,"Roboquest",2023-11-07,,,Windows PC,,Unplayed,Not Started,Owned,,,Digital,Steam,,281,,,,,,,,,,,,,,,,,,,,,,,,,,,,2025-05-06T09:55:34.000Z,2025-05-06T09:55:34.000Z
109580,"Resonance of Fate 4k/HD Edition",2018-10-17,,,Windows PC,,Unplayed,Not Started,Owned,,,Digital,Steam,,550,,,,,,,,,,,,,,,,,,,,,,,,,,,,2025-05-06T09:55:34.000Z,2025-05-06T09:55:34.000Z
51535,"Re:Legend",2019-08-30,,,Windows PC,,No Status,No Status,Owned,,,Digital,Steam,,14,,,,"","",,"",No,,,"",,,,,,,,,"",,,,,,,,2025-05-06T09:55:34.000Z,2025-08-11T17:51:31.000Z
109592,"Romancing SaGa 3",2019-10-28,,,Windows PC,,Unplayed,Not Started,Owned,,,Digital,Steam,,0,,,,,,,,,,,,,,,,,,,,,,,,,,,,2025-05-06T09:55:34.000Z,2025-05-06T09:55:34.000Z
121346,"Risk: Global Domination",2015-12-03,,,Windows PC,,No Status,No Status,Owned,,,Digital,Steam,,18,,,,"","",,"",No,,,"",,,,,,,,,"",,,,,,,,2025-05-06T09:55:34.000Z,2025-05-06T13:08:49.000Z
28489,"Ready or Not",2023-12-13,,,Windows PC,,Played,Beaten,Owned,,,Digital,Steam,,1849,,,,,,,,,,,,,,,,,,,,,4,,,,,,,2025-05-06T09:55:34.000Z,2025-05-06T09:55:34.000Z
25076,"Red Dead Redemption 2",2018-10-26,,,Windows PC,,Played,Beaten,Owned,,,Digital,Steam,,4108,,,,,,,,,,,,,,,,,,,,,9,,,,,,,2025-05-06T09:55:34.000Z,2025-05-06T09:55:34.000Z
61884,"Regions of Ruin",2018-02-05,,,Windows PC,,No Status,No Status,Owned,,,Digital,Steam,,0,,,,,,,,,,,,,,,,,,,,,,,,,,,,2025-05-06T09:55:34.000Z,2025-05-06T09:55:34.000Z
118360,"Red Gate",2019-05-20,,,Windows PC,,No Status,No Status,Owned,,,Digital,Steam,,0,,,,,,,,,,,,,,,,,,,,,,,,,,,,2025-05-06T09:55:34.000Z,2025-05-06T09:55:34.000Z
134584,"Returnal",2021-04-30,,,Windows PC,,Played,Dropped,Owned,,,Digital,Steam,,103,,,,,,,,,,,,,,,,,,,,,,,,,,,,2025-05-06T09:55:34.000Z,2025-05-06T09:55:34.000Z
19686,"Resident Evil 2",2019-01-25,,,Windows PC,,Unplayed,Not Started,Owned,,,Digital,Steam,,354,,,,,,,,,,,,,,,,,,,,,,,,,,,,2025-05-06T09:55:34.000Z,2025-05-06T09:55:34.000Z
115115,"Resident Evil 3",2020-04-03,,,Windows PC,,Unplayed,Not Started,Owned,,,Digital,Steam,,273,,,,,,,,,,,,,,,,,,,,,,,,,,,,2025-05-06T09:55:34.000Z,2025-05-06T09:55:34.000Z
122108,"Resident Evil Resistance",2020-04-03,,,Windows PC,,No Status,No Status,Owned,,,Digital,Steam,,331,,,,,,,,,,,,,,,,,,,,,,,,,,,,2025-05-06T09:55:34.000Z,2025-05-06T09:55:34.000Z
55163,"Resident Evil Village",2021-05-06,,,Windows PC,,Unplayed,Not Started,Owned,,,Digital,Steam,,0,,,,,,,,,,,,,,,,,,,,,,,,,,,,2025-05-06T09:55:34.000Z,2025-05-06T09:55:34.000Z
142740,"Resident Evil Re:Verse",2022-10-28,,,Windows PC,,Unplayed,Not Started,Owned,,,Digital,Steam,,0,,,,,,,,,,,,,,,,,,,,,,,,,,,,2025-05-06T09:55:34.000Z,2025-05-06T09:55:34.000Z
17719,"République",2014-10-22,,,Windows PC,,Unplayed,Not Started,Owned,,,Digital,Steam,,0,,,,,,,,,,,,,,,,,,,,,,,,,,,,2025-05-06T09:55:34.000Z,2025-05-06T09:55:34.000Z
203315,"Romancing SaGa: Minstrel Song Remastered",2022-12-01,,,Windows PC,,Unplayed,Not Started,Owned,,,Digital,Steam,,0,,,,,,,,,,,,,,,,,,,,,,,,,,,,2025-05-06T09:55:34.000Z,2025-05-06T09:55:34.000Z
132181,"Resident Evil 4",2023-03-24,,,Windows PC,,Unplayed,Not Started,Owned,,,Digital,Steam,,0,,,,,,,,,,,,,,,,,,,,,,,,,,,,2025-05-06T09:55:34.000Z,2025-05-06T09:55:34.000Z
228535,"Remnant II",2023-07-25,,,Windows PC,,Played,Beaten,Owned,,,Digital,Steam,,2809,,,,"","",,"",No,,,"",,,,,,,,,"",7,,,,,,,2025-05-06T09:55:34.000Z,2025-05-07T20:10:26.000Z
274832,"Remnant II: The Awakened King",2023-11-14,,,,DLC / Expansion,,Not Started,,,,,,,,,,,,,,,,,,,,,,,,,,,,,,,,,,,2025-05-07T20:10:26.000Z,2025-05-07T20:10:26.000Z
297261,"Remnant II: The Forgotten Kingdom",2024-04-23,,,,DLC / Expansion,,Not Started,,,,,,,,,,,,,,,,,,,,,,,,,,,,,,,,,,,2025-05-07T20:10:26.000Z,2025-05-07T20:10:26.000Z
317619,"Remnant II: The Dark Horizon",2024-09-24,,,,DLC / Expansion,,Not Started,,,,,,,,,,,,,,,,,,,,,,,,,,,,,,,,,,,2025-05-07T20:10:26.000Z,2025-05-07T20:10:26.000Z
154775,"RoboCop: Rogue City",2023-11-02,,,Windows PC,,Played,Beaten,Owned,,,Digital,Steam,,893,,,,,,,,,,,,,,,,,,,,,8,,,,,,,2025-05-06T09:55:34.000Z,2025-05-06T09:55:34.000Z
93834,"Rising Storm/Red Orchestra 2 Multiplayer",2013-05-30,,,Windows PC,,No Status,No Status,Owned,,,Digital,Steam,,288,,,,,,,,,,,,,,,,,,,,,,,,,,,,2025-05-06T09:55:34.000Z,2025-05-06T09:55:34.000Z
1055,"Red Orchestra 2: Heroes of Stalingrad",2011-09-13,,,,Bundled Game,,No Status,,,,,,,,,,,,,,,,,,,,,,,,,,,,,,,,,,,2025-05-06T09:55:34.000Z,2025-05-06T09:55:34.000Z
2609,"Rising Storm",2013-05-30,,,,Bundled Game,,No Status,,,,,,,,,,,,,,,,,,,,,,,,,,,,,,,,,,,2025-05-06T09:55:34.000Z,2025-05-06T09:55:34.000Z
826,"Saints Row 2",2008-10-14,,,Windows PC,,Unplayed,Not Started,Owned,,,Digital,Steam,,0,,,,,,,,,,,,,,,,,,,,,,,,,,,,2025-05-06T09:57:10.000Z,2025-05-06T09:57:10.000Z
873,"Saints Row: The Third",2011-11-15,,,Windows PC,,Unplayed,Not Started,Owned,,,Digital,Steam,,238,,,,,,,,,,,,,,,,,,,,,,,,,,,,2025-05-06T09:57:10.000Z,2025-05-06T09:57:10.000Z
30151,"RPG Maker VX Ace",2011-12-15,,,Windows PC,,No Status,No Status,Owned,,,Digital,Steam,,201,,,,,,,,,,,,,,,,,,,,,,,,,,,,2025-05-06T09:57:10.000Z,2025-05-06T09:57:10.000Z
23524,"Rusty Hearts",2011-10-20,,,Windows PC,,No Status,No Status,Owned,,,Digital,Steam,,0,,,,,,,,,,,,,,,,,,,,,,,,,,,,2025-05-06T09:57:10.000Z,2025-05-06T09:57:10.000Z
16391,"Rose Online",2012-09-02,,,Windows PC,,No Status,No Status,Owned,,,Digital,Steam,,0,,,,,,,,,,,,,,,,,,,,,,,,,,,,2025-05-06T09:57:10.000Z,2025-05-06T09:57:10.000Z
14528,"Serena",2014-01-30,,,Windows PC,,No Status,No Status,Owned,,,Digital,Steam,,0,,,,,,,,,,,,,,,,,,,,,,,,,,,,2025-05-06T09:57:10.000Z,2025-05-06T09:57:10.000Z
2108,"Sanctum 2",2013-05-15,,,Windows PC,,No Status,No Status,Owned,,,Digital,Steam,,271,,,,,,,,,,,,,,,,,,,,,,,,,,,,2025-05-06T09:57:10.000Z,2025-05-06T09:57:10.000Z
3277,"Rust",2018-02-08,,,Windows PC,,No Status,No Status,Owned,,,Digital,Steam,,1107,,,,"","",,"",No,,,"",,,,,,,,,"",,,,,,,,2025-05-06T09:57:10.000Z,2025-05-06T13:11:00.000Z
7844,"Septerra Core: Legacy of the Creator",1999-10-31,,,Windows PC,,Unplayed,Not Started,Owned,,,Digital,Steam,,213,,,,"","",,"",No,,,"",,,,,,,,,"The Steam version is currently unplayable due to numerous bugs.",,,,,,,,2025-05-06T09:57:10.000Z,2026-08-10T08:51:01.000Z
11577,"Satellite Reign",2015-08-27,,,Windows PC,,Played,Dropped,Owned,,,Digital,Steam,,505,,,,,,,,,,,,,,,,,,,,,,,,,,,,2025-05-06T09:57:10.000Z,2025-05-06T09:57:10.000Z
10787,"Rover Rescue",2014-05-08,,,Windows PC,,No Status,No Status,Owned,,,Digital,Steam,,0,,,,,,,,,,,,,,,,,,,,,,,,,,,,2025-05-06T09:57:10.000Z,2025-05-06T09:57:10.000Z
10786,"Royal Quest",2014-08-06,,,Windows PC,,No Status,No Status,Owned,,,Digital,Steam,,34,,,,,,,,,,,,,,,,,,,,,,,,,,,,2025-05-06T09:57:10.000Z,2025-05-06T09:57:10.000Z
17548,"Savage Lands",2015-02-04,,,Windows PC,,No Status,No Status,Owned,,,Digital,Steam,,304,,,,,,,,,,,,,,,,,,,,,,,,,,,,2025-05-06T09:57:10.000Z,2025-05-06T09:57:10.000Z
17640,"Sakura Spirit",2014-06-03,,,Windows PC,,No Status,No Status,Owned,,,Digital,Steam,,246,,,,,,,,,,,,,,,,,,,,,,,,,,,,2025-05-06T09:57:10.000Z,2025-05-06T09:57:10.000Z
1981,"Saints Row IV",2013-08-20,,,Windows PC,,Played,Beaten,Owned,,,Digital,Steam,,1770,,,,,,,,,,,,,,,,,,,,,6,,,,,,,2025-05-06T09:57:10.000Z,2025-05-06T09:57:10.000Z
3812,"Ryse: Son of Rome",2013-11-22,,,Windows PC,,Played,Beaten,Owned,,,Digital,Steam,,681,,,,,,,,,,,,,,,,,,,,,5,,,,,,,2025-05-06T09:57:10.000Z,2025-05-06T09:57:10.000Z
8816,"Screencheat",2014-10-21,,,Windows PC,,No Status,No Status,Owned,,,Digital,Steam,,287,,,,,,,,,,,,,,,,,,,,,,,,,,,,2025-05-06T09:57:10.000Z,2025-05-06T09:57:10.000Z
27778,"Sakura Angels",2015-01-16,,,Windows PC,,No Status,No Status,Owned,,,Digital,Steam,,216,,,,,,,,,,,,,,,,,,,,,,,,,,,,2025-05-06T09:57:10.000Z,2025-05-06T09:57:10.000Z
7708,"Saints Row: Gat Out of Hell",2015-01-20,,,Windows PC,,Played,Dropped,Owned,,,Digital,Steam,,463,,,,"","",,"",No,,,"",,,,,,,,,"",4,,,,,,,2025-05-06T09:57:10.000Z,2025-05-06T13:11:43.000Z
8485,"Secret Agent",1992-02-01,,,Windows PC,,No Status,No Status,Owned,,,Digital,Steam,,0,,,,,,,,,,,,,,,,,,,,,,,,,,,,2025-05-06T09:57:10.000Z,2025-05-06T09:57:10.000Z
5615,"Sacred 3",2014-08-01,,,Windows PC,,Unplayed,Not Started,Owned,,,Digital,Steam,,286,,,,,,,,,,,,,,,,,,,,,,,,,,,,2025-05-06T09:57:10.000Z,2025-05-06T09:57:10.000Z
60155,"Sakura Fantasy: Chapter 1",2015-05-29,,,Windows PC,,No Status,No Status,Owned,,,Digital,Steam,,276,,,,,,,,,,,,,,,,,,,,,,,,,,,,2025-05-06T09:57:10.000Z,2025-05-06T09:57:10.000Z
35040,"Sakura Beach",2015-08-14,,,Windows PC,,No Status,No Status,Owned,,,Digital,Steam,,256,,,,,,,,,,,,,,,,,,,,,,,,,,,,2025-05-06T09:57:10.000Z,2025-05-06T09:57:10.000Z
34329,"Sakura Beach 2",2015-11-06,,,Windows PC,,No Status,No Status,Owned,,,Digital,Steam,,277,,,,,,,,,,,,,,,,,,,,,,,,,,,,2025-05-06T09:57:10.000Z,2025-05-06T09:57:10.000Z
11536,"Senran Kagura: Shinovi Versus",2013-02-28,,,Windows PC,,Unplayed,Not Started,Owned,,,Digital,Steam,,323,,,,,,,,,,,,,,,,,,,,,,,,,,,,2025-05-06T09:57:10.000Z,2025-05-06T09:57:10.000Z
33317,"Samoliotik",2016-03-25,,,Windows PC,,No Status,No Status,Owned,,,Digital,Steam,,270,,,,,,,,,,,,,,,,,,,,,,,,,,,,2025-05-06T09:57:10.000Z,2025-05-06T09:57:10.000Z
11006,"Senran Kagura: Estival Versus",2015-03-26,,,Windows PC,,Unplayed,Not Started,Owned,,,Digital,Steam,,249,,,,,,,,,,,,,,,,,,,,,,,,,,,,2025-05-06T09:57:10.000Z,2025-05-06T09:57:10.000Z
11530,"Senran Kagura Bon Appétit!",2014-04-24,,,Windows PC,,Unplayed,Not Started,Owned,,,Digital,Steam,,224,,,,,,,,,,,,,,,,,,,,,,,,,,,,2025-05-06T09:57:10.000Z,2025-05-06T09:57:10.000Z
31619,"Sakura Shrine Girls",2016-08-26,,,Windows PC,,No Status,No Status,Owned,,,Digital,Steam,,264,,,,,,,,,,,,,,,,,,,,,,,,,,,,2025-05-06T09:57:10.000Z,2025-05-06T09:57:10.000Z
31487,"Sakura Space",2016-10-10,,,Windows PC,,No Status,No Status,Owned,,,Digital,Steam,,340,,,,,,,,,,,,,,,,,,,,,,,,,,,,2025-05-06T09:57:10.000Z,2025-05-06T09:57:10.000Z
29850,"Sakura Agent",2017-01-27,,,Windows PC,,No Status,No Status,Owned,,,Digital,Steam,,216,,,,,,,,,,,,,,,,,,,,,,,,,,,,2025-05-06T09:57:10.000Z,2025-05-06T09:57:10.000Z
57032,"Sakura Gamer",2017-10-05,,,Windows PC,,No Status,No Status,Owned,,,Digital,Steam,,267,,,,,,,,,,,,,,,,,,,,,,,,,,,,2025-05-06T09:57:10.000Z,2025-05-06T09:57:10.000Z
81124,"Scythe: Digital Edition",2018-09-05,,,Windows PC,,No Status,No Status,Owned,,,Digital,Steam,,349,,,,"","",,"",No,,,"",,,,,,,,,"",,,,,,,,2025-05-06T09:57:10.000Z,2025-05-06T13:16:02.000Z
133302,"Scarlet Nexus",2021-06-24,,,Windows PC,,No Status,No Status,Owned,,,Digital,Steam,,0,,,,"","",,"",No,,,"",,,,,,,,,"",7,,,,,,,2025-05-06T09:57:10.000Z,2025-05-08T15:27:35.000Z
25656,"Senran Kagura: Peach Beach Splash",2017-03-16,,,Windows PC,,Unplayed,Not Started,Owned,,,Digital,Steam,,196,,,,,,,,,,,,,,,,,,,,,,,,,,,,2025-05-06T09:57:10.000Z,2025-05-06T09:57:10.000Z
100338,"Sakura Sadist",2018-05-25,,,Windows PC,,No Status,No Status,Owned,,,Digital,Steam,,302,,,,,,,,,,,,,,,,,,,,,,,,,,,,2025-05-06T09:57:10.000Z,2025-05-06T09:57:10.000Z
76882,"Sekiro: Shadows Die Twice",2019-03-22,,,Windows PC,,Unplayed,Not Started,Owned,,,Digital,Steam,,0,,,,,,,,,,,,,,,,,,,,,,,,,,,,2025-05-06T09:57:10.000Z,2025-05-06T09:57:10.000Z
28129,"Senran Kagura Reflexions",2017-11-24,,,Windows PC,,Unplayed,Not Started,Owned,,,Digital,Steam,,256,,,,,,,,,,,,,,,,,,,,,,,,,,,,2025-05-06T09:57:10.000Z,2025-05-06T09:57:10.000Z
53656,"Senran Kagura Burst Re:Newal",2018-02-22,,,Windows PC,,Unplayed,Not Started,Owned,,,Digital,Steam,,499,,,,,,,,,,,,,,,,,,,,,,,,,,,,2025-05-06T09:57:10.000Z,2025-05-06T09:57:10.000Z
117186,"Sapiens",2022-07-26,,,Windows PC,,Played,Beaten,Owned,,,Digital,Steam,,5,,,,,,,,,,,,,,,,,,,,,5,,,,,,,2025-05-06T09:57:10.000Z,2025-05-06T09:57:10.000Z
54521,"Senran Kagura Peach Ball",2018-12-13,,,Windows PC,,Unplayed,Not Started,Owned,,,Digital,Steam,,430,,,,,,,,,,,,,,,,,,,,,,,,,,,,2025-05-06T09:57:10.000Z,2025-05-06T09:57:10.000Z
128004,"Sands of Salzaar",2020-01-03,,,Windows PC,,Unplayed,Not Started,Owned,,,Digital,Steam,,28,,,,,,,,,,,,,,,,,,,,,,,,,,,,2025-05-06T09:57:10.000Z,2025-05-06T09:57:10.000Z
132045,"School Years",2019-10-05,,,Windows PC,,No Status,No Status,Owned,,,Digital,Steam,,0,,,,,,,,,,,,,,,,,,,,,,,,,,,,2025-05-06T09:57:10.000Z,2025-05-06T09:57:10.000Z
20340,"Scrap Garden",2016-05-06,,,Windows PC,,No Status,No Status,Owned,,,Digital,Steam,,0,,,,,,,,,,,,,,,,,,,,,,,,,,,,2025-05-06T09:57:10.000Z,2025-05-06T09:57:10.000Z
115278,"Rune Factory 4 Special",2019-07-25,,,Windows PC,,Unplayed,Not Started,Owned,,,Digital,Steam,,167,,,,,,,,,,,,,,,,,,,,,,,,,,,,2025-05-06T09:57:10.000Z,2025-05-06T09:57:10.000Z
153986,"RunnerDot",2021-07-20,,,Windows PC,,No Status,No Status,Owned,,,Digital,Steam,,0,,,,,,,,,,,,,,,,,,,,,,,,,,,,2025-05-06T09:57:10.000Z,2025-05-06T09:57:10.000Z
204633,"Rotwood",2026-03-03,,,Windows PC,,Played,Beaten,Owned,,,Digital,Steam,,659,,,,"","",,"",No,,,"",,,,,,,,,"",5,,,,,,,2025-05-06T09:57:10.000Z,2026-06-03T05:40:00.000Z
115279,"Rune Factory 5",2021-05-20,,,Windows PC,,Unplayed,Not Started,Owned,,,Digital,Steam,,284,,,,,,,,,,,,,,,,,,,,,,,,,,,,2025-05-06T09:57:10.000Z,2025-05-06T09:57:10.000Z
30228,"RPG Maker XP",2004-07-22,,,Windows PC,,No Status,No Status,Owned,,,Digital,Steam,,0,,,,,,,,,,,,,,,,,,,,,,,,,,,,2025-05-06T09:57:10.000Z,2025-05-06T09:57:10.000Z
191344,"Sega Mega Drive and Genesis Classics",2010-06-01,,,Windows PC,,No Status,No Status,Owned,,,Digital,Steam,,278,,,,,,,,,,,,,,,,,,,,,,,,,,,,2025-05-06T09:57:10.000Z,2025-05-06T09:57:10.000Z
1230,"Phantasy Star IV: The End of the Millennium",1993-12-17,,,,Bundled Game,,No Status,,,,,,,,,,,,,,,,,,,,,,,,,,,,,,,,,,,2025-05-06T09:57:10.000Z,2025-05-06T09:57:10.000Z
1231,"Phantasy Star III: Generations of Doom",1990-04-21,,,,Bundled Game,,No Status,,,,,,,,,,,,,,,,,,,,,,,,,,,,,,,,,,,2025-05-06T09:57:10.000Z,2025-05-06T09:57:10.000Z
1232,"Phantasy Star II",1989-03-21,,,,Bundled Game,,No Status,,,,,,,,,,,,,,,,,,,,,,,,,,,,,,,,,,,2025-05-06T09:57:10.000Z,2025-05-06T09:57:10.000Z
1652,"Streets of Rage",1991-08-02,,,,Bundled Game,,No Status,,,,,,,,,,,,,,,,,,,,,,,,,,,,,,,,,,,2025-05-06T09:57:10.000Z,2025-05-06T09:57:10.000Z
1653,"Streets of Rage 2",1992-12-01,,,,Bundled Game,,No Status,,,,,,,,,,,,,,,,,,,,,,,,,,,,,,,,,,,2025-05-06T09:57:10.000Z,2025-05-06T09:57:10.000Z
1654,"Streets of Rage 3",1994-03-18,,,,Bundled Game,,No Status,,,,,,,,,,,,,,,,,,,,,,,,,,,,,,,,,,,2025-05-06T09:57:10.000Z,2025-05-06T09:57:10.000Z
2623,"Shinobi III: Return of the Ninja Master",1993-07-22,,,,Bundled Game,,No Status,,,,,,,,,,,,,,,,,,,,,,,,,,,,,,,,,,,2025-05-06T09:57:10.000Z,2025-05-06T09:57:10.000Z
3041,"Shining Force",1992-03-20,,,,Bundled Game,,No Status,,,,,,,,,,,,,,,,,,,,,,,,,,,,,,,,,,,2025-05-06T09:57:10.000Z,2025-05-06T09:57:10.000Z
3071,"Comix Zone",1995-08-02,,,,Bundled Game,,No Status,,,,,,,,,,,,,,,,,,,,,,,,,,,,,,,,,,,2025-05-06T09:57:10.000Z,2025-05-06T09:57:10.000Z
3129,"Gain Ground",1988-11-01,,,,Bundled Game,,No Status,,,,,,,,,,,,,,,,,,,,,,,,,,,,,,,,,,,2025-05-06T09:57:10.000Z,2025-05-06T09:57:10.000Z
3192,"Sonic the Hedgehog",1991-06-23,,,,Bundled Game,,No Status,,,,,,,,,,,,,,,,,,,,,,,,,,,,,,,,,,,2025-05-06T09:57:10.000Z,2025-05-06T09:57:10.000Z
3194,"Sword of Vermilion",1989-12-16,,,,Bundled Game,,No Status,,,,,,,,,,,,,,,,,,,,,,,,,,,,,,,,,,,2025-05-06T09:57:10.000Z,2025-05-06T09:57:10.000Z
3197,"Shining Force II",1993-10-01,,,,Bundled Game,,No Status,,,,,,,,,,,,,,,,,,,,,,,,,,,,,,,,,,,2025-05-06T09:57:10.000Z,2025-05-06T09:57:10.000Z
3217,"Alex Kidd in the Enchanted Castle",1989-02-10,,,,Bundled Game,,No Status,,,,,,,,,,,,,,,,,,,,,,,,,,,,,,,,,,,2025-05-06T09:57:10.000Z,2025-05-06T09:57:10.000Z
3327,"The Revenge of Shinobi",1989-12-02,,,,Bundled Game,,No Status,,,,,,,,,,,,,,,,,,,,,,,,,,,,,,,,,,,2025-05-06T09:57:10.000Z,2025-05-06T09:57:10.000Z
4391,"VectorMan 2",1996-11-15,,,,Bundled Game,,No Status,,,,,,,,,,,,,,,,,,,,,,,,,,,,,,,,,,,2025-05-06T09:57:10.000Z,2025-05-06T09:57:10.000Z
4438,"Sonic the Hedgehog 2",1992-11-01,,,,Bundled Game,,No Status,,,,,,,,,,,,,,,,,,,,,,,,,,,,,,,,,,,2025-05-06T09:57:10.000Z,2025-05-06T09:57:10.000Z
4446,"Columns",1990-03-01,,,,Bundled Game,,No Status,,,,,,,,,,,,,,,,,,,,,,,,,,,,,,,,,,,2025-05-06T09:57:10.000Z,2025-05-06T09:57:10.000Z
4471,"Super Thunder Blade",1988-10-29,,,,Bundled Game,,No Status,,,,,,,,,,,,,,,,,,,,,,,,,,,,,,,,,,,2025-05-06T09:57:10.000Z,2025-05-06T09:57:10.000Z
4477,"Eternal Champions",1993-12-11,,,,Bundled Game,,No Status,,,,,,,,,,,,,,,,,,,,,,,,,,,,,,,,,,,2025-05-06T09:57:10.000Z,2025-05-06T09:57:10.000Z
4481,"Wonder Boy III: Monster Lair",1988-11-01,,,,Bundled Game,,No Status,,,,,,,,,,,,,,,,,,,,,,,,,,,,,,,,,,,2025-05-06T09:57:10.000Z,2025-05-06T09:57:10.000Z
4490,"Alien Soldier",1995-02-24,,,,Bundled Game,,No Status,,,,,,,,,,,,,,,,,,,,,,,,,,,,,,,,,,,2025-05-06T09:57:10.000Z,2025-05-06T09:57:10.000Z
4496,"Fatal Labyrinth",1990-11-19,,,,Bundled Game,,No Status,,,,,,,,,,,,,,,,,,,,,,,,,,,,,,,,,,,2025-05-06T09:57:10.000Z,2025-05-06T09:57:10.000Z
4498,"Space Harrier II",1988-10-29,,,,Bundled Game,,No Status,,,,,,,,,,,,,,,,,,,,,,,,,,,,,,,,,,,2025-05-06T09:57:10.000Z,2025-05-06T09:57:10.000Z
4499,"Dr. Robotnik's Mean Bean Machine",1993-11-26,,,,Bundled Game,,No Status,,,,,,,,,,,,,,,,,,,,,,,,,,,,,,,,,,,2025-05-06T09:57:10.000Z,2025-05-06T09:57:10.000Z
4511,"Bonanza Bros.",1990-06-18,,,,Bundled Game,,No Status,,,,,,,,,,,,,,,,,,,,,,,,,,,,,,,,,,,2025-05-06T09:57:10.000Z,2025-05-06T09:57:10.000Z
4517,"Bio-Hazard Battle",1992-10-30,,,,Bundled Game,,No Status,,,,,,,,,,,,,,,,,,,,,,,,,,,,,,,,,,,2025-05-06T09:57:10.000Z,2025-05-06T09:57:10.000Z
5378,"Ecco the Dolphin",1992-12-23,,,,Bundled Game,,No Status,,,,,,,,,,,,,,,,,,,,,,,,,,,,,,,,,,,2025-05-06T09:57:10.000Z,2025-05-06T09:57:10.000Z
5379,"Ecco: The Tides of Time",1994-08-25,,,,Bundled Game,,No Status,,,,,,,,,,,,,,,,,,,,,,,,,,,,,,,,,,,2025-05-06T09:57:10.000Z,2025-05-06T09:57:10.000Z
6067,"Decap Attack",1990-12-15,,,,Bundled Game,,No Status,,,,,,,,,,,,,,,,,,,,,,,,,,,,,,,,,,,2025-05-06T09:57:10.000Z,2025-05-06T09:57:10.000Z
6405,"Gunstar Heroes",1993-09-09,,,,Bundled Game,,No Status,,,,,,,,,,,,,,,,,,,,,,,,,,,,,,,,,,,2025-05-06T09:57:10.000Z,2025-05-06T09:57:10.000Z
6665,"Ecco Jr.",1995-12-31,,,,Bundled Game,,No Status,,,,,,,,,,,,,,,,,,,,,,,,,,,,,,,,,,,2025-05-06T09:57:10.000Z,2025-05-06T09:57:10.000Z
6670,"ESWAT: City Under Siege",1990-06-01,,,,Bundled Game,,No Status,,,,,,,,,,,,,,,,,,,,,,,,,,,,,,,,,,,2025-05-06T09:57:10.000Z,2025-05-06T09:57:10.000Z
6799,"Galaxy Force II",1988-12-31,,,,Bundled Game,,No Status,,,,,,,,,,,,,,,,,,,,,,,,,,,,,,,,,,,2025-05-06T09:57:10.000Z,2025-05-06T09:57:10.000Z
7431,"Ristar",1995-02-16,,,,Bundled Game,,No Status,,,,,,,,,,,,,,,,,,,,,,,,,,,,,,,,,,,2025-05-06T09:57:10.000Z,2025-05-06T09:57:10.000Z
8389,"ToeJam & Earl",1991-03-12,,,,Bundled Game,,No Status,,,,,,,,,,,,,,,,,,,,,,,,,,,,,,,,,,,2025-05-06T09:57:10.000Z,2025-05-06T09:57:10.000Z
9406,"Shining in the Darkness",1991-03-29,,,,Bundled Game,,No Status,,,,,,,,,,,,,,,,,,,,,,,,,,,,,,,,,,,2025-05-06T09:57:10.000Z,2025-05-06T09:57:10.000Z
9476,"Sonic 3D Blast",1996-11-14,,,,Bundled Game,,No Status,,,,,,,,,,,,,,,,,,,,,,,,,,,,,,,,,,,2025-05-06T09:57:10.000Z,2025-05-06T09:57:10.000Z
9540,"Wonder Boy in Monster World",1991-10-25,,,,Bundled Game,,No Status,,,,,,,,,,,,,,,,,,,,,,,,,,,,,,,,,,,2025-05-06T09:57:10.000Z,2025-05-06T09:57:10.000Z
9969,"Alien Storm",1990-12-31,,,,Bundled Game,,No Status,,,,,,,,,,,,,,,,,,,,,,,,,,,,,,,,,,,2025-05-06T09:57:10.000Z,2025-05-06T09:57:10.000Z
10217,"Shadow Dancer: The Secret of Shinobi",1990-12-01,,,,Bundled Game,,No Status,,,,,,,,,,,,,,,,,,,,,,,,,,,,,,,,,,,2025-05-06T09:57:10.000Z,2025-05-06T09:57:10.000Z
11123,"ToeJam & Earl in Panic on Funkotron",1993-12-31,,,,Bundled Game,,No Status,,,,,,,,,,,,,,,,,,,,,,,,,,,,,,,,,,,2025-05-06T09:57:10.000Z,2025-05-06T09:57:10.000Z
11219,"Sonic the Hedgehog 3 & Knuckles",1994-10-18,,,,Bundled Game,,No Status,,,,,,,,,,,,,,,,,,,,,,,,,,,,,,,,,,,2025-05-06T09:57:10.000Z,2025-05-06T09:57:10.000Z
12015,"Crack Down",1989-12-31,,,,Bundled Game,,No Status,,,,,,,,,,,,,,,,,,,,,,,,,,,,,,,,,,,2025-05-06T09:57:10.000Z,2025-05-06T09:57:10.000Z
14971,"Columns III",1993-12-17,,,,Bundled Game,,No Status,,,,,,,,,,,,,,,,,,,,,,,,,,,,,,,,,,,2025-05-06T09:57:10.000Z,2025-05-06T09:57:10.000Z
15072,"Landstalker",1992-10-30,,,,Bundled Game,,No Status,,,,,,,,,,,,,,,,,,,,,,,,,,,,,,,,,,,2025-05-06T09:57:10.000Z,2025-05-06T09:57:10.000Z
15073,"Light Crusader",1995-05-25,,,,Bundled Game,,No Status,,,,,,,,,,,,,,,,,,,,,,,,,,,,,,,,,,,2025-05-06T09:57:10.000Z,2025-05-06T09:57:10.000Z
15299,"Beyond Oasis",1994-12-01,,,,Bundled Game,,No Status,,,,,,,,,,,,,,,,,,,,,,,,,,,,,,,,,,,2025-05-06T09:57:10.000Z,2025-05-06T09:57:10.000Z
16033,"VectorMan",1995-10-24,,,,Bundled Game,,No Status,,,,,,,,,,,,,,,,,,,,,,,,,,,,,,,,,,,2025-05-06T09:57:10.000Z,2025-05-06T09:57:10.000Z
16035,"Kid Chameleon",1992-05-28,,,,Bundled Game,,No Status,,,,,,,,,,,,,,,,,,,,,,,,,,,,,,,,,,,2025-05-06T09:57:10.000Z,2025-05-06T09:57:10.000Z
16036,"Sonic the Hedgehog: Spinball",1993-11-23,,,,Bundled Game,,No Status,,,,,,,,,,,,,,,,,,,,,,,,,,,,,,,,,,,2025-05-06T09:57:10.000Z,2025-05-06T09:57:10.000Z
16214,"Golden Axe II",1991-09-05,,,,Bundled Game,,No Status,,,,,,,,,,,,,,,,,,,,,,,,,,,,,,,,,,,2025-05-06T09:57:10.000Z,2025-05-06T09:57:10.000Z
16369,"Golden Axe III",1993-06-25,,,,Bundled Game,,No Status,,,,,,,,,,,,,,,,,,,,,,,,,,,,,,,,,,,2025-05-06T09:57:10.000Z,2025-05-06T09:57:10.000Z
22744,"Dynamite Headdy",1994-08-05,,,,Bundled Game,,No Status,,,,,,,,,,,,,,,,,,,,,,,,,,,,,,,,,,,2025-05-06T09:57:10.000Z,2025-05-06T09:57:10.000Z
202939,"Altered Beast",1988-10-29,,,,Bundled Game,,No Status,,,,,,,,,,,,,,,,,,,,,,,,,,,,,,,,,,,2025-05-06T09:57:10.000Z,2025-05-06T09:57:10.000Z
225566,"Virtua Fighter 2",1996-12-31,,,,Bundled Game,,No Status,,,,,,,,,,,,,,,,,,,,,,,,,,,,,,,,,,,2025-05-06T09:57:10.000Z,2025-05-06T09:57:10.000Z
275674,"Flicky",1990-12-26,,,,Bundled Game,,No Status,,,,,,,,,,,,,,,,,,,,,,,,,,,,,,,,,,,2025-05-06T09:57:10.000Z,2025-05-06T09:57:10.000Z
305873,"Golden Axe",1989-12-22,,,,Bundled Game,,No Status,,,,,,,,,,,,,,,,,,,,,,,,,,,,,,,,,,,2025-05-06T09:57:10.000Z,2025-05-06T09:57:10.000Z
9924,"Sins of a Solar Empire: Rebellion",2012-06-12,,,Windows PC,,Unplayed,Not Started,Owned,,,Digital,Steam,,443,,,,,,,,,,,,,,,,,,,,,,,,,,,,2025-05-06T09:58:29.000Z,2025-05-06T09:58:29.000Z
13180,"Serious Sam HD: The First Encounter",2009-11-24,,,Windows PC,,No Status,No Status,Owned,,,Digital,Steam,,212,,,,"","",,"",No,,,"",,,,,,,,,"",,,,,,,,2025-05-06T09:58:29.000Z,2025-05-06T13:16:10.000Z
13181,"Serious Sam HD: The Second Encounter",2010-04-28,,,Windows PC,,No Status,No Status,Owned,,,Digital,Steam,,116,,,,"","",,"",No,,,"",,,,,,,,,"",,,,,,,,2025-05-06T09:58:29.000Z,2025-05-06T13:16:13.000Z
857,"Serious Sam: The First Encounter",2001-03-21,,,Windows PC,,No Status,No Status,Owned,,,Digital,Steam,,0,,,,,,,,,,,,,,,,,,,,,,,,,,,,2025-05-06T09:58:29.000Z,2025-05-06T09:58:29.000Z
858,"Serious Sam: The Second Encounter",2002-01-24,,,Windows PC,,No Status,No Status,Owned,,,Digital,Steam,,0,,,,"","",,"",No,,,"",,,,,,,,,"",,,,,,,,2025-05-06T09:58:29.000Z,2025-05-06T13:16:18.000Z
527,"Serious Sam 3: BFE",2011-11-22,,,Windows PC,,No Status,No Status,Owned,,,Digital,Steam,,243,,,,"","",,"",No,,,"",,,,,,,,,"",,,,,,,,2025-05-06T09:58:29.000Z,2025-05-06T13:16:08.000Z
20086,"Serious Sam Double D XXL",2013-02-20,,,Windows PC,,No Status,No Status,Owned,,,Digital,Steam,,0,,,,,,,,,,,,,,,,,,,,,,,,,,,,2025-05-06T09:58:29.000Z,2025-05-06T09:58:29.000Z
10819,"Serious Sam: The Random Encounter",2011-10-24,,,Windows PC,,No Status,No Status,Owned,,,Digital,Steam,,0,,,,,,,,,,,,,,,,,,,,,,,,,,,,2025-05-06T09:58:29.000Z,2025-05-06T09:58:29.000Z
787,"Serious Sam II",2005-10-11,,,Windows PC,,No Status,No Status,Owned,,,Digital,Steam,,0,,,,"","",,"",No,,,"",,,,,,,,,"",,,,,,,,2025-05-06T09:58:29.000Z,2025-05-06T13:16:15.000Z
9407,"Shattered Haven",2013-03-18,,,Windows PC,,No Status,No Status,Owned,,,Digital,Steam,,0,,,,,,,,,,,,,,,,,,,,,,,,,,,,2025-05-06T09:58:29.000Z,2025-05-06T09:58:29.000Z
3020,"Shadowrun Returns",2013-07-25,,,Windows PC,,Unplayed,Not Started,Owned,,,Digital,Steam,,242,,,,,,,,,,,,,,,,,,,,,,,,,,,,2025-05-06T09:58:29.000Z,2025-05-06T09:58:29.000Z
9022,"Sid Meier's Ace Patrol: Pacific Skies",2013-11-05,,,Windows PC,,No Status,No Status,Owned,,,Digital,Steam,,239,,,,,,,,,,,,,,,,,,,,,,,,,,,,2025-05-06T09:58:29.000Z,2025-05-06T09:58:29.000Z
9423,"Skyborn",2014-02-21,,,Windows PC,,No Status,No Status,Owned,,,Digital,Steam,,244,,,,,,,,,,,,,,,,,,,,,,,,,,,,2025-05-06T09:58:29.000Z,2025-05-06T09:58:29.000Z
17146,"Solarix",2015-03-04,,,Windows PC,,No Status,No Status,Owned,,,Digital,Steam,,258,,,,,,,,,,,,,,,,,,,,,,,,,,,,2025-05-06T09:58:29.000Z,2025-05-06T09:58:29.000Z
9405,"Showtime!",2014-05-23,,,Windows PC,,No Status,No Status,Owned,,,Digital,Steam,,344,,,,,,,,,,,,,,,,,,,,,,,,,,,,2025-05-06T09:58:29.000Z,2025-05-06T09:58:29.000Z
13544,"Sokobond",2013-08-27,,,Windows PC,,No Status,No Status,Owned,,,Digital,Steam,,0,,,,,,,,,,,,,,,,,,,,,,,,,,,,2025-05-06T09:58:29.000Z,2025-05-06T09:58:29.000Z
1367,"Sniper: Ghost Warrior",2010-06-24,,,Windows PC,,Unplayed,Not Started,Owned,,,Digital,Steam,,0,,,,,,,,,,,,,,,,,,,,,,,,,,,,2025-05-06T09:58:29.000Z,2025-05-06T09:58:29.000Z
17510,"Shattered Planet",2014-03-27,,,Windows PC,,No Status,No Status,Owned,,,Digital,Steam,,213,,,,,,,,,,,,,,,,,,,,,,,,,,,,2025-05-06T09:58:29.000Z,2025-05-06T09:58:29.000Z
7148,"Slipstream 5000",1995-12-31,,,Windows PC,,No Status,No Status,Owned,,,Digital,Steam,,186,,,,,,,,,,,,,,,,,,,,,,,,,,,,2025-05-06T09:58:29.000Z,2025-05-06T09:58:29.000Z
20228,"Sleeping Dogs: Definitive Edition",2014-10-10,,,Windows PC,,Played,Beaten,Owned,,,Digital,Steam,,1067,,,,"","",,"",No,,,"",,,,,,,,,"",6,,,,,,,2025-05-06T09:58:29.000Z,2026-01-19T14:02:15.000Z
11064,"Shadow Warrior 2",2016-10-13,,,Windows PC,,Played,Beaten,Owned,,,Digital,Steam,,699,,,,,,,,,,,,,,,,,,,,,5,,,,,,,2025-05-06T09:58:29.000Z,2025-05-06T09:58:29.000Z
2947,"Shadow Warrior",1997-05-13,,,Windows PC,,No Status,No Status,Owned,,,Digital,Steam,,0,,,,,,,,,,,,,,,,,,,,,,,,,,,,2025-05-06T09:58:29.000Z,2025-05-06T09:58:29.000Z
11795,"Shelter 2",2015-03-09,,,Windows PC,,No Status,No Status,Owned,,,Digital,Steam,,217,,,,,,,,,,,,,,,,,,,,,,,,,,,,2025-05-06T09:58:29.000Z,2025-05-06T09:58:29.000Z
11753,"Sheltered",2016-03-15,,,Windows PC,,No Status,No Status,Owned,,,Digital,Steam,,288,,,,,,,,,,,,,,,,,,,,,,,,,,,,2025-05-06T09:58:29.000Z,2025-05-06T09:58:29.000Z
310,"Sid Meier's Civilization III",2001-10-30,27820,"Sid Meier's Civilization III: Complete",Windows PC,,No Status,No Status,Owned,,,Digital,Steam,,0,,,,,,,,,,,,,,,,,,,,,,,,,,,,2025-05-06T09:58:29.000Z,2025-05-06T09:58:29.000Z
868,"Sid Meier's Pirates!",2004-11-22,,,Windows PC,,No Status,No Status,Owned,,,Digital,Steam,,8,,,,,,,,,,,,,,,,,,,,,,,,,,,,2025-05-06T09:58:29.000Z,2025-05-06T09:58:29.000Z
9021,"Sid Meier's Ace Patrol",2013-05-09,,,Windows PC,,No Status,No Status,Owned,,,Digital,Steam,,216,,,,,,,,,,,,,,,,,,,,,,,,,,,,2025-05-06T09:58:29.000Z,2025-05-06T09:58:29.000Z
33359,"Sixtieth Kilometer",2016-08-25,,,Windows PC,,No Status,No Status,Owned,,,Digital,Steam,,300,,,,,,,,,,,,,,,,,,,,,,,,,,,,2025-05-06T09:58:29.000Z,2025-05-06T09:58:29.000Z
28069,"Slime-san",2017-04-07,,,Windows PC,,No Status,No Status,Owned,,,Digital,Steam,,221,,,,,,,,,,,,,,,,,,,,,,,,,,,,2025-05-06T09:58:29.000Z,2025-05-06T09:58:29.000Z
19130,"Sid Meier's Civilization VI",2016-10-20,,,Windows PC,,Played,Beaten,Owned,,,Digital,Steam,,6282,,,,,,,,,,,,,,,,,,,,,6,,,,,,,2025-05-06T09:58:29.000Z,2025-05-06T09:58:29.000Z
18366,"Sniper Elite 4",2017-02-13,,,Windows PC,,Played,Beaten,Owned,,,Digital,Steam,,1317,,,,,,,,,,,,,,,,,,,,,5,,,,,,,2025-05-06T09:58:29.000Z,2025-05-06T09:58:29.000Z
19450,"Serial Cleaner",2017-07-11,,,Windows PC,,No Status,No Status,Owned,,,Digital,Steam,,464,,,,,,,,,,,,,,,,,,,,,,,,,,,,2025-05-06T09:58:29.000Z,2025-05-06T09:58:29.000Z
31110,"Shining Plume",2016-10-14,,,Windows PC,,No Status,No Status,Owned,,,Digital,Steam,,252,,,,,,,,,,,,,,,,,,,,,,,,,,,,2025-05-06T09:58:29.000Z,2025-05-06T09:58:29.000Z
19220,"Snake Pass",2017-03-28,,,Windows PC,,No Status,No Status,Owned,,,Digital,Steam,,332,,,,,,,,,,,,,,,,,,,,,,,,,,,,2025-05-06T09:58:29.000Z,2025-05-06T09:58:29.000Z
40477,"Slay the Spire",2019-01-23,,,Windows PC,,Unplayed,Not Started,Owned,,,Digital,Steam,,310,,,,,,,,,,,,,,,,,,,,,,,,,,,,2025-05-06T09:58:30.000Z,2025-05-06T09:58:30.000Z
6057,"Shadow Warrior",2013-09-26,,,Windows PC,,No Status,No Status,Owned,,,Digital,Steam,,246,,,,"","",,"",No,,,"",,,,,,,,,"",,,,,,,,2025-05-06T09:58:30.000Z,2025-08-11T18:03:17.000Z
75865,"Shining Resonance Refrain",2018-03-29,,,Windows PC,,Played,Beaten,Owned,,,Digital,Steam,,1677,,,,"","",,"",No,,,"",,,,,,,,,"",4,,,,,,,2025-05-06T09:58:30.000Z,2026-01-10T07:38:38.000Z
11542,"Shenmue III",2019-11-19,,,Windows PC,,Unplayed,Not Started,Owned,,,Digital,Steam,,0,,,,,,,,,,,,,,,,,,,,,,,,,,,,2025-05-06T09:58:30.000Z,2025-05-06T09:58:30.000Z
152172,"Severed Steel",2021-09-17,,,Windows PC,,Played,Dropped,Owned,,,Digital,Steam,,298,,,,,,,,,,,,,,,,,,,,,,,,,,,,2025-05-06T09:58:30.000Z,2025-05-06T09:58:30.000Z
142703,"Sir Whoopass: Immortal Death",2022-08-19,,,Windows PC,,Unplayed,Not Started,Owned,,,Digital,Steam,,16,,,,,,,,,,,,,,,,,,,,,,,,,,,,2025-05-06T09:58:30.000Z,2025-05-06T09:58:30.000Z
103244,"Signalis",2022-10-27,,,Windows PC,,Played,Dropped,Owned,,,Digital,Steam,,21,,,,,,,,,,,,,,,,,,,,,,,,,,,,2025-05-06T09:58:30.000Z,2025-05-06T09:58:30.000Z
90395,"Simple Story: Alex",2018-03-22,,,Windows PC,,No Status,No Status,Owned,,,Digital,Steam,,0,,,,,,,,,,,,,,,,,,,,,,,,,,,,2025-05-06T09:58:30.000Z,2025-05-06T09:58:30.000Z
194741,"Ship of Fools",2022-11-22,,,Windows PC,,No Status,No Status,Owned,,,Digital,Steam,,0,,,,,,,,,,,,,,,,,,,,,,,,,,,,2025-05-06T09:58:30.000Z,2025-05-06T09:58:30.000Z
121497,"Showdown Bandit",2019-09-17,,,Windows PC,,No Status,No Status,Owned,,,Digital,Steam,,0,,,,,,,,,,,,,,,,,,,,,,,,,,,,2025-05-06T09:58:30.000Z,2025-05-06T09:58:30.000Z
158413,"Settlement Survival",2022-10-25,,,Windows PC,,Unplayed,Not Started,Owned,,,Digital,Steam,,464,,,,"","",,"",No,,,"",,,,,,,,,"",,,,,,,,2025-05-06T09:58:30.000Z,2025-05-06T13:14:34.000Z
131705,"Sludge Life",2020-05-28,,,Windows PC,,No Status,No Status,Owned,,,Digital,Steam,,0,,,,,,,,,,,,,,,,,,,,,,,,,,,,2025-05-06T09:58:30.000Z,2025-05-06T09:58:30.000Z
10870,"Sins of a Solar Empire: Trinity",2010-02-04,,,Windows PC,,Unplayed,Not Started,Owned,,,Digital,Steam,,0,,,,,,,,,,,,,,,,,,,,,,,,,,,,2025-05-06T09:58:30.000Z,2025-05-06T09:58:30.000Z
872,"Sins of a Solar Empire",2008-02-04,,,,Bundled Game,,Not Started,,,,,,,,,,,,,,,,,,,,,,,,,,,,,,,,,,,2025-05-06T09:58:30.000Z,2025-05-06T09:58:30.000Z
67208,"Sins of a Solar Empire: Diplomacy",,,,,Bundled Game,,Not Started,,,,,,,,,,,,,,,,,,,,,,,,,,,,,,,,,,,2025-05-06T09:58:30.000Z,2025-05-06T09:58:30.000Z
84330,"Sins of a Solar Empire: Entrenchment",2009-02-25,,,,Bundled Game,,Not Started,,,,,,,,,,,,,,,,,,,,,,,,,,,,,,,,,,,2025-05-06T09:58:30.000Z,2025-05-06T09:58:30.000Z
16457,"Serious Sam Classics: Revolution",2019-08-30,,,Windows PC,,No Status,No Status,Owned,,,Digital,Steam,,0,,,,,,,,,,,,,,,,,,,,,,,,,,,,2025-05-06T09:58:30.000Z,2025-05-06T09:58:30.000Z
857,"Serious Sam: The First Encounter",2001-03-21,,,,Bundled Game,,No Status,,,,,,,,,,,,,,,,,,,,,,,,,,,,,,,,,,,2025-05-06T09:58:30.000Z,2025-05-06T09:58:30.000Z
858,"Serious Sam: The Second Encounter",2002-01-24,,,,Bundled Game,,No Status,,,,,,,,,,,,,,,,,,,,,,,,,,,,,,,,,,,2025-05-06T09:58:30.000Z,2025-05-06T09:58:30.000Z
91191,"Serious Sam Fusion 2017",,,,Windows PC,,No Status,No Status,Owned,,,Digital,Steam,,0,,,,,,,,,,,,,,,,,,,,,,,,,,,,2025-05-06T09:58:30.000Z,2025-05-06T09:58:30.000Z
527,"Serious Sam 3: BFE",2011-11-22,,,,Bundled Game,,No Status,,,,,,,,,,,,,,,,,,,,,,,,,,,,,,,,,,,2025-05-06T09:58:30.000Z,2025-05-06T09:58:30.000Z
13180,"Serious Sam HD: The First Encounter",2009-11-24,,,,Bundled Game,,No Status,,,,,,,,,,,,,,,,,,,,,,,,,,,,,,,,,,,2025-05-06T09:58:30.000Z,2025-05-06T09:58:30.000Z
13181,"Serious Sam HD: The Second Encounter",2010-04-28,,,,Bundled Game,,No Status,,,,,,,,,,,,,,,,,,,,,,,,,,,,,,,,,,,2025-05-06T09:58:30.000Z,2025-05-06T09:58:30.000Z
30620,"Serious Sam VR: The First Encounter",2017-03-30,,,,Bundled Game,,No Status,,,,,,,,,,,,,,,,,,,,,,,,,,,,,,,,,,,2025-05-06T09:58:30.000Z,2025-05-06T09:58:30.000Z
91116,"Serious Sam VR: The Second Encounter",2017-04-04,,,,Bundled Game,,No Status,,,,,,,,,,,,,,,,,,,,,,,,,,,,,,,,,,,2025-05-06T09:58:30.000Z,2025-05-06T09:58:30.000Z
96391,"Shenmue I & II",2018-08-21,,,Windows PC,,Unplayed,Not Started,Owned,,,Digital,Steam,,307,,,,,,,,,,,,,,,,,,,,,,,,,,,,2025-05-06T09:58:30.000Z,2025-05-06T09:58:30.000Z
1217,"Shenmue",1999-12-29,,,,Bundled Game,,Not Started,,,,,,,,,,,,,,,,,,,,,,,,,,,,,,,,,,,2025-05-06T09:58:30.000Z,2025-05-06T09:58:30.000Z
1218,"Shenmue II",2001-08-06,,,,Bundled Game,,Not Started,,,,,,,,,,,,,,,,,,,,,,,,,,,,,,,,,,,2025-05-06T09:58:30.000Z,2025-05-06T09:58:30.000Z
1876,"Spore",2008-09-04,,,Windows PC,,Played,Beaten,Owned,,,Digital,Steam,,333,,,,"","",,"",No,,,"",,,,,,,,,"",9,,,,,,,2025-05-06T10:00:02.000Z,2025-05-07T20:12:03.000Z
4218,"Spore: Galactic Adventures",2009-06-23,,,,DLC / Expansion,,Beaten,,,,,,,,,,,,,,,,,,,,,,,,,,,,,,,,,,,2025-05-07T20:12:03.000Z,2025-05-07T20:12:03.000Z
142,"Star Wars: Battlefront II",2005-10-31,,,Windows PC,,Played,Beaten,Owned,,,Digital,Steam,,7,,,,,,,,,,,,,,,,,,,,,6,,,,,,,2025-05-06T10:00:02.000Z,2025-05-06T10:00:02.000Z
148,"Star Wars: Republic Commando",2005-02-17,,,Windows PC,,No Status,No Status,Owned,,,Digital,Steam,,0,,,,,,,,,,,,,,,,,,,,,,,,,,,,2025-05-06T10:00:02.000Z,2025-05-06T10:00:02.000Z
149,"Star Wars: Starfighter",2001-02-21,,,Windows PC,,No Status,No Status,Owned,,,Digital,Steam,,0,,,,,,,,,,,,,,,,,,,,,,,,,,,,2025-05-06T10:00:02.000Z,2025-05-06T10:00:02.000Z
157,"Star Wars: Dark Forces",1995-02-28,,,Windows PC,,No Status,No Status,Owned,,,Digital,Steam,,0,,,,,,,,,,,,,,,,,,,,,,,,,,,,2025-05-06T10:00:02.000Z,2025-05-06T10:00:02.000Z
150,"Star Wars: Jedi Knight - Dark Forces II",1997-09-30,,,Windows PC,,No Status,No Status,Owned,,,Digital,Steam,,0,,,,,,,,,,,,,,,,,,,,,,,,,,,,2025-05-06T10:00:02.000Z,2025-05-06T10:00:02.000Z
152,"Star Wars: Jedi Knight II - Jedi Outcast",2002-03-26,,,Windows PC,,No Status,No Status,Owned,,,Digital,Steam,,0,,,,,,,,,,,,,,,,,,,,,,,,,,,,2025-05-06T10:00:02.000Z,2025-05-06T10:00:02.000Z
153,"Star Wars: Jedi Knight - Jedi Academy",2003-09-16,,,Windows PC,,Played,Beaten,Owned,,,Digital,Steam,,30,,,,,,,,,,,,,,,,,,,,,8,,,,,,,2025-05-06T10:00:02.000Z,2025-05-06T10:00:02.000Z
7033,"SpellForce 2: Shadow Wars",2006-04-05,29209,"SpellForce 2: Anniversary Edition",Windows PC,,Unplayed,Not Started,Owned,,,Digital,Steam,,12,,,,,,,,,,,,,,,,,,,,,,,,,,,,2025-05-06T10:00:02.000Z,2025-05-06T10:00:02.000Z
475,"Star Wars: The Force Unleashed",2008-09-16,19637,"Star Wars: The Force Unleashed - Ultimate Sith Edition",Windows PC,,Played,Beaten,Owned,,,Digital,Steam,,0,,,,,,,,,,,,,,,,,,,,,8,,,,,,,2025-05-06T10:00:02.000Z,2025-05-06T10:00:02.000Z
93832,"Star Wars: Empire at War - Gold Pack",2007-08-15,,,Windows PC,,No Status,No Status,Owned,,,Digital,Steam,,0,,,,,,,,,,,,,,,,,,,,,,,,,,,,2025-05-06T10:00:02.000Z,2025-05-06T10:00:02.000Z
137,"Star Wars: The Force Unleashed II",2010-10-26,,,Windows PC,,Played,Beaten,Owned,,,Digital,Steam,,0,,,,,,,,,,,,,,,,,,,,,8,,,,,,,2025-05-06T10:00:02.000Z,2025-05-06T10:00:02.000Z
1377,"Spec Ops: The Line",2012-06-26,,,Windows PC,,Played,Beaten,Owned,,,Digital,Steam,,0,,,,,,,,,,,,,,,,,,,,,5,,,,,,,2025-05-06T10:00:02.000Z,2025-05-06T10:00:02.000Z
118,"Star Wars: Knights of the Old Republic II - The Sith Lords",2004-12-06,,,Windows PC,,Unplayed,Not Started,Owned,,,Digital,Steam,,41,,,,,,,,,,,,,,,,,,,,,,,,,,,,2025-05-06T10:00:02.000Z,2025-05-06T10:00:02.000Z
116,"Star Wars: Knights of the Old Republic",2003-07-15,,,Windows PC,,Unplayed,Not Started,Owned,,,Digital,Steam,,22,,,,"","",,"",No,,,"",,,,,,,,,"The Steam version is currently unplayable due to numerous bugs.",,,,,,,,2025-05-06T10:00:02.000Z,2026-08-10T08:51:58.000Z
9265,"Spiral Knights",2011-04-04,,,Windows PC,,Unplayed,Not Started,Owned,,,Digital,Steam,,1,,,,,,,,,,,,,,,,,,,,,,,,,,,,2025-05-06T10:00:02.000Z,2025-05-06T10:00:02.000Z
3210,"Star Conflict",2012-07-24,,,Windows PC,,No Status,No Status,Owned,,,Digital,Steam,,0,,,,"","",,"",No,,,"",,,,,,,,,"",,,,,,,,2025-05-06T10:00:02.000Z,2025-08-11T17:52:38.000Z
3239,"Space Engineers",2019-02-28,,,Windows PC,,Played,Beaten,Owned,,,Digital,Steam,,2310,,,,,,,,,,,,,,,,,,,,,4,,,,,,,2025-05-06T10:00:02.000Z,2025-05-06T10:00:02.000Z
9527,"SpeedRunners",2016-04-19,,,Windows PC,,No Status,No Status,Owned,,,Digital,Steam,,192,,,,,,,,,,,,,,,,,,,,,,,,,,,,2025-05-06T10:00:02.000Z,2025-05-06T10:00:02.000Z
16697,"Sparkle 2 Evo",2011-11-29,,,Windows PC,,No Status,No Status,Owned,,,Digital,Steam,,213,,,,,,,,,,,,,,,,,,,,,,,,,,,,2025-05-06T10:00:02.000Z,2025-05-06T10:00:02.000Z
9470,"Space Farmers",2014-04-17,,,Windows PC,,No Status,No Status,Owned,,,Digital,Steam,,213,,,,,,,,,,,,,,,,,,,,,,,,,,,,2025-05-06T10:00:02.000Z,2025-05-06T10:00:02.000Z
1262,"South Park: The Stick of Truth",2014-03-03,,,Windows PC,,Played,Beaten,Owned,,,Digital,Steam,,845,,,,,,,,,,,,,,,,,,,,,6,,,,,,,2025-05-06T10:00:02.000Z,2025-05-06T10:00:02.000Z
9281,"Soulbringer",2000-06-01,,,Windows PC,,No Status,No Status,Owned,,,Digital,Steam,,0,,,,,,,,,,,,,,,,,,,,,,,,,,,,2025-05-06T10:00:02.000Z,2025-05-06T10:00:02.000Z
2150,"Split/Second",2010-05-18,,,Windows PC,,Unplayed,Not Started,Owned,,,Digital,Steam,,396,,,,,,,,,,,,,,,,,,,,,,,,,,,,2025-05-06T10:00:02.000Z,2025-05-06T10:00:02.000Z
22248,"Space Colony",2003-08-29,,,Windows PC,,Played,Beaten,Owned,,,Digital,Steam,,214,,,,,,,,,,,,,,,,,,,,,5,,,,,,,2025-05-06T10:00:02.000Z,2025-05-06T10:00:02.000Z
7584,"Star Trek Online",2010-02-02,,,Windows PC,,Played,Dropped,Owned,,,Digital,Steam,,741,,,,,,,,,,,,,,,,,,,,,,,,,,,,2025-05-06T10:00:02.000Z,2025-05-06T10:00:02.000Z
17680,"Space Hack",2005-11-15,,,Windows PC,,No Status,No Status,Owned,,,Digital,Steam,,0,,,,,,,,,,,,,,,,,,,,,,,,,,,,2025-05-06T10:00:02.000Z,2025-05-06T10:00:02.000Z
36253,"Solstice",2016-03-23,,,Windows PC,,No Status,No Status,Owned,,,Digital,Steam,,247,,,,,,,,,,,,,,,,,,,,,,,,,,,,2025-05-06T10:00:02.000Z,2025-05-06T10:00:02.000Z
17732,"Space Hulk: Ascension",2014-10-03,,,Windows PC,,No Status,No Status,Owned,,,Digital,Steam,,218,,,,,,,,,,,,,,,,,,,,,,,,,,,,2025-05-06T10:00:02.000Z,2025-05-06T10:00:02.000Z
35712,"Sometimes: Success Requires Sacrifice",2015-02-27,,,Windows PC,,No Status,No Status,Owned,,,Digital,Steam,,199,,,,,,,,,,,,,,,,,,,,,,,,,,,,2025-05-06T10:00:02.000Z,2025-05-06T10:00:02.000Z
35596,"Star Wars: Galactic Battlegrounds Saga",2001-11-09,,,Windows PC,,No Status,No Status,Owned,,,Digital,Steam,,0,,,,,,,,,,,,,,,,,,,,,,,,,,,,2025-05-06T10:00:02.000Z,2025-05-06T10:00:02.000Z
35436,"Sparkle 3 Genesis",2015-04-24,,,Windows PC,,No Status,No Status,Owned,,,Digital,Steam,,273,,,,,,,,,,,,,,,,,,,,,,,,,,,,2025-05-06T10:00:02.000Z,2025-05-06T10:00:02.000Z
35058,"Splendor",2015-07-09,,,Windows PC,,No Status,No Status,Owned,,,Digital,Steam,,156,,,,"","",,"",No,,,"",,,,,,,,,"",,,,,,,,2025-05-06T10:00:02.000Z,2025-05-06T13:18:47.000Z
33849,"Space Pilgrim Episode I: Alpha Centauri",2015-12-21,,,Windows PC,,No Status,No Status,Owned,,,Digital,Steam,,301,,,,,,,,,,,,,,,,,,,,,,,,,,,,2025-05-06T10:00:02.000Z,2025-05-06T10:00:02.000Z
151,"Star Wars: Rebellion",1998-02-28,,,Windows PC,,No Status,No Status,Owned,,,Digital,Steam,,0,,,,,,,,,,,,,,,,,,,,,,,,,,,,2025-05-06T10:00:02.000Z,2025-05-06T10:00:02.000Z
33390,"Square's Route",2016-03-18,,,Windows PC,,No Status,No Status,Owned,,,Digital,Steam,,0,,,,"","",,"",No,,,"",,,,,,,,,"",,,,,,,,2025-05-06T10:00:02.000Z,2025-08-11T17:52:36.000Z
32473,"Star Drifter",2016-06-01,,,Windows PC,,No Status,No Status,Owned,,,Digital,Steam,,235,,,,,,,,,,,,,,,,,,,,,,,,,,,,2025-05-06T10:00:02.000Z,2025-05-06T10:00:02.000Z
506,"Sonic Generations",2011-11-01,,,Windows PC,,No Status,No Status,Owned,,,Digital,Steam,,0,,,,,,,,,,,,,,,,,,,,,,,,,,,,2025-05-06T10:00:02.000Z,2025-05-06T10:00:02.000Z
74384,"Star Ocean: The Last Hope - 4K & Full HD Remaster",2017-11-28,,,Windows PC,,Played,Beaten,Owned,,,Digital,Steam,,3259,,,,,,,,,,,,,,,,,,,,,8,,,,,,,2025-05-06T10:00:02.000Z,2025-05-06T10:00:02.000Z
11161,"South Park: The Fractured But Whole",2017-10-17,,,Windows PC,,Played,Beaten,Owned,,,Digital,Steam,,364,,,,,,,,,,,,,,,,,,,,,6,,,,,,,2025-05-06T10:00:02.000Z,2025-05-06T10:00:02.000Z
111086,"Spellcaster University",2021-06-15,,,Windows PC,,Played,Beaten,Owned,,,Digital,Steam,,496,,,,,,,,,,,,,,,,,,,,,5,,,,,,,2025-05-06T10:00:02.000Z,2025-05-06T10:00:02.000Z
119304,"Spiritfarer",2020-08-18,,,Windows PC,,Unplayed,Not Started,Owned,,,Digital,Steam,,191,,,,,,,,,,,,,,,,,,,,,,,,,,,,2025-05-06T10:00:02.000Z,2025-05-06T10:00:02.000Z
103246,"Space Haven",2026-05-13,,,Windows PC,,Unplayed,Not Started,Owned,,,Digital,Steam,,56,,,,,,,,,,,,,,,,,,,,,,,,,,,,2025-05-06T10:00:02.000Z,2025-05-06T10:00:02.000Z
74701,"Star Wars Jedi: Fallen Order",2019-11-15,,,Windows PC,,Unplayed,Not Started,Owned,,,Digital,Steam,,127,,,,"","",,"",No,,,"",,,,,,,,,"",,,,,,,,2025-05-06T10:00:02.000Z,2026-07-15T06:50:19.000Z
127346,"Sons of the Forest",2024-02-22,,,Windows PC,,Played,Beaten,Owned,,,Digital,Steam,,1319,,,,,,,,,,,,,,,,,,,,,6,,,,,,,2025-05-06T10:00:02.000Z,2025-05-06T10:00:02.000Z
198494,"Spells & Secrets",2023-11-09,,,Windows PC,,Unplayed,Not Started,Owned,,,Digital,Steam,,0,,,,,,,,,,,,,,,,,,,,,,,,,,,,2025-05-06T10:00:02.000Z,2025-05-06T10:00:02.000Z
152262,"Soulstice",2022-09-20,,,Windows PC,,Unplayed,Not Started,Owned,,,Digital,Steam,,0,,,,,,,,,,,,,,,,,,,,,,,,,,,,2025-05-06T10:00:02.000Z,2025-05-06T10:00:02.000Z
178298,"Star Ocean: The Divine Force",2022-10-27,,,Windows PC,,Played,Beaten,Owned,,,Digital,Steam,,2607,,,,"","",,"",No,,,"",,,,,,,,,"",7,,,,,,,2025-05-06T10:00:02.000Z,2025-10-29T05:32:04.000Z
191738,"Soul Hackers 2",2022-08-25,,,Windows PC,,Played,Beaten,Owned,,,Digital,Steam,,1686,,,,,,,,,,,,,,,,,,,,,6,,,,,,,2025-05-06T10:00:02.000Z,2025-05-06T10:00:02.000Z
254337,"Star Ocean: The Second Story R",2023-11-02,,,Windows PC,,Played,Beaten,Owned,,,Digital,Steam,,2341,,,,,,,,,,,,,,,,,,,,,8,,,,,,,2025-05-06T10:00:02.000Z,2025-05-06T10:00:02.000Z
7201,"Supreme Commander 2",2010-03-02,,,Windows PC,,No Status,No Status,Owned,,,Digital,Steam,,0,,,,,,,,,,,,,,,,,,,,,,,,,,,,2025-05-06T10:01:09.000Z,2025-05-06T10:01:09.000Z
885,"Super Meat Boy",2010-10-20,,,Windows PC,,No Status,No Status,Owned,,,Digital,Steam,,184,,,,,,,,,,,,,,,,,,,,,,,,,,,,2025-05-06T10:01:09.000Z,2025-05-06T10:01:09.000Z
276,"Supreme Commander",2007-02-16,,,Windows PC,,No Status,No Status,Owned,,,Digital,Steam,,0,,,,,,,,,,,,,,,,,,,,,,,,,,,,2025-05-06T10:01:09.000Z,2025-05-06T10:01:09.000Z
888,"Supreme Commander: Forged Alliance",2007-11-06,,,Windows PC,,No Status,No Status,Owned,,,Digital,Steam,,0,,,,,,,,,,,,,,,,,,,,,,,,,,,,2025-05-06T10:01:09.000Z,2025-05-06T10:01:09.000Z
15030,"Stronghold Kingdoms",2012-01-01,,,Windows PC,,No Status,No Status,Owned,,,Digital,Steam,,91,,,,"","",,"",No,,,"",,,,,,,,,"",,,,,,,,2025-05-06T10:01:09.000Z,2025-05-06T13:23:28.000Z
16255,"Super Monday Night Combat",2012-03-04,,,Windows PC,,No Status,No Status,Owned,,,Digital,Steam,,1,,,,,,,,,,,,,,,,,,,,,,,,,,,,2025-05-06T10:01:09.000Z,2025-05-06T10:01:09.000Z
9945,"Super Crate Box",2010-10-22,,,Windows PC,,No Status,No Status,Owned,,,Digital,Steam,,0,,,,,,,,,,,,,,,,,,,,,,,,,,,,2025-05-06T10:01:09.000Z,2025-05-06T10:01:09.000Z
9552,"Starmade",2014-12-04,,,Windows PC,,No Status,No Status,Owned,,,Digital,Steam,,0,,,,,,,,,,,,,,,,,,,,,,,,,,,,2025-05-06T10:01:09.000Z,2025-05-06T10:01:09.000Z
16696,"Steam Marines",2014-09-24,,,Windows PC,,No Status,No Status,Owned,,,Digital,Steam,,349,,,,,,,,,,,,,,,,,,,,,,,,,,,,2025-05-06T10:01:09.000Z,2025-05-06T10:01:09.000Z
9462,"Stronghold: Crusader Extreme",2008-07-02,,,Windows PC,,No Status,No Status,Owned,,,Digital,Steam,,0,,,,"","",,"",No,,,"",,,,,,,,,"",,,,,,,,2025-05-06T10:01:09.000Z,2025-05-06T13:23:16.000Z
29211,"Stronghold Crusader HD",2013-10-21,,,Windows PC,,No Status,No Status,Owned,,,Digital,Steam,,272,,,,"","",,"",No,,,"",,,,,,,,,"",,,,,,,,2025-05-06T10:01:09.000Z,2025-05-06T13:23:05.000Z
9254,"Subnautica",2018-01-23,,,Windows PC,,Played,Dropped,Owned,,,Digital,Steam,,1608,,,,,,,,,,,,,,,,,,,,,,,,,,,,2025-05-06T10:01:09.000Z,2025-05-06T10:01:09.000Z
3019,"Starbound",2016-07-22,,,Windows PC,,Played,Beaten,Owned,,,Digital,Steam,,766,,,,,,,,,,,,,,,,,,,,,5,,,,,,,2025-05-06T10:01:09.000Z,2025-05-06T10:01:09.000Z
3103,"Summoner",2000-10-26,,,Windows PC,,No Status,No Status,Owned,,,Digital,Steam,,0,,,,,,,,,,,,,,,,,,,,,,,,,,,,2025-05-06T10:01:09.000Z,2025-05-06T10:01:09.000Z
6179,"Sudeki",2004-07-20,,,Windows PC,,Unplayed,Not Started,Owned,,,Digital,Steam,,215,,,,,,,,,,,,,,,,,,,,,,,,,,,,2025-05-06T10:01:09.000Z,2025-05-06T10:01:09.000Z
5333,"Strider",2014-02-18,,,Windows PC,,No Status,No Status,Owned,,,Digital,Steam,,246,,,,,,,,,,,,,,,,,,,,,,,,,,,,2025-05-06T10:01:09.000Z,2025-05-06T10:01:09.000Z
11582,"Stellaris",2016-05-09,,,Windows PC,,Played,Beaten,Owned,,,Digital,Steam,,6285,,,,,,,,,,,,,,,,,,,,,6,,,,,,,2025-05-06T10:01:09.000Z,2025-05-06T10:01:09.000Z
4184,"Street Racing Syndicate",2004-08-17,,,Windows PC,,Unplayed,Not Started,Owned,,,Digital,Steam,,182,,,,,,,,,,,,,,,,,,,,,,,,,,,,2025-05-06T10:01:09.000Z,2025-05-06T10:01:09.000Z
17592,"Super Trench Attack!",2013-08-23,,,Windows PC,,No Status,No Status,Owned,,,Digital,Steam,,199,,,,"","",,"",No,,,"",,,,,,,,,"",,,,,,,,2025-05-06T10:01:09.000Z,2025-05-06T10:16:22.000Z
36832,"Strange Brigade",2018-08-27,,,Windows PC,,Played,Beaten,Owned,,,Digital,Steam,,884,,,,,,,,,,,,,,,,,,,,,5,,,,,,,2025-05-06T10:01:09.000Z,2025-05-06T10:01:09.000Z
9563,"Supraball",2019-02-08,,,Windows PC,,No Status,No Status,Owned,,,Digital,Steam,,243,,,,,,,,,,,,,,,,,,,,,,,,,,,,2025-05-06T10:01:09.000Z,2025-05-06T10:01:09.000Z
17011,"Subterrain",2016-01-21,,,Windows PC,,No Status,No Status,Owned,,,Digital,Steam,,325,,,,,,,,,,,,,,,,,,,,,,,,,,,,2025-05-06T10:01:09.000Z,2025-05-06T10:01:09.000Z
19379,"Stargunner",1996-11-19,,,Windows PC,,No Status,No Status,Owned,,,Digital,Steam,,0,,,,,,,,,,,,,,,,,,,,,,,,,,,,2025-05-06T10:01:09.000Z,2025-05-06T10:01:09.000Z
169,"Star Wars: X-Wing Alliance",1999-02-28,,,Windows PC,,No Status,No Status,Owned,,,Digital,Steam,,0,,,,,,,,,,,,,,,,,,,,,,,,,,,,2025-05-06T10:01:09.000Z,2025-05-06T10:01:09.000Z
34840,"Super Trench Attack 2",2015-11-06,,,Windows PC,,No Status,No Status,Owned,,,Digital,Steam,,205,,,,,,,,,,,,,,,,,,,,,,,,,,,,2025-05-06T10:01:09.000Z,2025-05-06T10:01:09.000Z
7194,"Steins;Gate",2009-10-15,,,Windows PC,,Unplayed,Not Started,Owned,,,Digital,Steam,,562,,,,,,,,,,,,,,,,,,,,,,,,,,,,2025-05-06T10:01:09.000Z,2025-05-06T10:01:09.000Z
17000,"Stardew Valley",2016-02-26,,,Windows PC,,Played,Beaten,Owned,,,Digital,Steam,,216,,,,,,,,,,,,,,,,,,,,,8,,,,,,,2025-05-06T10:01:09.000Z,2025-05-06T10:01:09.000Z
24616,"Super Mustache",2016-01-27,,,Windows PC,,No Status,No Status,Owned,,,Digital,Steam,,183,,,,,,,,,,,,,,,,,,,,,,,,,,,,2025-05-06T10:01:09.000Z,2025-05-06T10:01:09.000Z
32966,"State of Anarchy",2016-04-27,,,Windows PC,,No Status,No Status,Owned,,,Digital,Steam,,146,,,,,,,,,,,,,,,,,,,,,,,,,,,,2025-05-06T10:01:09.000Z,2025-05-06T10:01:09.000Z
32707,"Survive in Space",2016-05-20,,,Windows PC,,No Status,No Status,Owned,,,Digital,Steam,,212,,,,,,,,,,,,,,,,,,,,,,,,,,,,2025-05-06T10:01:09.000Z,2025-05-06T10:01:09.000Z
32027,"Super Star",2016-08-11,,,Windows PC,,No Status,No Status,Owned,,,Digital,Steam,,252,,,,,,,,,,,,,,,,,,,,,,,,,,,,2025-05-06T10:01:09.000Z,2025-05-06T10:01:09.000Z
11366,"Superdimension Neptune vs. Sega Hard Girls",2015-11-26,,,Windows PC,,Unplayed,Not Started,Owned,,,Digital,Steam,,157,,,,,,,,,,,,,,,,,,,,,,,,,,,,2025-05-06T10:01:09.000Z,2025-05-06T10:01:09.000Z
11839,"Sword Art Online Re: Hollow Fragment",2015-07-28,,,Windows PC,,Unplayed,Not Started,Owned,,,Digital,Steam,,0,,,,"","",,"",No,,,"",,,,,,,,,"",,,,,,,,2025-05-06T10:01:09.000Z,2025-05-06T15:35:01.000Z
8818,"Starpoint Gemini 2",2014-09-26,,,Windows PC,,No Status,No Status,Owned,,,Digital,Steam,,243,,,,,,,,,,,,,,,,,,,,,,,,,,,,2025-05-06T10:01:09.000Z,2025-05-06T10:01:09.000Z
28574,"Surviving Mars",2018-03-15,,,Windows PC,,Played,Beaten,Owned,,,Digital,Steam,,1888,,,,,,,,,,,,,,,,,,,,,5,,,,,,,2025-05-06T10:01:09.000Z,2025-05-06T10:01:09.000Z
56057,"Steins;Gate Elite",2016-09-17,,,Windows PC,,Unplayed,Not Started,Owned,,,Digital,Steam,,0,,,,,,,,,,,,,,,,,,,,,,,,,,,,2025-05-06T10:01:09.000Z,2025-05-06T10:01:09.000Z
11394,"Steins;Gate 0",2015-12-10,,,Windows PC,,Unplayed,Not Started,Owned,,,Digital,Steam,,381,,,,,,,,,,,,,,,,,,,,,,,,,,,,2025-05-06T10:01:09.000Z,2025-05-06T10:01:09.000Z
3247,"Sunset Overdrive",2014-10-28,,,Windows PC,,Played,Dropped,Owned,,,Digital,Steam,,438,,,,,,,,,,,,,,,,,,,,,,,,,,,,2025-05-06T10:01:09.000Z,2025-05-06T10:01:09.000Z
12815,"Stories: The Path of Destinies",2016-04-12,,,Windows PC,,No Status,No Status,Owned,,,Digital,Steam,,326,,,,,,,,,,,,,,,,,,,,,,,,,,,,2025-05-06T10:01:09.000Z,2025-05-06T10:01:09.000Z
119368,"Stronghold: Warlords",2021-03-09,,,Windows PC,,Played,Dropped,Owned,,,Digital,Steam,,135,,,,,,,,,,,,,,,,,,,,,4,,,,,,,2025-05-06T10:01:09.000Z,2025-05-06T10:01:09.000Z
65504,"Steins;Gate: Linear Bounded Phenogram",2014-04-25,,,Windows PC,,Unplayed,Not Started,Owned,,,Digital,Steam,,194,,,,,,,,,,,,,,,,,,,,,,,,,,,,2025-05-06T10:01:09.000Z,2025-05-06T10:01:09.000Z
22357,"Steins;Gate: My Darling's Embrace",2011-06-16,,,Windows PC,,Unplayed,Not Started,Owned,,,Digital,Steam,,258,,,,,,,,,,,,,,,,,,,,,,,,,,,,2025-05-06T10:01:09.000Z,2025-05-06T10:01:09.000Z
97255,"Super Neptunia RPG",2018-12-20,,,Windows PC,,Unplayed,Not Started,Owned,,,Digital,Steam,,163,,,,,,,,,,,,,,,,,,,,,,,,,,,,2025-05-06T10:01:09.000Z,2025-05-06T10:01:09.000Z
116805,"Sword Art Online: Alicization Lycoris",2020-07-09,,,Windows PC,,Played,Beaten,Owned,,,Digital,Steam,,694,,,,"","",,"",No,,,"",,,,,,,,,"",3,,,,,,,2025-05-06T10:01:09.000Z,2025-05-06T13:25:15.000Z
140046,"Streets of Kamurocho",2020-10-17,,,Windows PC,,No Status,No Status,Owned,,,Digital,Steam,,0,,,,,,,,,,,,,,,,,,,,,,,,,,,,2025-05-06T10:01:09.000Z,2025-05-06T10:01:09.000Z
144098,"Sun Haven",2023-03-10,,,Windows PC,,Unplayed,Not Started,Owned,,,Digital,Steam,,0,,,,,,,,,,,,,,,,,,,,,,,,,,,,2025-05-06T10:01:09.000Z,2025-05-06T10:01:09.000Z
74881,"Steel Rats",2018-11-07,,,Windows PC,,No Status,No Status,Owned,,,Digital,Steam,,0,,,,,,,,,,,,,,,,,,,,,,,,,,,,2025-05-06T10:01:09.000Z,2025-05-06T10:01:09.000Z
27433,"SteamWorld Dig 2",2017-09-21,,,Windows PC,,No Status,No Status,Owned,,,Digital,Steam,,0,,,,,,,,,,,,,,,,,,,,,,,,,,,,2025-05-06T10:01:09.000Z,2025-05-06T10:01:09.000Z
96437,"Starfield",2023-09-06,,,Windows PC,,Played,Beaten,Owned,,,Digital,Steam,,8863,,,,,,,,,,,,,,,,,,,,,6,,,,,,,2025-05-06T10:01:09.000Z,2025-05-06T10:01:09.000Z
311540,"Supermarket Together",2024-08-09,,,Windows PC,,Played,Beaten,Owned,,,Digital,Steam,,1626,,,,,,,,,,,,,,,,,,,,,5,,,,,,,2025-05-06T10:01:09.000Z,2025-05-06T10:01:09.000Z
3803,"The Bard's Tale",2004-10-26,,,Windows PC,,No Status,No Status,Owned,,,Digital,Steam,,418,,,,"","",,"",No,,,"",,,,,,,,,"",,,,,,,,2025-05-06T10:02:35.000Z,2025-08-11T18:04:22.000Z
544,"The Darkness II",2012-02-07,,,Windows PC,,Unplayed,Not Started,Owned,,,Digital,Steam,,0,,,,,,,,,,,,,,,,,,,,,,,,,,,,2025-05-06T10:02:35.000Z,2025-05-06T10:02:35.000Z
2132,"The Binding of Isaac",2011-09-28,,,Windows PC,,Unplayed,Not Started,Owned,,,Digital,Steam,,267,,,,,,,,,,,,,,,,,,,,,,,,,,,,2025-05-06T10:02:35.000Z,2025-05-06T10:02:35.000Z
5566,"Tactical Intervention",2013-10-08,,,Windows PC,,No Status,No Status,Owned,,,Digital,Steam,,0,,,,,,,,,,,,,,,,,,,,,,,,,,,,2025-05-06T10:02:35.000Z,2025-05-06T10:02:35.000Z
244,"The Bureau: XCOM Declassified",2013-08-06,,,Windows PC,,Unplayed,Not Started,Owned,,,Digital,Steam,,352,,,,,,,,,,,,,,,,,,,,,,,,,,,,2025-05-06T10:02:35.000Z,2025-05-06T10:02:35.000Z
6359,"Team Fortress Classic",1999-04-07,,,Windows PC,,No Status,No Status,Owned,,,Digital,Steam,,0,,,,,,,,,,,,,,,,,,,,,,,,,,,,2025-05-06T10:02:35.000Z,2025-05-06T10:02:35.000Z
16740,"Tank Operations: European Campaign",2013-10-05,,,Windows PC,,No Status,No Status,Owned,,,Digital,Steam,,0,,,,,,,,,,,,,,,,,,,,,,,,,,,,2025-05-06T10:02:35.000Z,2025-05-06T10:02:35.000Z
5508,"The Banner Saga",2014-01-14,,,Windows PC,,Unplayed,Not Started,Owned,,,Digital,Steam,,242,,,,,,,,,,,,,,,,,,,,,,,,,,,,2025-05-06T10:02:35.000Z,2025-05-06T10:02:35.000Z
8288,"The Banner Saga 2",2016-04-19,,,Windows PC,,Unplayed,Not Started,Owned,,,Digital,Steam,,342,,,,,,,,,,,,,,,,,,,,,,,,,,,,2025-05-06T10:02:35.000Z,2025-05-06T10:02:35.000Z
8351,"Tabletop Simulator",2015-06-05,,,Windows PC,,Played,Dropped,Owned,,,Digital,Steam,,1149,,,,"","",,"",No,,,"",,,,,,,,,"",,,,,,,,2025-05-06T10:02:35.000Z,2025-05-07T10:00:19.000Z
78547,"The Council",2018-03-13,,,Windows PC,,Unplayed,Not Started,Owned,,,Digital,Steam,,0,,,,,,,,,,,,,,,,,,,,,,,,,,,,2025-05-06T10:02:35.000Z,2025-05-06T10:02:35.000Z
11261,"The Black Mirror",2003-10-17,,,Windows PC,,No Status,No Status,Owned,,,Digital,Steam,,0,,,,,,,,,,,,,,,,,,,,,,,,,,,,2025-05-06T10:02:35.000Z,2025-05-06T10:02:35.000Z
13232,"Technobabylon",2015-05-21,,,Windows PC,,No Status,No Status,Owned,,,Digital,Steam,,272,,,,,,,,,,,,,,,,,,,,,,,,,,,,2025-05-06T10:02:35.000Z,2025-05-06T10:02:35.000Z
15903,"Tharsis",2016-01-11,,,Windows PC,,No Status,No Status,Owned,,,Digital,Steam,,273,,,,,,,,,,,,,,,,,,,,,,,,,,,,2025-05-06T10:02:35.000Z,2025-05-06T10:02:35.000Z
6707,"Tales from the Borderlands",2014-11-25,,,Windows PC,,Unplayed,Not Started,Owned,,,Digital,Steam,,0,,,,,,,,,,,,,,,,,,,,,,,,,,,,2025-05-06T10:02:35.000Z,2025-05-06T10:02:35.000Z
9457,"Terra Lander",2015-02-06,,,Windows PC,,No Status,No Status,Owned,,,Digital,Steam,,0,,,,,,,,,,,,,,,,,,,,,,,,,,,,2025-05-06T10:02:35.000Z,2025-05-06T10:02:35.000Z
35843,"The Dark Stone from Mebara",2015-02-27,,,Windows PC,,No Status,No Status,Owned,,,Digital,Steam,,213,,,,,,,,,,,,,,,,,,,,,,,,,,,,2025-05-06T10:02:35.000Z,2025-05-06T10:02:35.000Z
11629,"Terminal Velocity",1995-05-31,,,Windows PC,,No Status,No Status,Owned,,,Digital,Steam,,0,,,,,,,,,,,,,,,,,,,,,,,,,,,,2025-05-06T10:02:35.000Z,2025-05-06T10:02:35.000Z
236239,"Terminal Velocity: Boosted Edition",2023-03-14,,,Windows PC,,No Status,No Status,Owned,,,Digital,Steam,,0,,,,,,,,,,,,,,,,,,,,,,,,,,,,2025-05-06T10:02:35.000Z,2025-05-06T10:02:35.000Z
221717,"Tales of Symphonia",2013-10-10,,,Windows PC,,Unplayed,Not Started,Owned,,,Digital,Steam,,394,,,,,,,,,,,,,,,,,,,,,,,,,,,,2025-05-06T10:02:35.000Z,2025-05-06T10:02:35.000Z
6452,"Tales of Zestiria",2015-01-22,,,Windows PC,,Unplayed,Not Started,Owned,,,Digital,Steam,,275,,,,,,,,,,,,,,,,,,,,,,,,,,,,2025-05-06T10:02:35.000Z,2025-05-06T10:02:35.000Z
23,"System Shock",1994-09-22,,,Windows PC,,No Status,No Status,Owned,,,Digital,Steam,,0,,,,,,,,,,,,,,,,,,,,,,,,,,,,2025-05-06T10:02:35.000Z,2025-05-06T10:02:35.000Z
12987,"System Shock: Enhanced Edition",2015-09-22,,,Windows PC,,Unplayed,Not Started,Owned,,,Digital,Steam,,231,,,,,,,,,,,,,,,,,,,,,,,,,,,,2025-05-06T10:02:35.000Z,2025-05-06T10:02:35.000Z
18812,"Tales of Berseria",2016-08-18,,,Windows PC,,Unplayed,Not Started,Owned,,,Digital,Steam,,272,,,,,,,,,,,,,,,,,,,,,,,,,,,,2025-05-06T10:02:35.000Z,2025-05-06T10:02:35.000Z
33603,"Tavern Tycoon",2017-01-31,,,Windows PC,,Unplayed,Not Started,Owned,,,Digital,Steam,,19,,,,"","",,"",No,,,"",,,,,,,,,"",,,,,,,,2025-05-06T10:02:35.000Z,2025-05-06T13:25:28.000Z
8796,"Tales of Maj'Eyal",2012-12-31,,,Windows PC,,Unplayed,Not Started,Owned,,,Digital,Steam,,368,,,,,,,,,,,,,,,,,,,,,,,,,,,,2025-05-06T10:02:35.000Z,2025-05-06T10:02:35.000Z
26940,"The Banner Saga 3",2018-07-26,,,Windows PC,,Unplayed,Not Started,Owned,,,Digital,Steam,,263,,,,,,,,,,,,,,,,,,,,,,,,,,,,2025-05-06T10:02:35.000Z,2025-05-06T10:02:35.000Z
19457,"The Elder Scrolls V: Skyrim - Special Edition",2016-10-27,,,Windows PC,,No Status,No Status,Owned,,,Digital,Steam,,0,,,,"","",,"",No,,,"",,,,,,,,,"",,,,,,,,2025-05-06T10:02:35.000Z,2025-05-06T11:11:30.000Z
86395,"Synthetik: Legion Rising",2018-03-15,,,Windows PC,,No Status,No Status,Owned,,,Digital,Steam,,514,,,,,,,,,,,,,,,,,,,,,,,,,,,,2025-05-06T10:02:35.000Z,2025-05-06T10:02:35.000Z
31242,"Taiku Mansion",2017-02-13,,,Windows PC,,No Status,No Status,Owned,,,Digital,Steam,,212,,,,,,,,,,,,,,,,,,,,,,,,,,,,2025-05-06T10:02:35.000Z,2025-05-06T10:02:35.000Z
24539,"The Descendant",2016-03-24,,,Windows PC,,No Status,No Status,Owned,,,Digital,Steam,,280,,,,,,,,,,,,,,,,,,,,,,,,,,,,2025-05-06T10:02:35.000Z,2025-05-06T10:02:35.000Z
12632,"Sword Art Online: Hollow Realization",2016-10-27,75161,"Sword Art Online: Hollow Realization - Deluxe Edition",Windows PC,,Played,Completed,Owned,,,Digital,Steam,,6503,,,,"","",,"",No,,,"",,,,,,,,,"",6,,,,,,,2025-05-06T10:02:35.000Z,2025-05-09T09:32:57.000Z
36515,"Sword Art Online: Fatal Bullet",2018-02-08,,,Windows PC,,Played,Beaten,Owned,,,Digital,Steam,,1729,,,,,,,,,,,,,,,,,,,,,6,,,,,,,2025-05-06T10:02:35.000Z,2025-05-06T10:02:35.000Z
52766,"The Adventurer: Episode 1 - Beginning of the End",2017-07-29,,,Windows PC,,No Status,No Status,Owned,,,Digital,Steam,,171,,,,,,,,,,,,,,,,,,,,,,,,,,,,2025-05-06T10:02:35.000Z,2025-05-06T10:02:35.000Z
119270,"Tales of Arise",2021-09-10,,,Windows PC,,Played,Beaten,Owned,,,Digital,Steam,,4240,,,,"","",,"",No,,,"",,,,,,,,,"",8,,,,,,,2025-05-06T10:02:35.000Z,2025-05-07T20:08:22.000Z
266719,"Tales of Arise: Beyond the Dawn",2023-11-09,,,,DLC / Expansion,,Not Started,,,,,,,,,,,,,,,,,,,,,,,,,,,,,,,,,,,2025-05-07T20:08:22.000Z,2025-05-07T20:08:22.000Z
11842,"Sword Art Online: Lost Song",2015-03-26,,,Windows PC,,Unplayed,Not Started,Owned,,,Digital,Steam,,0,,,,,,,,,,,,,,,,,,,,,,,,,,,,2025-05-06T10:02:35.000Z,2025-05-06T10:02:35.000Z
10783,"Swords & Soldiers",2009-06-08,,,Windows PC,,No Status,No Status,Owned,,,Digital,Steam,,0,,,,,,,,,,,,,,,,,,,,,,,,,,,,2025-05-06T10:02:35.000Z,2025-05-06T10:02:35.000Z
75990,"The Caligula Effect: Overdose",2018-05-17,,,Windows PC,,Unplayed,Not Started,Owned,,,Digital,Steam,,771,,,,,,,,,,,,,,,,,,,,,,,,,,,,2025-05-06T10:02:35.000Z,2025-05-06T10:02:35.000Z
120654,"The Dungeon of Naheulbeuk: The Amulet of Chaos",2020-09-17,,,Windows PC,,Unplayed,Not Started,Owned,,,Digital,Steam,,112,,,,,,,,,,,,,,,,,,,,,,,,,,,,2025-05-06T10:02:35.000Z,2025-05-06T10:02:35.000Z
103286,"Tales of Vesperia: Definitive Edition",2019-01-11,,,Windows PC,,Played,Beaten,Owned,,,Digital,Steam,,3322,,,,"","",,"",No,,,"",,,,,,,,,"",6,,,,,,,2025-05-06T10:02:35.000Z,2025-08-23T04:35:13.000Z
26467,"The Deed",2015-11-23,,,Windows PC,,No Status,No Status,Owned,,,Digital,Steam,,0,,,,,,,,,,,,,,,,,,,,,,,,,,,,2025-05-06T10:02:35.000Z,2025-05-06T10:02:35.000Z
9826,"The Dream Machine",2012-05-11,,,Windows PC,,No Status,No Status,Owned,,,Digital,Steam,,0,,,,,,,,,,,,,,,,,,,,,,,,,,,,2025-05-06T10:02:35.000Z,2025-05-06T10:02:35.000Z
890,"Syberia",2002-08-09,,,Windows PC,,No Status,No Status,Owned,,,Digital,Steam,,0,,,,"","",,"",No,,,"",,,,,,,,,"",,,,,,,,2025-05-06T10:02:35.000Z,2025-08-11T18:03:46.000Z
6185,"Syberia II",2004-03-30,,,Windows PC,,No Status,No Status,Owned,,,Digital,Steam,,0,,,,"","",,"",No,,,"",,,,,,,,,"",,,,,,,,2025-05-06T10:02:35.000Z,2025-08-11T18:03:48.000Z
53,"The Elder Scrolls II: Daggerfall",1996-08-31,,,Windows PC,,No Status,No Status,Owned,,,Digital,Steam,,0,,,,,,,,,,,,,,,,,,,,,,,,,,,,2025-05-06T10:02:35.000Z,2025-05-06T10:02:35.000Z
143623,"The Caligula Effect 2",2021-06-24,,,Windows PC,,Unplayed,Not Started,Owned,,,Digital,Steam,,700,,,,,,,,,,,,,,,,,,,,,,,,,,,,2025-05-06T10:02:35.000Z,2025-05-06T10:02:35.000Z
141538,"The Callisto Protocol",2022-12-02,,,Windows PC,,Unplayed,Not Started,Owned,,,Digital,Steam,,0,,,,,,,,,,,,,,,,,,,,,,,,,,,,2025-05-06T10:02:35.000Z,2025-05-06T10:02:35.000Z
214417,"The Finals",2023-12-07,,,Windows PC,,Played,Dropped,Owned,,,Digital,Steam,,31,,,,,,,,,,,,,,,,,,,,,,,,,,,,2025-05-06T10:02:35.000Z,2025-05-06T10:02:35.000Z
204543,"The Entropy Centre",2022-11-03,,,Windows PC,,Unplayed,Not Started,Owned,,,Digital,Steam,,0,,,,,,,,,,,,,,,,,,,,,,,,,,,,2025-05-06T10:02:35.000Z,2025-05-06T10:02:35.000Z
33523,"TGV Voyages Train Simulator",2016-06-16,,,Windows PC,,No Status,No Status,Owned,,,Digital,Steam,,0,,,,,,,,,,,,,,,,,,,,,,,,,,,,2025-05-06T10:02:35.000Z,2025-05-06T10:02:35.000Z
20275,"The Witcher: Enhanced Edition",2008-09-16,,,Windows PC,,Unplayed,Not Started,Owned,,,Digital,Steam,,0,,,,,,,,,,,,,,,,,,,,,,,,,,,,2025-05-06T10:04:01.000Z,2025-05-06T10:04:01.000Z
7047,"The Last Remnant",2008-11-20,,,Windows PC,,Unplayed,Not Started,Owned,,,Digital,Steam,,78,,,,,,,,,,,,,,,,,,,,,,,,,,,,2025-05-06T10:04:01.000Z,2025-05-06T10:04:01.000Z
1871,"The Walking Dead",2012-04-24,,,Windows PC,,No Status,No Status,Owned,,,Digital,Steam,,213,,,,,,,,,,,,,,,,,,,,,,,,,,,,2025-05-06T10:04:01.000Z,2025-05-06T10:04:01.000Z
3092,"The Lord of the Rings Online",2007-04-24,,,Windows PC,,No Status,No Status,Owned,,,Digital,Steam,,0,,,,,,,,,,,,,,,,,,,,,,,,,,,,2025-05-06T10:04:01.000Z,2025-05-06T10:04:01.000Z
2726,"The Mighty Quest for Epic Loot",2015-02-05,,,Windows PC,,Played,Beaten,Owned,,,Digital,Steam,,2580,,,,,,,,,,,,,,,,,,,,,3,,,,,,,2025-05-06T10:04:01.000Z,2025-05-06T10:04:01.000Z
7504,"The Forest",2018-04-30,,,Windows PC,,Played,Dropped,Owned,,,Digital,Steam,,427,,,,"","",,"",No,,,"",,,,,,,,,"",4,,,,,,,2025-05-06T10:04:01.000Z,2025-05-06T13:26:23.000Z
2993,"The Wolf Among Us",2013-10-11,,,Windows PC,,No Status,No Status,Owned,,,Digital,Steam,,0,,,,,,,,,,,,,,,,,,,,,,,,,,,,2025-05-06T10:04:01.000Z,2025-05-06T10:04:01.000Z
8986,"The Legend of Heroes: Trails in the Sky",2004-06-24,,,Windows PC,,Unplayed,Not Started,Owned,,,Digital,Steam,,739,,,,,,,,,,,,,,,,,,,,,,,,,,,,2025-05-06T10:04:01.000Z,2025-05-06T10:04:01.000Z
16665,"The Legend of Heroes: Trails in the Sky SC",2006-03-09,,,Windows PC,,Unplayed,Not Started,Owned,,,Digital,Steam,,873,,,,,,,,,,,,,,,,,,,,,,,,,,,,2025-05-06T10:04:01.000Z,2025-05-06T10:04:01.000Z
7144,"The Inner World",2013-07-18,,,Windows PC,,No Status,No Status,Owned,,,Digital,Steam,,242,,,,,,,,,,,,,,,,,,,,,,,,,,,,2025-05-06T10:04:01.000Z,2025-05-06T10:04:01.000Z
1064,"The Secret World",2012-07-03,,,Windows PC,,Played,Dropped,Owned,,,Digital,Steam,,1262,,,,"","",,"",No,,,"",,,,,,,,,"",3,,,,,,,2025-05-06T10:04:01.000Z,2025-05-06T15:38:58.000Z
2638,"The Incredible Adventures of Van Helsing",2013-05-22,,,Windows PC,,Played,Beaten,Owned,,,Digital,Steam,,430,,,,,,,,,,,,,,,,,,,,,4,,,,,,,2025-05-06T10:04:01.000Z,2025-05-06T10:04:01.000Z
17093,"The I of the Dragon",2004-03-10,,,Windows PC,,No Status,No Status,Owned,,,Digital,Steam,,198,,,,,,,,,,,,,,,,,,,,,,,,,,,,2025-05-06T10:04:01.000Z,2025-05-06T10:04:01.000Z
7877,"The Legend of Korra",2014-10-21,,,Windows PC,,Played,Beaten,Owned,,,Digital,Steam,,145,,,,,,,,,,,,,,,,,,,,,4,,,,,,,2025-05-06T10:04:01.000Z,2025-05-06T10:04:01.000Z
6170,"The Red Solstice",2015-07-09,,,Windows PC,,No Status,No Status,Owned,,,Digital,Steam,,333,,,,,,,,,,,,,,,,,,,,,,,,,,,,2025-05-06T10:04:01.000Z,2025-05-06T10:04:01.000Z
9732,"The Flame in the Flood",2016-02-24,,,Windows PC,,No Status,No Status,Owned,,,Digital,Steam,,275,,,,,,,,,,,,,,,,,,,,,,,,,,,,2025-05-06T10:04:01.000Z,2025-05-06T10:04:01.000Z
17811,"The Sun and Moon",2014-05-20,,,Windows PC,,No Status,No Status,Owned,,,Digital,Steam,,0,,,,,,,,,,,,,,,,,,,,,,,,,,,,2025-05-06T10:04:01.000Z,2025-05-06T10:04:01.000Z
6258,"The Guild 2",2006-09-29,,,Windows PC,,No Status,No Status,Owned,,,Digital,Steam,,3,,,,,,,,,,,,,,,,,,,,,,,,,,,,2025-05-06T10:04:01.000Z,2025-05-06T10:04:01.000Z
9323,"The Guild 2: Pirates of the European Seas",2007-05-18,,,Windows PC,,No Status,No Status,Owned,,,Digital,Steam,,0,,,,,,,,,,,,,,,,,,,,,,,,,,,,2025-05-06T10:04:01.000Z,2025-05-06T10:04:01.000Z
11620,"The Guild 2: Renaissance",2010-07-28,,,Windows PC,,No Status,No Status,Owned,,,Digital,Steam,,10,,,,,,,,,,,,,,,,,,,,,,,,,,,,2025-05-06T10:04:01.000Z,2025-05-06T10:04:01.000Z
73881,"The Warlock of Firetop Mountain",2016-08-31,,,Windows PC,,No Status,No Status,Owned,,,Digital,Steam,,300,,,,,,,,,,,,,,,,,,,,,,,,,,,,2025-05-06T10:04:01.000Z,2025-05-06T10:04:01.000Z
8347,"The Long Dark",2017-08-01,,,Windows PC,,No Status,No Status,Owned,,,Digital,Steam,,662,,,,,,,,,,,,,,,,,,,,,,,,,,,,2025-05-06T10:04:01.000Z,2025-05-06T10:04:01.000Z
11444,"The Silent Age",2013-02-21,,,Windows PC,,No Status,No Status,Owned,,,Digital,Steam,,126,,,,,,,,,,,,,,,,,,,,,,,,,,,,2025-05-06T10:04:01.000Z,2025-05-06T10:04:01.000Z
20740,"The Witcher 2: Assassins of Kings - Enhanced Edition",2012-04-16,,,Windows PC,,Played,Beaten,Owned,,,Digital,Steam,,242,,,,,,,,,,,,,,,,,,,,,6,,,,,,,2025-05-06T10:04:01.000Z,2025-05-06T10:04:01.000Z
1942,"The Witcher 3: Wild Hunt",2015-05-19,,,Windows PC,,Played,Beaten,Owned,,,Digital,Steam,,470,,,,"","",,"",No,,,"",,,,,,,,,"",8,,,,,,,2025-05-06T10:04:01.000Z,2025-05-07T20:09:08.000Z
12503,"The Witcher 3: Wild Hunt - Hearts of Stone",2015-10-12,,,,DLC / Expansion,,Beaten,,,,,,,,,,,,,,,,,,,,,,,,,,,,,,,,,,,2025-05-07T20:09:08.000Z,2025-05-07T20:09:08.000Z
13166,"The Witcher 3: Wild Hunt - Blood and Wine",2016-05-30,,,,DLC / Expansion,,Beaten,,,,,,,,,,,,,,,,,,,,,,,,,,,,,,,,,,,2025-05-07T20:09:08.000Z,2025-05-07T20:09:08.000Z
34366,"The Uncertain: Last Quiet Day",2016-09-22,,,Windows PC,,No Status,No Status,Owned,,,Digital,Steam,,335,,,,,,,,,,,,,,,,,,,,,,,,,,,,2025-05-06T10:04:01.000Z,2025-05-06T10:04:01.000Z
28101,"The Legend of Heroes: Trails in the Sky the 3rd",2007-06-28,,,Windows PC,,Unplayed,Not Started,Owned,,,Digital,Steam,,505,,,,,,,,,,,,,,,,,,,,,,,,,,,,2025-05-06T10:04:01.000Z,2025-05-06T10:04:01.000Z
18311,"The Turing Test",2016-08-30,,,Windows PC,,Unplayed,Not Started,Owned,,,Digital,Steam,,250,,,,,,,,,,,,,,,,,,,,,,,,,,,,2025-05-06T10:04:01.000Z,2025-05-06T10:04:01.000Z
31819,"The Hex",2018-10-16,,,Windows PC,,No Status,No Status,Owned,,,Digital,Steam,,255,,,,,,,,,,,,,,,,,,,,,,,,,,,,2025-05-06T10:04:01.000Z,2025-05-06T10:04:01.000Z
17479,"The Wild Eight",2018-02-08,,,Windows PC,,No Status,No Status,Owned,,,Digital,Steam,,316,,,,,,,,,,,,,,,,,,,,,,,,,,,,2025-05-06T10:04:01.000Z,2025-05-06T10:04:01.000Z
30264,"The Station",2018-02-19,,,Windows PC,,No Status,No Status,Owned,,,Digital,Steam,,241,,,,,,,,,,,,,,,,,,,,,,,,,,,,2025-05-06T10:04:01.000Z,2025-05-06T10:04:01.000Z
11590,"The Surge",2017-05-15,,,Windows PC,,Unplayed,Not Started,Owned,,,Digital,Steam,,134,,,,,,,,,,,,,,,,,,,,,,,,,,,,2025-05-06T10:04:01.000Z,2025-05-06T10:04:01.000Z
13557,"The Legend of Heroes: Trails of Cold Steel",2013-09-26,,,Windows PC,,Unplayed,Not Started,Owned,,,Digital,Steam,,784,,,,,,,,,,,,,,,,,,,,,,,,,,,,2025-05-06T10:04:01.000Z,2025-05-06T10:04:01.000Z
13558,"The Legend of Heroes: Trails of Cold Steel II",2014-09-25,,,Windows PC,,Unplayed,Not Started,Owned,,,Digital,Steam,,378,,,,,,,,,,,,,,,,,,,,,,,,,,,,2025-05-06T10:04:01.000Z,2025-05-06T10:04:01.000Z
25943,"The Sandbox Evolution",2016-06-23,,,Windows PC,,No Status,No Status,Owned,,,Digital,Steam,,0,,,,,,,,,,,,,,,,,,,,,,,,,,,,2025-05-06T10:04:01.000Z,2025-05-06T10:04:01.000Z
15120,"The Tiny Bang Story",2011-04-22,,,Windows PC,,No Status,No Status,Owned,,,Digital,Steam,,335,,,,,,,,,,,,,,,,,,,,,,,,,,,,2025-05-06T10:04:01.000Z,2025-05-06T10:04:01.000Z
26564,"The Legend of Heroes: Trails of Cold Steel III",2017-09-28,,,Windows PC,,Unplayed,Not Started,Owned,,,Digital,Steam,,658,,,,,,,,,,,,,,,,,,,,,,,,,,,,2025-05-06T10:04:01.000Z,2025-05-06T10:04:01.000Z
140669,"The Wandering Village",2025-07-17,,,Windows PC,,No Status,No Status,Owned,,,Digital,Steam,,158,,,,,,,,,,,,,,,,,,,,,,,,,,,,2025-05-06T10:04:01.000Z,2025-05-06T10:04:01.000Z
86477,"The Surge 2",2019-09-23,,,Windows PC,,Unplayed,Not Started,Owned,,,Digital,Steam,,328,,,,,,,,,,,,,,,,,,,,,,,,,,,,2025-05-06T10:04:01.000Z,2025-05-06T10:04:01.000Z
129240,"The Wonderful 101: Remastered",2020-05-19,,,Windows PC,,Played,Dropped,Owned,,,Digital,Steam,,137,,,,,,,,,,,,,,,,,,,,,,,,,,,,2025-05-06T10:04:01.000Z,2025-05-06T10:04:01.000Z
250201,"The Wonderful One: After School Hero",2023-06-21,,,Windows PC,,No Status,No Status,Owned,,,Digital,Steam,,0,,,,,,,,,,,,,,,,,,,,,,,,,,,,2025-05-06T10:04:01.000Z,2025-05-06T10:04:01.000Z
78115,"The Legend of Heroes: Trails of Cold Steel IV",2018-09-27,,,Windows PC,,Unplayed,Not Started,Owned,,,Digital,Steam,,516,,,,,,,,,,,,,,,,,,,,,,,,,,,,2025-05-06T10:04:01.000Z,2025-05-06T10:04:01.000Z
138871,"The Life and Suffering of Sir Brante",2021-03-04,,,Windows PC,,Played,Beaten,Owned,,,Digital,Steam,,527,,,,,,,,,,,,,,,,,,,,,5,,,,,,,2025-05-06T10:04:01.000Z,2025-05-06T10:04:01.000Z
30193,"The Search",2017-04-13,,,Windows PC,,No Status,No Status,Owned,,,Digital,Steam,,0,,,,,,,,,,,,,,,,,,,,,,,,,,,,2025-05-06T10:04:01.000Z,2025-05-06T10:04:01.000Z
52190,"The LEGO Ninjago Movie Video Game",2017-09-22,,,Windows PC,,Unplayed,Not Started,Owned,,,Digital,Steam,,0,,,,,,,,,,,,,,,,,,,,,,,,,,,,2025-05-06T10:04:01.000Z,2025-05-06T10:04:01.000Z
122105,"The Legend of Sword and Fairy 7",2021-10-15,,,Windows PC,,Played,Beaten,Owned,,,Digital,Steam,,1720,,,,,,,,,,,,,,,,,,,,,6,,,,,,,2025-05-06T10:04:01.000Z,2025-05-06T10:04:01.000Z
214707,"The Last Hero of Nostalgaia",2022-10-19,,,Windows PC,,Unplayed,Not Started,Owned,,,Digital,Steam,,0,,,,,,,,,,,,,,,,,,,,,,,,,,,,2025-05-06T10:04:01.000Z,2025-05-06T10:04:01.000Z
3212,"The Sims 4",2014-09-02,,,Windows PC,,Played,Beaten,Owned,,,Digital,Steam,,0,,,,,,,,,,,,,,,,,,,,,6,,,,,,,2025-05-06T10:04:01.000Z,2025-05-06T10:04:01.000Z
243385,"The Murder of Sonic the Hedgehog",2023-03-31,,,Windows PC,,No Status,No Status,Owned,,,Digital,Steam,,0,,,,,,,,,,,,,,,,,,,,,,,,,,,,2025-05-06T10:04:01.000Z,2025-05-06T10:04:01.000Z
26129,"The Incredible Adventures of Van Helsing: Final Cut",2015-11-06,,,Windows PC,,No Status,No Status,Owned,,,Digital,Steam,,278,,,,"","",,"",No,,,"",,,,,,,,,"",,,,,,,,2025-05-06T10:04:01.000Z,2025-05-06T13:26:47.000Z
11703,"The Incredible Adventures of Van Helsing III",2015-05-22,,,,Bundled Game,,No Status,,,,,,,,,,,,,,,,,,,,,,,,,,,,,,,,,,,2025-05-06T10:04:01.000Z,2025-05-06T13:26:47.000Z
155256,"The Incredible Adventures of Van Helsing: Complete Pack",2015-11-06,,,,Bundled Game,,No Status,,,,,,,,,,,,,,,,,,,,,,,,,,,,,,,,,,,2025-05-06T10:04:01.000Z,2025-05-06T13:26:47.000Z
223550,"The Incredible Adventures of Van Helsing II: Complete Pack",2015-11-06,,,,Bundled Game,,No Status,,,,,,,,,,,,,,,,,,,,,,,,,,,,,,,,,,,2025-05-06T10:04:01.000Z,2025-05-06T13:26:47.000Z
3,"Thief: Deadly Shadows",2004-05-25,,,Windows PC,,No Status,No Status,Owned,,,Digital,Steam,,0,,,,,,,,,,,,,,,,,,,,,,,,,,,,2025-05-06T10:05:16.000Z,2025-05-06T10:05:16.000Z
1162,"Tomb Raider: Anniversary",2007-06-01,,,Windows PC,,No Status,No Status,Owned,,,Digital,Steam,,0,,,,,,,,,,,,,,,,,,,,,,,,,,,,2025-05-06T10:05:16.000Z,2025-05-06T10:05:16.000Z
1163,"Tomb Raider: Underworld",2008-11-18,,,Windows PC,,No Status,No Status,Owned,,,Digital,Steam,,0,,,,,,,,,,,,,,,,,,,,,,,,,,,,2025-05-06T10:05:16.000Z,2025-05-06T10:05:16.000Z
6253,"Time Gentlemen, Please!",2009-07-02,,,Windows PC,,No Status,No Status,Owned,,,Digital,Steam,,0,,,,,,,,,,,,,,,,,,,,,,,,,,,,2025-05-06T10:05:16.000Z,2025-05-06T10:05:16.000Z
1161,"Tomb Raider: Legend",2006-04-07,,,Windows PC,,No Status,No Status,Owned,,,Digital,Steam,,0,,,,,,,,,,,,,,,,,,,,,,,,,,,,2025-05-06T10:05:16.000Z,2025-05-06T10:05:16.000Z
9227,"Thief Gold",1999-11-02,,,Windows PC,,No Status,No Status,Owned,,,Digital,Steam,,0,,,,,,,,,,,,,,,,,,,,,,,,,,,,2025-05-06T10:05:16.000Z,2025-05-06T10:05:16.000Z
1,"Thief II: The Metal Age",2000-03-21,,,Windows PC,,No Status,No Status,Owned,,,Digital,Steam,,0,,,,,,,,,,,,,,,,,,,,,,,,,,,,2025-05-06T10:05:16.000Z,2025-05-06T10:05:16.000Z
5025,"To the Moon",2011-11-01,,,Windows PC,,Unplayed,Not Started,Owned,,,Digital,Steam,,220,,,,,,,,,,,,,,,,,,,,,,,,,,,,2025-05-06T10:05:16.000Z,2025-05-06T10:05:16.000Z
1337,"Torchlight II",2012-09-20,,,Windows PC,,Played,Beaten,Owned,,,Digital,Steam,,800,,,,,,,,,,,,,,,,,,,,,5,,,,,,,2025-05-06T10:05:16.000Z,2025-05-06T10:05:16.000Z
3079,"Tiny and Big: Grandpa's Leftovers",2012-06-19,,,Windows PC,,No Status,No Status,Owned,,,Digital,Steam,,190,,,,,,,,,,,,,,,,,,,,,,,,,,,,2025-05-06T10:05:16.000Z,2025-05-06T10:05:16.000Z
432,"Total War: Shogun 2",2011-03-15,,,Windows PC,,Played,Beaten,Owned,,,Digital,Steam,,478,,,,,,,,,,,,,,,,,,,,,7,,,,,,,2025-05-06T10:05:16.000Z,2025-05-06T10:05:16.000Z
2595,"Tropico 4",2011-08-26,,,Windows PC,,Played,Beaten,Owned,,,Digital,Steam,,291,,,,,,,,,,,,,,,,,,,,,6,,,,,,,2025-05-06T10:05:16.000Z,2025-05-06T10:05:16.000Z
912,"Tomb Raider",1996-10-24,,,Windows PC,,No Status,No Status,Owned,,,Digital,Steam,,0,,,,,,,,,,,,,,,,,,,,,,,,,,,,2025-05-06T10:05:16.000Z,2025-05-06T10:05:16.000Z
1156,"Tomb Raider II",1997-11-21,,,Windows PC,,No Status,No Status,Owned,,,Digital,Steam,,0,,,,,,,,,,,,,,,,,,,,,,,,,,,,2025-05-06T10:05:16.000Z,2025-05-06T10:05:16.000Z
1157,"Tomb Raider III: Adventures of Lara Croft",1998-11-20,,,Windows PC,,No Status,No Status,Owned,,,Digital,Steam,,0,,,,,,,,,,,,,,,,,,,,,,,,,,,,2025-05-06T10:05:16.000Z,2025-05-06T10:05:16.000Z
1158,"Tomb Raider: The Last Revelation",1999-11-24,,,Windows PC,,No Status,No Status,Owned,,,Digital,Steam,,0,,,,,,,,,,,,,,,,,,,,,,,,,,,,2025-05-06T10:05:16.000Z,2025-05-06T10:05:16.000Z
1160,"Tomb Raider: Chronicles",2000-11-17,,,Windows PC,,No Status,No Status,Owned,,,Digital,Steam,,0,,,,,,,,,,,,,,,,,,,,,,,,,,,,2025-05-06T10:05:16.000Z,2025-05-06T10:05:16.000Z
1159,"Tomb Raider: The Angel of Darkness",2003-06-20,,,Windows PC,,No Status,No Status,Owned,,,Digital,Steam,,0,,,,,,,,,,,,,,,,,,,,,,,,,,,,2025-05-06T10:05:16.000Z,2025-05-06T10:05:16.000Z
15773,"TrackMania Nations Forever",2008-03-03,,,Windows PC,,No Status,No Status,Owned,,,Digital,Steam,,0,,,,,,,,,,,,,,,,,,,,,,,,,,,,2025-05-06T10:05:16.000Z,2025-05-06T10:05:16.000Z
9506,"Tribes: Ascend",2012-04-12,,,Windows PC,,No Status,No Status,Owned,,,Digital,Steam,,0,,,,,,,,,,,,,,,,,,,,,,,,,,,,2025-05-06T10:05:16.000Z,2025-05-06T10:05:16.000Z
2004,"Torment: Tides of Numenera",2017-02-27,,,Windows PC,,Unplayed,Not Started,Owned,,,Digital,Steam,,0,,,,,,,,,,,,,,,,,,,,,,,,,,,,2025-05-06T10:05:16.000Z,2025-05-06T10:05:16.000Z
4,"Thief",2014-02-25,,,Windows PC,,No Status,No Status,Owned,,,Digital,Steam,,259,,,,,,,,,,,,,,,,,,,,,,,,,,,,2025-05-06T10:05:16.000Z,2025-05-06T10:05:16.000Z
36364,"Three Dead Zed",2014-07-07,,,Windows PC,,No Status,No Status,Owned,,,Digital,Steam,,242,,,,,,,,,,,,,,,,,,,,,,,,,,,,2025-05-06T10:05:16.000Z,2025-05-06T10:05:16.000Z
10347,"TheHunter: Primal",2015-03-31,,,Windows PC,,No Status,No Status,Owned,,,Digital,Steam,,0,,,,,,,,,,,,,,,,,,,,,,,,,,,,2025-05-06T10:05:16.000Z,2025-05-06T10:05:16.000Z
35897,"Top Trumps Turbo",2015-03-20,,,Windows PC,,No Status,No Status,Owned,,,Digital,Steam,,0,,,,,,,,,,,,,,,,,,,,,,,,,,,,2025-05-06T10:05:16.000Z,2025-05-06T10:05:16.000Z
13103,"Timberman",2014-05-08,,,Windows PC,,No Status,No Status,Owned,,,Digital,Steam,,258,,,,,,,,,,,,,,,,,,,,,,,,,,,,2025-05-06T10:05:16.000Z,2025-05-06T10:05:16.000Z
24527,"Tick Tock Isle",2015-11-19,,,Windows PC,,No Status,No Status,Owned,,,Digital,Steam,,261,,,,,,,,,,,,,,,,,,,,,,,,,,,,2025-05-06T10:05:16.000Z,2025-05-06T10:05:16.000Z
3211,"Tropico 5",2014-05-23,,,Windows PC,,Played,Beaten,Owned,,,Digital,Steam,,227,,,,,,,,,,,,,,,,,,,,,6,,,,,,,2025-05-06T10:05:16.000Z,2025-05-06T10:05:16.000Z
32614,"Titan Quest Anniversary Edition",2016-08-31,,,Windows PC,,No Status,No Status,Owned,,,Digital,Steam,,385,,,,"","",,"",No,,,"",,,,,,,,,"",,,,,,,,2025-05-06T10:05:16.000Z,2025-05-06T11:08:14.000Z
26500,"Toukiden 2",2016-06-30,,,Windows PC,,Played,Completed,Owned,,,Digital,Steam,,9293,,,,"","",,"",No,,,"",,,,,,,,,"",6,,,,,,,2025-05-06T10:05:16.000Z,2025-05-09T09:33:05.000Z
23733,"Tunic",2022-03-16,,,Windows PC,,Unplayed,Not Started,Owned,,,Digital,Steam,,319,,,,,,,,,,,,,,,,,,,,,,,,,,,,2025-05-06T10:05:16.000Z,2025-05-06T10:05:16.000Z
29667,"Trailmakers",2019-09-18,,,Windows PC,,No Status,No Status,Owned,,,Digital,Steam,,277,,,,,,,,,,,,,,,,,,,,,,,,,,,,2025-05-06T10:05:16.000Z,2025-05-06T10:05:16.000Z
26915,"Tokyo Xanadu eX+",2016-09-08,,,Windows PC,,Unplayed,Not Started,Owned,,,Digital,Steam,,286,,,,,,,,,,,,,,,,,,,,,,,,,,,,2025-05-06T10:05:16.000Z,2025-05-06T10:05:16.000Z
32162,"Trolley Gold",2017-03-17,,,Windows PC,,No Status,No Status,Owned,,,Digital,Steam,,212,,,,,,,,,,,,,,,,,,,,,,,,,,,,2025-05-06T10:05:16.000Z,2025-05-06T10:05:16.000Z
27359,"Tower of Time",2018-04-12,,,Windows PC,,No Status,No Status,Owned,,,Digital,Steam,,1714,,,,"","",,"",No,,,"",,,,,,,,,"",,,,,,,,2025-05-06T10:05:16.000Z,2025-05-06T13:30:14.000Z
55803,"Tricolour Lovestory",2017-09-20,,,Windows PC,,No Status,No Status,Owned,,,Digital,Steam,,351,,,,,,,,,,,,,,,,,,,,,,,,,,,,2025-05-06T10:05:16.000Z,2025-05-06T10:05:16.000Z
27531,"Tokyo Dark",2017-09-07,,,Windows PC,,No Status,No Status,Owned,,,Digital,Steam,,322,,,,,,,,,,,,,,,,,,,,,,,,,,,,2025-05-06T10:05:16.000Z,2025-05-06T10:05:16.000Z
103222,"Totally Accurate Battlegrounds",2018-06-05,,,Windows PC,,No Status,No Status,Owned,,,Digital,Steam,,0,,,,"","",,"",No,,,"",,,,,,,,,"",,,,,,,,2025-05-06T10:05:16.000Z,2025-05-06T13:29:57.000Z
120619,"Tribes of Midgard",2021-07-27,,,Windows PC,,Played,Beaten,Owned,,,Digital,Steam,,1030,,,,"","",,"",No,,,"",,,,,,,,,"",5,,,,,,,2025-05-06T10:05:16.000Z,2025-05-06T13:30:48.000Z
103331,"Trover Saves the Universe",2019-05-31,,,Windows PC,,Played,Beaten,Owned,,,Digital,Steam,,434,,,,,,,,,,,,,,,,,,,,,7,,,,,,,2025-05-06T10:05:16.000Z,2025-05-06T10:05:16.000Z
126381,"Timberborn",2026-03-12,,,Windows PC,,Unplayed,Not Started,Owned,,,Digital,Steam,,255,,,,"","",,"",No,,,"",,,,,,,,,"",,,,,,,,2025-05-06T10:05:16.000Z,2025-05-06T13:29:23.000Z
119391,"Trials of Mana",2020-04-24,,,Windows PC,,Played,Beaten,Owned,,,Digital,Steam,,1454,,,,"","",,"",No,,,"",,,,,,,,,"",4,,,,,,,2025-05-06T10:05:16.000Z,2026-03-06T08:18:03.000Z
1164,"Tomb Raider",2013-03-04,,,Windows PC,,Played,Beaten,Owned,,,Digital,Steam,,948,,,,,,,,,,,,,,,,,,,,,7,,,,,,,2025-05-06T10:05:16.000Z,2025-05-06T10:05:16.000Z
69654,"Ticket to Ride: First Journey",2017-09-27,,,Windows PC,,No Status,No Status,Owned,,,Digital,Steam,,0,,,,,,,,,,,,,,,,,,,,,,,,,,,,2025-05-06T10:05:16.000Z,2025-05-06T10:05:16.000Z
109417,"Transpose",2018-11-06,,,Windows PC,,No Status,No Status,Owned,,,Digital,Steam,,0,,,,,,,,,,,,,,,,,,,,,,,,,,,,2025-05-06T10:05:16.000Z,2025-05-06T10:05:16.000Z
135789,"Townscaper",2020-06-30,,,Windows PC,,No Status,No Status,Owned,,,Digital,Steam,,0,,,,,,,,,,,,,,,,,,,,,,,,,,,,2025-05-06T10:05:16.000Z,2025-05-06T10:05:16.000Z
150753,"Touhou: Shooting Star",2020-01-16,,,Windows PC,,No Status,No Status,Owned,,,Digital,Steam,,0,,,,,,,,,,,,,,,,,,,,,,,,,,,,2025-05-06T10:05:16.000Z,2025-05-06T10:05:16.000Z
29422,"Throne of Lies: Medieval Politics",2017-09-29,,,Windows PC,,No Status,No Status,Owned,,,Digital,Steam,,0,,,,,,,,,,,,,,,,,,,,,,,,,,,,2025-05-06T10:05:16.000Z,2025-05-06T10:05:16.000Z
9559,"Titan Souls",2015-04-14,,,Windows PC,,No Status,No Status,Owned,,,Digital,Steam,,0,,,,,,,,,,,,,,,,,,,,,,,,,,,,2025-05-06T10:05:16.000Z,2025-05-06T10:05:16.000Z
133807,"Trackmania",2020-07-01,,,Windows PC,,No Status,No Status,Owned,,,Digital,Steam,,0,,,,,,,,,,,,,,,,,,,,,,,,,,,,2025-05-06T10:05:16.000Z,2025-05-06T10:05:16.000Z
11,"Vampire: The Masquerade - Bloodlines",2004-11-16,,,Windows PC,,Unplayed,Not Started,Owned,,,Digital,Steam,,0,,,,,,,,,,,,,,,,,,,,,,,,,,,,2025-05-06T10:06:32.000Z,2025-05-06T10:06:32.000Z
28986,"Two Worlds II Castle Defense",2011-06-14,,,Windows PC,,No Status,No Status,Owned,,,Digital,Steam,,333,,,,,,,,,,,,,,,,,,,,,,,,,,,,2025-05-06T10:06:32.000Z,2025-05-06T10:06:32.000Z
578,"Warhammer 40,000: Space Marine",2011-09-06,,,Windows PC,,Played,Beaten,Owned,,,Digital,Steam,,433,,,,,,,,,,,,,,,,,,,,,6,,,,,,,2025-05-06T10:06:32.000Z,2025-05-06T10:06:32.000Z
2072,"Warlock: Master of the Arcane",2012-05-08,,,Windows PC,,No Status,No Status,Owned,,,Digital,Steam,,272,,,,,,,,,,,,,,,,,,,,,,,,,,,,2025-05-06T10:06:32.000Z,2025-05-06T10:06:32.000Z
16261,"War Inc. Battlezone",2011-06-01,,,Windows PC,,No Status,No Status,Owned,,,Digital,Steam,,0,,,,,,,,,,,,,,,,,,,,,,,,,,,,2025-05-06T10:06:32.000Z,2025-05-06T10:06:32.000Z
7887,"Vindictus",2010-10-13,,,Windows PC,,Played,Dropped,Owned,,,Digital,Steam,,0,,,,,,,,,,,,,,,,,,,,,,,,,,,,2025-05-06T10:06:32.000Z,2025-05-06T10:06:32.000Z
2903,"Warframe",2013-03-25,,,Windows PC,,Played,Dropped,Owned,,,Digital,Steam,,850,,,,,,,,,,,,,,,,,,,,,,,,,,,,2025-05-06T10:06:32.000Z,2025-05-06T10:06:32.000Z
3018,"Unepic",2011-09-30,,,Windows PC,,No Status,No Status,Owned,,,Digital,Steam,,275,,,,,,,,,,,,,,,,,,,,,,,,,,,,2025-05-06T10:06:32.000Z,2025-05-06T10:06:32.000Z
16648,"Unholy Heights",2013-09-05,,,Windows PC,,No Status,No Status,Owned,,,Digital,Steam,,244,,,,"","",,"",No,,,"",,,,,,,,,"",,,,,,,,2025-05-06T10:06:32.000Z,2025-05-06T10:16:29.000Z
16765,"Type: Rider",2013-10-10,,,Windows PC,,No Status,No Status,Owned,,,Digital,Steam,,261,,,,,,,,,,,,,,,,,,,,,,,,,,,,2025-05-06T10:06:32.000Z,2025-05-06T10:06:32.000Z
9433,"Vanguard Princess",2009-06-26,,,Windows PC,,No Status,No Status,Owned,,,Digital,Steam,,249,,,,,,,,,,,,,,,,,,,,,,,,,,,,2025-05-06T10:06:32.000Z,2025-05-06T10:06:32.000Z
6656,"Ultra Street Fighter IV",2014-04-18,,,Windows PC,,No Status,No Status,Owned,,,Digital,Steam,,291,,,,"","",,"",No,,,"",,,,,,,,,"",,,,,,,,2025-05-06T10:06:32.000Z,2026-05-26T12:55:02.000Z
8424,"Ultimate General: Gettysburg",2014-10-16,,,Windows PC,,No Status,No Status,Owned,,,Digital,Steam,,184,,,,,,,,,,,,,,,,,,,,,,,,,,,,2025-05-06T10:06:32.000Z,2025-05-06T10:06:32.000Z
35849,"Vapour",2015-07-03,,,Windows PC,,No Status,No Status,Owned,,,Digital,Steam,,308,,,,,,,,,,,,,,,,,,,,,,,,,,,,2025-05-06T10:06:32.000Z,2025-05-06T10:06:32.000Z
8880,"Wacky Wheels",1994-10-17,,,Windows PC,,No Status,No Status,Owned,,,Digital,Steam,,0,,,,"","",,"",No,,,"",,,,,,,,,"",,,,,,,,2025-05-06T10:06:32.000Z,2025-08-11T17:53:44.000Z
9180,"Victor Vran",2015-07-24,,,Windows PC,,Played,Beaten,Owned,,,Digital,Steam,,1183,,,,,,,,,,,,,,,,,,,,,6,,,,,,,2025-05-06T10:06:32.000Z,2025-05-06T10:06:32.000Z
10140,"Uncanny Valley",2015-04-23,,,Windows PC,,No Status,No Status,Owned,,,Digital,Steam,,224,,,,,,,,,,,,,,,,,,,,,,,,,,,,2025-05-06T10:06:32.000Z,2025-05-06T10:06:32.000Z
19438,"Turmoil",2016-06-02,,,Windows PC,,Played,Dropped,Owned,,,Digital,Steam,,322,,,,,,,,,,,,,,,,,,,,,,,,,,,,2025-05-06T10:06:32.000Z,2025-05-06T10:06:32.000Z
34636,"Warhammer 40,000: Deathwatch - Enhanced Edition",2015-10-16,,,Windows PC,,No Status,No Status,Owned,,,Digital,Steam,,198,,,,,,,,,,,,,,,,,,,,,,,,,,,,2025-05-06T10:06:32.000Z,2025-05-06T10:06:32.000Z
9181,"Warhammer: End Times - Vermintide",2015-10-23,,,Windows PC,,No Status,No Status,Owned,,,Digital,Steam,,376,,,,,,,,,,,,,,,,,,,,,,,,,,,,2025-05-06T10:06:32.000Z,2025-05-06T10:06:32.000Z
34300,"Unfortunate Spacemen",2020-06-12,,,Windows PC,,No Status,No Status,Owned,,,Digital,Steam,,243,,,,,,,,,,,,,,,,,,,,,,,,,,,,2025-05-06T10:06:32.000Z,2025-05-06T10:06:32.000Z
27004,"Uriel's Chasm 2: את",2015-11-13,,,Windows PC,,No Status,No Status,Owned,,,Digital,Steam,,223,,,,,,,,,,,,,,,,,,,,,,,,,,,,2025-05-06T10:06:32.000Z,2025-05-06T10:06:32.000Z
78368,"Verdict Guilty",2016-06-13,,,Windows PC,,No Status,No Status,Owned,,,Digital,Steam,,235,,,,,,,,,,,,,,,,,,,,,,,,,,,,2025-05-06T10:06:32.000Z,2025-05-06T10:06:32.000Z
257,"Warhammer 40,000: Dawn of War",2004-09-20,28981,"Warhammer 40,000: Dawn of War - Game of the Year Edition",Windows PC,,No Status,No Status,Owned,,,Digital,Steam,,203,,,,"","",,"",No,,,"",,,,,,,,,"",,,,,,,,2025-05-06T10:06:32.000Z,2025-05-06T13:34:45.000Z
466,"Warhammer 40,000: Dawn of War II",2009-02-19,,,Windows PC,,No Status,No Status,Owned,,,Digital,Steam,,273,,,,"","",,"",No,,,"",,,,,,,,,"",,,,,,,,2025-05-06T10:06:32.000Z,2025-05-06T13:34:39.000Z
18967,"Valkyria Chronicles Remastered",2014-11-11,,,Windows PC,,Unplayed,Not Started,Owned,,,Digital,Steam,,358,,,,,,,,,,,,,,,,,,,,,,,,,,,,2025-05-06T10:06:32.000Z,2025-05-06T10:06:32.000Z
26705,"Warhammer 40,000: Sanctus Reach",2017-01-19,,,Windows PC,,No Status,No Status,Owned,,,Digital,Steam,,167,,,,,,,,,,,,,,,,,,,,,,,,,,,,2025-05-06T10:06:32.000Z,2025-05-06T10:06:32.000Z
18398,"Tyranny",2016-11-10,,,Windows PC,,Played,Beaten,Owned,,,Digital,Steam,,304,,,,,,,,,,,,,,,,,,,,,8,,,,,,,2025-05-06T10:06:32.000Z,2025-05-06T10:06:32.000Z
18980,"Warhammer 40,000: Dawn of War III",2017-04-27,,,Windows PC,,No Status,No Status,Owned,,,Digital,Steam,,869,,,,,,,,,,,,,,,,,,,,,,,,,,,,2025-05-06T10:06:32.000Z,2025-05-06T10:06:32.000Z
7630,"Warhammer 40,000: Eternal Crusade",2016-09-23,,,Windows PC,,No Status,No Status,Owned,,,Digital,Steam,,0,,,,,,,,,,,,,,,,,,,,,,,,,,,,2025-05-06T10:06:32.000Z,2025-05-06T10:06:32.000Z
8729,"Vampyr",2018-06-05,,,Windows PC,,Played,Dropped,Owned,,,Digital,Steam,,550,,,,,,,,,,,,,,,,,,,,,3,,,,,,,2025-05-06T10:06:32.000Z,2025-05-06T10:06:32.000Z
37308,"Vickinachi",2017-07-18,,,Windows PC,,No Status,No Status,Owned,,,Digital,Steam,,0,,,,,,,,,,,,,,,,,,,,,,,,,,,,2025-05-06T10:06:32.000Z,2025-05-06T10:06:32.000Z
7878,"Unturned",2017-07-07,,,Windows PC,,No Status,No Status,Owned,,,Digital,Steam,,0,,,,,,,,,,,,,,,,,,,,,,,,,,,,2025-05-06T10:06:32.000Z,2025-05-06T10:06:32.000Z
16718,"Viscera Cleanup Detail: Shadow Warrior",2013-10-11,,,Windows PC,,No Status,No Status,Owned,,,Digital,Steam,,0,,,,,,,,,,,,,,,,,,,,,,,,,,,,2025-05-06T10:06:32.000Z,2025-05-06T10:06:32.000Z
9691,"Tzar: The Burden of the Crown",2000-01-27,,,Windows PC,,Played,Beaten,Owned,,,Digital,Steam,,0,,,,,,,,,,,,,,,,,,,,,6,,,,,,,2025-05-06T10:06:32.000Z,2025-05-06T10:06:32.000Z
55189,"Warhammer: Vermintide 2",2018-03-08,,,Windows PC,,Played,Beaten,Owned,,,Digital,Steam,,1642,,,,,,,,,,,,,,,,,,,,,5,,,,,,,2025-05-06T10:06:32.000Z,2025-05-06T10:06:32.000Z
273,"Unreal",1998-05-22,29116,"Unreal Gold",Windows PC,,No Status,No Status,Owned,,,Digital,Steam,,2,,,,,,,,,,,,,,,,,,,,,,,,,,,,2025-05-06T10:06:32.000Z,2025-05-06T10:06:32.000Z
127723,"Ultimate Zombie Defense",2020-02-21,,,Windows PC,,No Status,No Status,Owned,,,Digital,Steam,,497,,,,,,,,,,,,,,,,,,,,,,,,,,,,2025-05-06T10:06:32.000Z,2025-05-06T10:06:32.000Z
7045,"Warhammer 40,000: Kill Team",2011-07-01,,,Windows PC,,No Status,No Status,Owned,,,Digital,Steam,,0,,,,,,,,,,,,,,,,,,,,,,,,,,,,2025-05-06T10:06:32.000Z,2025-05-06T10:06:32.000Z
75848,"Valkyria Chronicles 4",2018-03-21,120621,"Valkyria Chronicles 4: Complete Edition",Windows PC,,Unplayed,Not Started,Owned,,,Digital,Steam,,370,,,,,,,,,,,,,,,,,,,,,,,,,,,,2025-05-06T10:06:32.000Z,2025-05-06T10:06:32.000Z
115402,"Uni",2019-03-28,,,Windows PC,,No Status,No Status,Owned,,,Digital,Steam,,0,,,,"","",,"",No,,,"",,,,,,,,,"",,,,,,,,2025-05-06T10:06:32.000Z,2026-02-27T20:14:49.000Z
28171,"Ultimate Epic Battle Simulator",2017-04-12,,,Windows PC,,No Status,No Status,Owned,,,Digital,Steam,,0,,,,"","",,"",No,,,"",,,,,,,,,"",,,,,,,,2025-05-06T10:06:32.000Z,2025-05-06T13:33:00.000Z
148228,"V Rising",2024-05-08,,,Windows PC,,Played,Beaten,Owned,,,Digital,Steam,,1853,,,,,,,,,,,,,,,,,,,,,7,,,,,,,2025-05-06T10:06:32.000Z,2025-05-06T10:06:32.000Z
156635,"Utopos",2021-03-29,,,Windows PC,,No Status,No Status,Owned,,,Digital,Steam,,0,,,,,,,,,,,,,,,,,,,,,,,,,,,,2025-05-06T10:06:32.000Z,2025-05-06T10:06:32.000Z
117743,"Warhammer Underworlds: Online",2020-01-28,,,Windows PC,,No Status,No Status,Owned,,,Digital,Steam,,0,,,,,,,,,,,,,,,,,,,,,,,,,,,,2025-05-06T10:06:32.000Z,2025-05-06T10:06:32.000Z
186725,"Vampire Survivors",2022-02-01,,,Windows PC,,Played,Beaten,Owned,,,Digital,Steam,,898,,,,,,,,,,,,,,,,,,,,,6,,,,,,,2025-05-06T10:06:32.000Z,2025-05-06T10:06:32.000Z
194207,"Valkyrie Elysium",2022-09-28,,,Windows PC,,Played,Completed,Owned,,,Digital,Steam,,4328,,,,"","",,"",No,,,"",,,,,,,,,"",5,,,,,,,2025-05-06T10:06:32.000Z,2025-05-09T09:29:12.000Z
76410,"Warhammer 40,000: Gladius - Relics of War",2018-07-12,,,Windows PC,,No Status,No Status,Owned,,,Digital,Steam,,0,,,,,,,,,,,,,,,,,,,,,,,,,,,,2025-05-06T10:06:32.000Z,2025-05-06T10:06:32.000Z
307143,"Unplagued",2024-10-10,,,Windows PC,,No Status,No Status,Owned,,,Digital,Steam,,0,,,,,,,,,,,,,,,,,,,,,,,,,,,,2025-05-06T10:06:32.000Z,2025-05-06T10:06:32.000Z
17799,"Unloved",2015-07-05,,,Windows PC,,No Status,No Status,Owned,,,Digital,Steam,,0,,,,,,,,,,,,,,,,,,,,,,,,,,,,2025-05-06T10:06:32.000Z,2025-05-06T10:06:32.000Z
942,"World of Goo",2008-10-13,,,Windows PC,,Played,Beaten,Owned,,,Digital,Steam,,240,,,,,,,,,,,,,,,,,,,,,4,,,,,,,2025-05-06T10:07:53.000Z,2025-05-06T10:07:53.000Z
24,"X-COM: UFO Defense",1994-03-01,,,Windows PC,,No Status,No Status,Owned,,,Digital,Steam,,0,,,,,,,,,,,,,,,,,,,,,,,,,,,,2025-05-06T10:07:53.000Z,2025-05-06T10:07:53.000Z
15070,"Worms Crazy Golf",2011-09-03,,,Windows PC,,No Status,No Status,Owned,,,Digital,Steam,,0,,,,,,,,,,,,,,,,,,,,,,,,,,,,2025-05-06T10:07:53.000Z,2025-05-06T10:07:53.000Z
9331,"Worms",1995-06-01,,,Windows PC,,Played,Beaten,Owned,,,Digital,Steam,,0,,,,,,,,,,,,,,,,,,,,,5,,,,,,,2025-05-06T10:07:53.000Z,2025-05-06T10:07:53.000Z
10949,"Ys Origin",2006-12-21,,,Windows PC,,Unplayed,Not Started,Owned,,,Digital,Steam,,337,,,,,,,,,,,,,,,,,,,,,,,,,,,,2025-05-06T10:07:53.000Z,2025-05-06T10:07:53.000Z
948,"Worms Armageddon",1999-01-29,,,Windows PC,,No Status,No Status,Owned,,,Digital,Steam,,0,,,,"","",,"",No,,,"",,,,,,,,,"",,,,,,,,2025-05-06T10:07:53.000Z,2025-05-06T13:37:38.000Z
7256,"X-Blades",2007-11-01,,,Windows PC,,No Status,No Status,Owned,,,Digital,Steam,,280,,,,,,,,,,,,,,,,,,,,,,,,,,,,2025-05-06T10:07:53.000Z,2025-05-06T10:07:53.000Z
9309,"Yosumin!",2006-12-31,,,Windows PC,,No Status,No Status,Owned,,,Digital,Steam,,0,,,,,,,,,,,,,,,,,,,,,,,,,,,,2025-05-06T10:07:53.000Z,2025-05-06T10:07:53.000Z
145897,"Ys I Chronicles+",2013-02-14,,,Windows PC,,Unplayed,Not Started,Owned,,,Digital,Steam,,275,,,,,,,,,,,,,,,,,,,,,,,,,,,,2025-05-06T10:07:53.000Z,2025-05-06T10:07:53.000Z
146074,"Ys II Chronicles+",2013-02-14,,,Windows PC,,Unplayed,Not Started,Owned,,,Digital,Steam,,275,,,,,,,,,,,,,,,,,,,,,,,,,,,,2025-05-06T10:07:53.000Z,2025-05-06T10:07:53.000Z
23540,"World of Battles: Morningstar",2012-04-25,,,Windows PC,,No Status,No Status,Owned,,,Digital,Steam,,0,,,,,,,,,,,,,,,,,,,,,,,,,,,,2025-05-06T10:07:53.000Z,2025-05-06T10:07:53.000Z
9363,"World War III: Black Gold",2001-10-16,,,Windows PC,,No Status,No Status,Owned,,,Digital,Steam,,306,,,,,,,,,,,,,,,,,,,,,,,,,,,,2025-05-06T10:07:53.000Z,2025-05-06T10:07:53.000Z
1318,"XCOM: Enemy Unknown",2012-10-09,,,Windows PC,,Played,Beaten,Owned,,,Digital,Steam,,985,,,,,,,,,,,,,,,,,,,,,6,,,,,,,2025-05-06T10:07:53.000Z,2025-05-06T10:07:53.000Z
35506,"Word Rescue",1992-05-01,,,Windows PC,,No Status,No Status,Owned,,,Digital,Steam,,0,,,,,,,,,,,,,,,,,,,,,,,,,,,,2025-05-06T10:07:53.000Z,2025-05-06T10:07:53.000Z
35508,"Xenophage",2014-05-05,,,Windows PC,,No Status,No Status,Owned,,,Digital,Steam,,0,,,,,,,,,,,,,,,,,,,,,,,,,,,,2025-05-06T10:07:53.000Z,2025-05-06T10:07:53.000Z
2031,"Wolfenstein: The New Order",2014-05-20,,,Windows PC,,Played,Beaten,Owned,,,Digital,Steam,,425,,,,,,,,,,,,,,,,,,,,,7,,,,,,,2025-05-06T10:07:53.000Z,2025-05-06T10:07:53.000Z
9192,"Wolfenstein: The Old Blood",2015-05-04,,,Windows PC,,Played,Beaten,Owned,,,Digital,Steam,,0,,,,,,,,,,,,,,,,,,,,,7,,,,,,,2025-05-06T10:07:53.000Z,2025-05-06T10:07:53.000Z
35375,"Wurm Unlimited",2015-10-21,,,Windows PC,,No Status,No Status,Owned,,,Digital,Steam,,466,,,,,,,,,,,,,,,,,,,,,,,,,,,,2025-05-06T10:07:53.000Z,2025-05-06T10:07:53.000Z
55123,"X4: Foundations",2018-11-30,,,Windows PC,,Unplayed,Not Started,Owned,,,Digital,Steam,,240,,,,,,,,,,,,,,,,,,,,,,,,,,,,2025-05-06T10:07:53.000Z,2025-05-06T10:07:53.000Z
3101,"Wasteland 2",2014-09-19,,,Windows PC,,No Status,No Status,Owned,,,Digital,Steam,,904,,,,,,,,,,,,,,,,,,,,,,,,,,,,2025-05-06T10:07:53.000Z,2025-05-06T10:07:53.000Z
20046,"Wasteland 2: Director's Cut",2015-10-13,,,Windows PC,,Unplayed,Not Started,Owned,,,Digital,Steam,,1043,,,,,,,,,,,,,,,,,,,,,,,,,,,,2025-05-06T10:07:53.000Z,2025-05-06T10:07:53.000Z
18148,"Wolcen: Lords of Mayhem",2020-02-13,,,Windows PC,,Played,Beaten,Owned,,,Digital,Steam,,754,,,,,,,,,,,,,,,,,,,,,5,,,,,,,2025-05-06T10:07:53.000Z,2025-05-06T10:07:53.000Z
10919,"XCOM 2",2016-02-04,,,Windows PC,,Played,Beaten,Owned,,,Digital,Steam,,2426,,,,,,,,,,,,,,,,,,,,,7,,,,,,,2025-05-06T10:07:53.000Z,2025-05-06T10:07:53.000Z
19935,"Wizard of Legend",2018-05-15,,,Windows PC,,Unplayed,Not Started,Owned,,,Digital,Steam,,255,,,,,,,,,,,,,,,,,,,,,,,,,,,,2025-05-06T10:07:53.000Z,2025-05-06T10:07:53.000Z
19696,"Worms W.M.D",2016-08-23,,,Windows PC,,No Status,No Status,Owned,,,Digital,Steam,,548,,,,,,,,,,,,,,,,,,,,,,,,,,,,2025-05-06T10:07:53.000Z,2025-05-06T10:07:53.000Z
58744,"Way of Redemption",2017-11-07,,,Windows PC,,No Status,No Status,Owned,,,Digital,Steam,,0,,,,,,,,,,,,,,,,,,,,,,,,,,,,2025-05-06T10:07:53.000Z,2025-05-06T10:07:53.000Z
16468,"Wild Terra",2017-12-18,,,Windows PC,,No Status,No Status,Owned,,,Digital,Steam,,608,,,,,,,,,,,,,,,,,,,,,,,,,,,,2025-05-06T10:07:53.000Z,2025-05-06T10:07:53.000Z
10948,"Ys Seven",2009-09-16,,,Windows PC,,Unplayed,Not Started,Owned,,,Digital,Steam,,263,,,,,,,,,,,,,,,,,,,,,,,,,,,,2025-05-06T10:07:53.000Z,2025-05-06T10:07:53.000Z
36952,"Wolfenstein II: The New Colossus",2017-10-26,,,Windows PC,,No Status,No Status,Owned,,,Digital,Steam,,0,,,,"","",,"",No,,,"",,,,,,,,,"",7,,,,,,,2025-05-06T10:07:53.000Z,2025-05-08T15:28:23.000Z
11214,"World of Final Fantasy",2016-10-25,,,Windows PC,,Unplayed,Not Started,Owned,,,Digital,Steam,,372,,,,,,,,,,,,,,,,,,,,,,,,,,,,2025-05-06T10:07:53.000Z,2025-05-06T10:07:53.000Z
12595,"Yakuza Kiwami",2016-01-21,,,Windows PC,,Played,Completed,Owned,,,Digital,Steam,,7588,,,,"","",,"",No,,,"",,,,,,,,,"",8,,,,,,,2025-05-06T10:07:53.000Z,2025-05-09T09:31:32.000Z
11397,"Yakuza 0",2015-03-12,,,Windows PC,,Played,Completed,Owned,,,Digital,Steam,,7703,,,,"","",,"",No,,,"",,,,,,,,,"",9,,,,,,,2025-05-06T10:07:53.000Z,2025-05-09T09:31:38.000Z
132139,"XCOM: Chimera Squad",2020-04-24,,,Windows PC,,Unplayed,Not Started,Owned,,,Digital,Steam,,0,,,,,,,,,,,,,,,,,,,,,,,,,,,,2025-05-06T10:07:53.000Z,2025-05-06T10:07:53.000Z
55090,"Yakuza Kiwami 2",2017-12-07,,,Windows PC,,Played,Completed,Owned,,,Digital,Steam,,7499,,,,"","",,"",No,,,"",,,,,,,,,"",8,,,,,,,2025-05-06T10:07:53.000Z,2025-05-09T09:30:25.000Z
129143,"Wasteland Remastered",2020-02-25,,,Windows PC,,Unplayed,Not Started,Owned,,,Digital,Steam,,206,,,,,,,,,,,,,,,,,,,,,,,,,,,,2025-05-06T10:07:53.000Z,2025-05-06T10:07:53.000Z
103015,"Yakuza 3 Remastered",2018-08-09,,,Windows PC,,Played,Beaten,Owned,,,Digital,Steam,,2080,,,,,,,,,,,,,,,,,,,,,7,,,,,,,2025-05-06T10:07:53.000Z,2025-05-06T10:07:53.000Z
103016,"Yakuza 4 Remastered",2019-01-17,,,Windows PC,,Played,Beaten,Owned,,,Digital,Steam,,2259,,,,,,,,,,,,,,,,,,,,,8,,,,,,,2025-05-06T10:07:53.000Z,2025-05-06T10:07:53.000Z
103017,"Yakuza 5 Remastered",2019-06-20,,,Windows PC,,Played,Beaten,Owned,,,Digital,Steam,,3834,,,,,,,,,,,,,,,,,,,,,7,,,,,,,2025-05-06T10:07:53.000Z,2025-05-06T10:07:53.000Z
126489,"WorldBox",2018-10-02,,,Windows PC,,Played,Beaten,Owned,,,Digital,Steam,,462,,,,,,,,,,,,,,,,,,,,,6,,,,,,,2025-05-06T10:07:53.000Z,2025-12-25T09:53:10.000Z
107376,"Welcome Back to 2007 2",2018-09-11,,,Windows PC,,No Status,No Status,Owned,,,Digital,Steam,,0,,,,,,,,,,,,,,,,,,,,,,,,,,,,2025-05-06T10:07:53.000Z,2025-05-06T10:07:53.000Z
36978,"Will Glow the Wisp",2017-09-15,,,Windows PC,,No Status,No Status,Owned,,,Digital,Steam,,0,,,,,,,,,,,,,,,,,,,,,,,,,,,,2025-05-06T10:07:53.000Z,2025-05-06T10:07:53.000Z
12527,"Yakuza 6: The Song of Life",2016-12-08,,,Windows PC,,Played,Beaten,Owned,,,Digital,Steam,,4140,,,,,,,,,,,,,,,,,,,,,8,,,,,,,2025-05-06T10:07:53.000Z,2025-05-06T10:07:53.000Z
24863,"Wasteland 3",2020-08-27,,,Windows PC,,Unplayed,Not Started,Owned,,,Digital,Steam,,442,,,,,,,,,,,,,,,,,,,,,,,,,,,,2025-05-06T10:07:53.000Z,2025-05-06T10:07:53.000Z
36550,"Yakuza: Like a Dragon",2020-01-16,,,Windows PC,,Played,Beaten,Owned,,,Digital,Steam,,4722,,,,,,,,,,,,,,,,,,,,,8,,,,,,,2025-05-06T10:07:53.000Z,2025-05-06T10:07:53.000Z
186483,"You Will (Not) Remain",2022-01-06,,,Windows PC,,No Status,No Status,Owned,,,Digital,Steam,,0,,,,,,,,,,,,,,,,,,,,,,,,,,,,2025-05-06T10:07:53.000Z,2025-05-06T10:07:53.000Z
219144,"Weird RPG",2022-10-01,,,Windows PC,,Unplayed,Not Started,Owned,,,Digital,Steam,,63,,,,,,,,,,,,,,,,,,,,,,,,,,,,2025-05-06T10:07:53.000Z,2025-05-06T10:07:53.000Z
30154,"Waves 2: Notorious",2015-12-16,,,Windows PC,,No Status,No Status,Owned,,,Digital,Steam,,0,,,,,,,,,,,,,,,,,,,,,,,,,,,,2025-05-06T10:07:53.000Z,2025-05-06T10:07:53.000Z
266676,"We Were Here Expeditions: The FriendShip",2023-09-14,,,Windows PC,,No Status,No Status,Owned,,,Digital,Steam,,0,,,,,,,,,,,,,,,,,,,,,,,,,,,,2025-05-06T10:07:53.000Z,2025-05-06T10:07:53.000Z
228532,"Wayfinder",2024-10-21,,,Windows PC,,Played,Beaten,Owned,,,Digital,Steam,,1653,,,,"","",,"",No,,,"",,,,,,,,,"",6,,,,,,,2025-05-06T10:07:53.000Z,2026-01-11T04:11:02.000Z
23028,"Weapon of Choice",2008-11-14,,,Windows PC,,No Status,No Status,Owned,,,Digital,Steam,,0,,,,,,,,,,,,,,,,,,,,,,,,,,,,2025-05-06T10:07:53.000Z,2025-05-06T10:07:53.000Z
15455,"Ys: The Oath in Felghana",2005-07-04,,,Windows PC,,Unplayed,Not Started,Owned,,,Digital,Steam,,236,,,,,,,,,,,,,,,,,,,,,,,,,,,,2025-05-06T10:08:11.000Z,2025-05-06T10:08:11.000Z
20871,"Zombie Army Trilogy",2015-03-03,,,Windows PC,,Played,Beaten,Owned,,,Digital,Steam,,331,,,,,,,,,,,,,,,,,,,,,5,,,,,,,2025-05-06T10:08:11.000Z,2025-05-06T10:08:11.000Z
7424,"ZMR: Zombies Monsters Robots",2014-09-19,,,Windows PC,,No Status,No Status,Owned,,,Digital,Steam,,148,,,,,,,,,,,,,,,,,,,,,,,,,,,,2025-05-06T10:08:11.000Z,2025-05-06T10:08:11.000Z
15454,"Ys VI: The Ark of Napishtim",2003-09-27,,,Windows PC,,Unplayed,Not Started,Owned,,,Digital,Steam,,264,,,,,,,,,,,,,,,,,,,,,,,,,,,,2025-05-06T10:08:11.000Z,2025-05-06T10:08:11.000Z
15457,"Ys: Memories of Celceta",2012-09-27,,,Windows PC,,Unplayed,Not Started,Owned,,,Digital,Steam,,212,,,,,,,,,,,,,,,,,,,,,,,,,,,,2025-05-06T10:08:11.000Z,2025-05-06T10:08:11.000Z
26565,"Yuppie Psycho",2019-04-25,,,Windows PC,,No Status,No Status,Owned,,,Digital,Steam,,216,,,,,,,,,,,,,,,,,,,,,,,,,,,,2025-05-06T10:08:11.000Z,2025-05-06T10:08:11.000Z
76358,"Zeus Battlegrounds",2017-12-01,,,Windows PC,,No Status,No Status,Owned,,,Digital,Steam,,0,,,,,,,,,,,,,,,,,,,,,,,,,,,,2025-05-06T10:08:11.000Z,2025-05-06T10:08:11.000Z
27304,"Ys VIII: Lacrimosa of Dana",2016-07-21,,,Windows PC,,Unplayed,Not Started,Owned,,,Digital,Steam,,343,,,,,,,,,,,,,,,,,,,,,,,,,,,,2025-05-06T10:08:11.000Z,2025-05-06T10:08:11.000Z
83582,"Znkl: 177",2017-11-24,,,Windows PC,,No Status,No Status,Owned,,,Digital,Steam,,0,,,,,,,,,,,,,,,,,,,,,,,,,,,,2025-05-06T10:08:11.000Z,2025-05-06T10:08:11.000Z
14826,"Zen of Sudoku",2006-12-14,,,Windows PC,,No Status,No Status,Owned,,,Digital,Steam,,0,,,,,,,,,,,,,,,,,,,,,,,,,,,,2025-05-06T10:08:11.000Z,2025-05-06T10:08:11.000Z
146042,"Zero Hour",2024-09-09,,,Windows PC,,Played,Dropped,Owned,,,Digital,Steam,,518,,,,"","",,"",No,,,"",,,,,,,,,"",5,,,,,,,2025-05-06T10:08:11.000Z,2025-05-06T15:44:13.000Z
112874,"Horizon Forbidden West",2022-02-18,,,PlayStation 5,,Played,Beaten,Owned,,,Physical,,,2816,,,,"","",,"",,,,"",,,,,,,,,"",8,,,,,,,2025-05-06T10:11:33.000Z,2025-12-18T14:12:53.000Z
228533,"Horizon Forbidden West: Burning Shores",2023-04-19,,,,DLC / Expansion,,Beaten,,,,,,,0,,,,,,,,,,,,,,,,,,,,,,,,,,,,2025-05-20T19:37:03.000Z,2025-12-18T14:12:53.000Z
7334,"Bloodborne",2015-03-24,,,PlayStation 4,,Unplayed,Not Started,Owned,,,Physical,,,28,,,,,,,,,,,,,,,,,,,,,,,,,,,,2025-05-06T10:11:33.000Z,2025-05-06T10:11:33.000Z
146851,"Lost Judgment",2021-09-24,,,PlayStation 5,,Played,Beaten,Owned,,,Physical,,,4338,,,,"","",,"",,,,"",,,,,,,,,"",8,,,,,,,2025-05-06T10:11:33.000Z,2025-05-09T07:40:22.000Z
194819,"Lost Judgment: The Kaito Files",2022-03-28,,,,DLC / Expansion,,Beaten,,,,,,,,,,,,,,,,,,,,,,,,,,,,,,,,,,,2025-05-09T07:40:22.000Z,2025-05-09T07:40:22.000Z
144072,"Hot Wheels Unleashed",2021-09-30,,,PlayStation 5,,Played,Dropped,Subscription,,,Digital,PSN,,26,,,,"","",,"",No,,,"",,,,,,,,,"",4,,,,,,,2025-05-06T10:11:33.000Z,2025-05-08T15:34:32.000Z
246166,"Harry Potter: Quidditch Champions",2024-09-03,,,PlayStation 5,,Played,Dropped,Subscription,,,Digital,PSN,,264,,,,"","",,"",No,,,"",,,,,,,,,"",4,,,,,,,2025-05-06T10:11:33.000Z,2025-05-08T15:34:37.000Z
165351,"Cult of the Lamb",2022-08-11,,,PlayStation 5,,Played,Beaten,Subscription,,,Digital,PSN,,490,,,,"","",,"",No,,,"",,,,,,,,,"",6,,,,,,,2025-05-06T10:11:33.000Z,2025-05-08T15:31:25.000Z
11156,"Horizon Zero Dawn",2017-02-28,,,PlayStation 4,,Played,Beaten,Owned,,,Digital,PSN,,1458,,,,,,,,,,,,,,,,,,,,,7,,,,,,,2025-05-06T10:11:33.000Z,2025-05-06T10:11:33.000Z
133236,"Final Fantasy VII Rebirth",2024-02-29,,,PlayStation 5,,Played,Beaten,Owned,,,Physical,,,5592,,,,,,,,,,,,,,,,,,,,,8,,,,,,,2025-05-06T10:11:33.000Z,2025-05-06T10:11:33.000Z
141547,"Evil West",2022-11-22,,,PlayStation 5,,Played,Beaten,Subscription,,,Digital,PSN,,1225,,,,"","",,"",No,,,"",,,,,,,,,"",5,,,,,,,2025-05-06T10:11:33.000Z,2025-05-08T15:31:36.000Z
12529,"Gravity Rush Remastered",2015-12-10,,,PlayStation 4,,Played,Dropped,Subscription,,,Digital,PSN,,215,,,,"","",,"",No,,,"",,,,,,,,,"",4,,,,,,,2025-05-06T10:11:33.000Z,2025-05-08T15:32:15.000Z
127044,"Marvel's Spider-Man 2",2023-10-20,,,PlayStation 5,,Played,Completed,Owned,,,Physical,,,1251,,,,"","",,"",,,,"",,,,,,,,,"",8,,,,,,,2025-05-06T10:11:33.000Z,2025-05-09T10:27:11.000Z
7328,"Infamous: First Light",2014-08-26,,,PlayStation 4,,Played,Beaten,Owned,,,Digital,PSN,,227,,,,,,,,,,,,,,,,,,,,,5,,,,,,,2025-05-06T10:11:33.000Z,2025-05-06T10:11:33.000Z
1941,"Infamous: Second Son",2014-03-21,,,PlayStation 4,,Played,Beaten,Owned,,,Digital,PSN,,554,,,,,,,,,,,,,,,,,,,,,6,,,,,,,2025-05-06T10:11:33.000Z,2025-05-06T10:11:33.000Z
20326,"Deliver Us the Moon",2019-10-10,,,PlayStation 5,,Played,Beaten,Subscription,,,Digital,PSN,,249,,,,"","",,"",No,,,"",,,,,,,,,"",6,,,,,,,2025-05-06T10:11:33.000Z,2025-05-08T15:31:30.000Z
137001,"Call of Duty: Black Ops Cold War",2020-11-13,,,PlayStation 5,,Played,Beaten,Owned,,,Digital,PSN,,698,,,,,,,,,,,,,,,,,,,,,6,,,,,,,2025-05-06T10:11:33.000Z,2025-05-06T10:11:33.000Z
14878,"Nights of Azure",2015-10-01,,,PlayStation 4,,Played,Dropped,Subscription,,,Digital,PSN,,315,,,,"","",,"",No,,,"",,,,,,,,,"",3,,,,,,,2025-05-06T10:11:33.000Z,2025-05-08T15:34:26.000Z
134588,"Kena: Bridge of Spirits",2021-09-21,,,PlayStation 5,,Played,Beaten,Subscription,,,Digital,PSN,,358,,,,"","",,"",No,,,"",,,,,,,,,"",5,,,,,,,2025-05-06T10:11:33.000Z,2025-05-08T15:31:38.000Z
31551,"Final Fantasy XVI",2023-06-22,,,PlayStation 5,,Played,Completed,Owned,,,Physical,,,6849,,,,"","",,"",,,,"",,,,,,,,,"",9,,,,,,,2025-05-06T10:11:33.000Z,2025-05-09T10:26:56.000Z
279657,"Final Fantasy XVI: Echoes of the Fallen",2023-12-08,,,,DLC / Expansion,,Not Started,,,,,,,,,,,,,,,,,,,,,,,,,,,,,,,,,,,2025-05-07T20:04:54.000Z,2025-05-09T10:26:56.000Z
279658,"Final Fantasy XVI: The Rising Tide",2024-04-18,,,,DLC / Expansion,,Not Started,,,,,,,,,,,,,,,,,,,,,,,,,,,,,,,,,,,2025-05-07T20:04:54.000Z,2025-05-09T10:26:56.000Z
83731,"Beat Saber",2018-05-01,,,PlayStation VR2,,Played,Dropped,Owned,,,Digital,PSN,,62,,,,"","",,"",No,,,"",,,,,,,,,"",,,,,,,,2025-05-06T10:11:33.000Z,2025-05-07T18:39:09.000Z
152063,"Death Stranding: Director's Cut",2021-09-24,,,PlayStation 5,,Played,Dropped,Owned,,,Digital,PSN,,333,,,,"","",,"",No,,,"",,,,,,,,,"",8,,,,,,,2025-05-06T10:11:33.000Z,2026-01-10T07:38:48.000Z
101006,"Gran Turismo 7",2022-03-04,,,PlayStation 5,,Played,Beaten,Owned,,,Digital,PSN,,1498,,,,,,,,,,,,,,,,,,,,,5,,,,,,,2025-05-06T10:11:33.000Z,2025-05-06T10:11:33.000Z
186309,"Horizon Call of the Mountain",2023-02-22,,,PlayStation VR2,,Played,Dropped,Owned,,,Digital,PSN,,265,,,,,,,,,,,,,,,,,,,,,4,,,,,,,2025-05-06T10:11:33.000Z,2025-05-06T10:11:33.000Z
14693,"Disaster Report 4: Summer Memories",2018-11-22,,,PlayStation 4,,Played,Beaten,Subscription,,,Digital,PSN,,742,,,,"","",,"",No,,,"",,,,,,,,,"",6,,,,,,,2025-05-06T10:11:33.000Z,2025-05-08T15:31:33.000Z
119308,"Ghostwire: Tokyo",2022-03-24,,,PlayStation 5,,Played,Beaten,Owned,,,Digital,PSN,,741,,,,,,,,,,,,,,,,,,,,,6,,,,,,,2025-05-06T10:11:33.000Z,2025-05-06T10:11:33.000Z
119341,"Pistol Whip",2019-11-07,,,PlayStation VR2,,Played,Completed,Owned,,,Digital,PSN,,364,,,,"","",,"",No,,,"",,,,,,,,,"",7,,,,,,,2025-05-06T10:11:33.000Z,2025-05-09T09:29:21.000Z
136625,"Hogwarts Legacy",2023-02-10,,,PlayStation 5,,Played,Beaten,Owned,,,Digital,PSN,,5402,,,,"","",,"",No,,,"",,,,,,,,,"",8,,,,,,,2025-05-06T10:11:33.000Z,2025-05-06T12:50:21.000Z
153700,"Ghost of Tsushima: Director's Cut",2021-08-20,,,PlayStation 5,,Played,Completed,Owned,,,Physical,,,12,,,,"","",,"",,,,"",,,,,,,,,"",8,,,,,,,2025-05-06T10:11:33.000Z,2025-05-09T10:26:21.000Z
205201,"Crisis Core: Final Fantasy VII - Reunion",2022-12-13,,,PlayStation 5,,Played,Beaten,Owned,,,Physical,,,2035,,,,"","",,"",,,,"",,,,,,,,,"",7,,,,,,,2025-05-06T10:11:33.000Z,2025-05-06T12:31:47.000Z
78497,"Catherine: Full Body",2019-02-14,,,PlayStation 4,,Played,Beaten,Owned,,,Digital,PSN,,496,,,,,,,,,,,,,,,,,,,,,7,,,,,,,2025-05-06T10:11:33.000Z,2025-05-06T10:11:33.000Z
54842,"Biomutant",2021-05-25,,,PlayStation 5,,Played,Beaten,Subscription,,,Digital,PSN,,1174,,,,"","",,"",No,,,"",,,,,,,,,"",3,,,,,,,2025-05-06T10:11:33.000Z,2025-05-08T15:31:16.000Z
113378,"Granblue Fantasy: Versus",2020-02-06,,,PlayStation 4,,Played,Beaten,Owned,,,Physical,,,448,,,,,,,,,,,,,,,,,,,,,5,,,,,,,2025-05-06T10:11:33.000Z,2025-05-06T10:11:33.000Z
144024,"Final Fantasy VII Remake Intergrade",2021-06-10,,,PlayStation 5,,Played,Beaten,Owned,,,Physical,,,302,,,,"","",,"",,,,"",,,,,,,,,"",8,,,,,,,2025-05-06T10:11:33.000Z,2025-05-07T20:06:38.000Z
144037,"Final Fantasy VII Remake: Episode Intermission",2021-06-10,,,,DLC / Expansion,,Beaten,,,,,,,,,,,,,,,,,,,,,,,,,,,,,,,,,,,2025-05-07T20:06:38.000Z,2025-05-07T20:06:38.000Z
112875,"God of War Ragnarök",2022-11-09,,,PlayStation 5,,Played,Beaten,Owned,,,Physical,,,2550,,,,"","",,"",,,,"",,,,,,,,,"",8,,,,,,,2025-05-06T10:11:33.000Z,2025-05-07T20:12:52.000Z
279623,"God of War Ragnarök: Valhalla",2023-12-12,,,,DLC / Expansion,,Not Started,,,,,,,,,,,,,,,,,,,,,,,,,,,,,,,,,,,2025-05-07T20:12:52.000Z,2025-05-07T20:12:52.000Z
134597,"Astro's Playroom",2020-11-12,,,PlayStation 5,,Played,Beaten,Owned,,,Digital,PSN,,413,,,,,,,,,,,,,,,,,,,,,8,,,,,,,2025-05-06T10:11:33.000Z,2025-05-06T10:11:33.000Z
117731,"Persona 5 Strikers",2020-02-20,,,PlayStation 4,,Played,Dropped,Owned,,,Physical,,,276,,,,,,,,,,,,,,,,,,,,,3,,,,,,,2025-05-06T10:11:33.000Z,2025-05-06T10:11:33.000Z
134581,"Marvel's Spider-Man: Miles Morales",2020-11-12,,,PlayStation 5,,Played,Completed,Owned,,,Physical,,,1135,,,,"","",,"",,,,"",,,,,,,,,"",8,,,,,,,2025-05-06T10:11:33.000Z,2025-05-09T09:29:59.000Z
138949,"Marvel's Spider-Man Remastered",2020-11-12,,,PlayStation 5,,Played,Completed,Owned,,,Physical,,,3187,,,,"","",,"",,,,"",,,,,,,,,"",8,,,,,,,2025-05-06T10:11:33.000Z,2025-05-09T09:30:08.000Z
27316,"A Plague Tale: Innocence",2019-05-14,,,PlayStation 5,,Played,Beaten,Subscription,,,Digital,PSN,,806,,,,"","",,"",No,,,"",,,,,,,,,"",6,,,,,,,2025-05-06T10:11:33.000Z,2025-05-08T15:33:48.000Z
281562,"Judgment",2021-04-23,,,PlayStation 5,,Played,Beaten,Owned,,,Physical,,,3150,,,,,,,,,,,,,,,,,,,,,8,,,,,,,2025-05-06T10:11:33.000Z,2025-05-06T10:11:33.000Z
143350,"Nioh 2 Remastered: The Complete Edition",2021-02-05,,,PlayStation 5,,Played,Completed,Owned,,,Physical,,,5440,,,,"","",,"",,,,"",,,,,,,,,"",8,,,,,,,2025-05-06T10:11:33.000Z,2025-05-09T10:26:40.000Z
75235,"Ghost of Tsushima",2020-07-17,,,PlayStation 4,,Played,Completed,Owned,,,Physical,,,3737,,,,"","",,"",,,,"",,,,,,,,,"",8,,,,,,,2025-05-06T10:11:33.000Z,2025-05-09T10:26:27.000Z
134606,"Demon's Souls",2020-11-12,,,PlayStation 5,,Played,Completed,Owned,,,Physical,,,4162,,,,"","",,"",,,,"",,,,,,,,,"",8,,,,,,,2025-05-06T10:11:33.000Z,2025-05-09T09:31:29.000Z
134587,"Destruction AllStars",2021-02-02,,,PlayStation 5,,Played,Dropped,Subscription,,,Digital,PSN,,250,,,,"","",,"",No,,,"",,,,,,,,,"",3,,,,,,,2025-05-06T10:11:33.000Z,2025-05-08T15:32:12.000Z
55112,"Fist of the North Star: Lost Paradise",2018-03-08,,,PlayStation 4,,Played,Beaten,Owned,,,Digital,PSN,,2897,,,,,,,,,,,,,,,,,,,,,7,,,,,,,2025-05-06T10:11:33.000Z,2025-05-06T10:11:33.000Z
19560,"God of War",2018-04-20,,,PlayStation 4,,Played,Beaten,Owned,,,Physical,,,1847,,,,,,,,,,,,,,,,,,,,,8,,,,,,,2025-05-06T10:11:33.000Z,2025-05-06T10:11:33.000Z
11065,"Ratchet & Clank",2016-04-12,,,PlayStation 4,,Played,Beaten,Owned,,,Digital,PSN,,465,,,,,,,,,,,,,,,,,,,,,6,,,,,,,2025-05-06T10:11:33.000Z,2025-05-06T10:11:33.000Z
75238,"Concrete Genie",2019-09-26,,,PlayStation 4,,Played,Beaten,Subscription,,,Digital,PSN,,491,,,,"","",,"",No,,,"",,,,,,,,,"",4,,,,,,,2025-05-06T10:11:33.000Z,2025-05-08T15:31:21.000Z
103329,"Control",2019-08-27,136604,"Control: Ultimate Edition",PlayStation 5,,Played,Beaten,Owned,,,Digital,PSN,,1051,,,,"","",,"",No,,,"",,,,,,,,,"",8,,,,,,,2025-05-06T10:11:33.000Z,2025-05-07T20:05:59.000Z
122312,"Control: The Foundation",2020-03-26,,,,DLC / Expansion,,Beaten,,,,,,,,,,,,,,,,,,,,,,,,,,,,,,,,,,,2025-05-07T20:05:59.000Z,2025-05-07T20:05:59.000Z
122313,"Control: AWE",2020-08-27,,,,DLC / Expansion,,Beaten,,,,,,,,,,,,,,,,,,,,,,,,,,,,,,,,,,,2025-05-07T20:05:59.000Z,2025-05-07T20:05:59.000Z
9927,"Persona 5",2016-09-15,,,PlayStation 4,,Played,Beaten,Owned,,,Digital,PSN,,3094,,,,,,,,,,,,,,,,,,,,,8,,,,,,,2025-05-06T10:11:33.000Z,2025-05-06T10:11:33.000Z
11169,"Final Fantasy VII Remake",2020-04-10,,,PlayStation 4,,Played,Beaten,Owned,,,Physical,,,2572,,,,,,,,,,,,,,,,,,,,,8,,,,,,,2025-05-06T10:11:33.000Z,2025-05-06T10:11:33.000Z
333020,"Sayonara Wild Hearts",2025-02-24,,,PlayStation 5,,Played,Beaten,Subscription,,,Digital,PSN,,72,,,,"","",,"",No,,,"",,,,,,,,,"",7,,,,,,,2025-05-06T10:13:14.000Z,2025-05-08T15:31:41.000Z
277143,"The Last of Us Part II Remastered",2024-01-19,,,PlayStation 5,,Played,Beaten,Owned,,,Physical,,,1208,,,,"","",,"",,,,"",,,,,,,,,"",7,,,,,,,2025-05-06T10:13:14.000Z,2025-05-12T04:33:22.000Z
178361,"The Dark Pictures Anthology: The Devil in Me",2022-11-18,,,PlayStation 5,,Played,Dropped,Subscription,,,Digital,PSN,,275,,,,"","",,"",No,,,"",,,,,,,,,"",4,,,,,,,2025-05-06T10:13:14.000Z,2025-05-08T15:34:08.000Z
204350,"The Last of Us Part I",2022-09-02,,,PlayStation 5,,Played,Beaten,Owned,,,Physical,,,623,,,,,,,,,,,,,,,,,,,,,8,,,,,,,2025-05-06T10:13:14.000Z,2025-05-06T10:13:14.000Z
204381,"The Plucky Squire",2024-09-17,,,PlayStation 5,,Played,Beaten,Subscription,,,Digital,PSN,,109,,,,"","",,"",No,,,"",,,,,,,,,"",6,,,,,,,2025-05-06T10:13:14.000Z,2025-05-08T15:32:01.000Z
103168,"Warhammer: Chaosbane",2019-06-04,,,PlayStation 5,,Played,Dropped,Subscription,,,Digital,PSN,,43,,,,"","",,"",No,,,"",,,,,,,,,"",4,,,,,,,2025-05-06T10:13:14.000Z,2025-05-08T15:34:01.000Z
140617,"The Dark Pictures Anthology: House of Ashes",2021-10-22,,,PlayStation 5,,Played,Beaten,Subscription,,,Digital,PSN,,343,,,,"","",,"",No,,,"",,,,,,,,,"",6,,,,,,,2025-05-06T10:13:14.000Z,2025-05-08T15:31:49.000Z
144022,"Sifu",2022-02-08,,,PlayStation 5,,Played,Beaten,Subscription,,,Digital,PSN,,187,,,,"","",,"",No,,,"",,,,,,,,,"",6,,,,,,,2025-05-06T10:13:14.000Z,2025-05-08T15:31:44.000Z
25935,"The Artful Escape",2021-09-09,,,PlayStation 5,,Played,Completed,Subscription,,,Digital,PSN,,219,,,,"","",,"",No,,,"",,,,,,,,,"",8,,,,,,,2025-05-06T10:13:14.000Z,2025-05-09T09:28:22.000Z
27324,"The Gardens Between",2018-09-20,,,PlayStation 5,,Played,Completed,Subscription,,,Digital,PSN,,138,,,,"","",,"",No,,,"",,,,,,,,,"",6,,,,,,,2025-05-06T10:13:14.000Z,2025-05-09T09:28:28.000Z
119057,"Star Ocean: First Departure R",2019-12-04,,,PlayStation 4,,Played,Beaten,Owned,,,Digital,PSN,,1674,,,,,,,,,,,,,,,,,,,,,6,,,,,,,2025-05-06T10:13:14.000Z,2025-05-06T10:13:14.000Z
149881,"Swordsman VR",2020-09-25,,,PlayStation VR2,,Played,Dropped,Subscription,,,Digital,PSN,,23,,,,"","",,"",No,,,"",,,,,,,,,"",,,,,,,,2025-05-06T10:13:14.000Z,2025-05-08T15:34:15.000Z
100413,"Watch Dogs: Legion",2020-10-29,,,PlayStation 5,,Played,Beaten,Subscription,,,Digital,PSN,,2137,,,,"","",,"",No,,,"",,,,,,,,,"",7,,,,,,,2025-05-06T10:13:14.000Z,2025-05-08T15:35:12.000Z
122120,"The Dark Pictures Anthology: Little Hope",2020-10-30,,,PlayStation 5,,Played,Beaten,Subscription,,,Digital,PSN,,256,,,,"","",,"",No,,,"",,,,,,,,,"",5,,,,,,,2025-05-06T10:13:14.000Z,2025-05-08T15:31:52.000Z
82117,"Two Point Hospital",2018-08-29,,,PlayStation 4,,No Status,No Status,Subscription,,,Digital,PSN,,450,,,,"","",,"",No,,,"",,,,,,,,,"",,,,,,,,2025-05-06T10:13:14.000Z,2025-12-04T09:53:49.000Z
131890,"Sea of Stars",2023-08-28,,,PlayStation 5,,Played,Dropped,Subscription,,,Digital,PSN,,462,,,,"","",,"",No,,,"",,,,,,,,,"",4,,,,,,,2025-05-06T10:13:14.000Z,2025-05-08T15:34:12.000Z
145028,"Thymesia",2022-08-18,,,PlayStation 5,,Played,Dropped,Subscription,,,Digital,PSN,,93,,,,"","",,"",No,,,"",,,,,,,,,"",3,,,,,,,2025-05-06T10:13:14.000Z,2025-05-08T15:34:05.000Z
11213,"Star Ocean: Integrity and Faithlessness",2016-03-31,,,PlayStation 4,,Played,Beaten,Owned,,,Physical,,,1188,,,,,,,,,,,,,,,,,,,,,5,,,,,,,2025-05-06T10:13:14.000Z,2025-05-06T10:13:14.000Z
134582,"Ratchet & Clank: Rift Apart",2021-06-11,,,PlayStation 5,,Played,Beaten,Owned,,,Digital,PSN,,526,,,,,,,,,,,,,,,,,,,,,8,,,,,,,2025-05-06T10:13:14.000Z,2025-05-06T10:13:14.000Z
113431,"Ys IX: Monstrum Nox",2019-09-26,,,PlayStation 4,,Played,Dropped,Subscription,,,Digital,PSN,,216,,,,"","",,"",No,,,"",,,,,,,,,"",2,,,,,,,2025-05-06T10:13:14.000Z,2025-05-08T15:33:59.000Z
288977,"Zenith: Nexus",2023-02-21,,,PlayStation 5,,Played,Dropped,Subscription,,,Digital,PSN,,80,,,,"","",,"",No,,,"",,,,,,,,,"",3,,,,,,,2025-05-06T10:13:14.000Z,2025-05-08T15:33:56.000Z
235073,"Synth Riders: Remastered Edition",2023-02-22,,,PlayStation VR2,,Played,Beaten,Owned,,,Digital,PSN,,221,,,,,,,,,,,,,,,,,,,,,5,,,,,,,2025-05-06T10:13:14.000Z,2025-05-06T10:13:14.000Z
3048,"The Order: 1886",2015-02-20,,,PlayStation 4,,Played,Beaten,Owned,,,Physical,,,393,,,,,,,,,,,,,,,,,,,,,5,,,,,,,2025-05-06T10:13:14.000Z,2025-05-06T10:13:14.000Z
194404,"The Quarry",2022-06-10,,,PlayStation 5,,Played,Beaten,Subscription,,,Digital,PSN,,551,,,,"","",,"",No,,,"",,,,,,,,,"",5,,,,,,,2025-05-06T10:13:14.000Z,2025-05-08T15:32:05.000Z
110248,"Stray",2022-07-19,,,PlayStation 5,,Played,Beaten,Owned,,,Digital,PSN,,0,,,,,,,,,,,,,,,,,,,,,6,,,,,,,2025-05-06T10:13:14.000Z,2025-05-06T10:13:14.000Z
11292,"Rogue Galaxy",2005-12-08,,,PlayStation 4,,Played,Dropped,Subscription,,,Digital,PSN,,,,,,"","",,"",No,,,"",,,,,,,,,"",,,,,,,,2025-05-06T10:13:14.000Z,2025-05-08T15:34:19.000Z
55047,"The Dark Pictures Anthology: Man of Medan",2019-08-29,,,PlayStation 5,,Played,Beaten,Subscription,,,Digital,PSN,,209,,,,"","",,"",No,,,"",,,,,,,,,"",4,,,,,,,2025-05-06T10:13:14.000Z,2025-05-08T15:31:55.000Z
152250,"Stranger of Paradise: Final Fantasy Origin",2022-03-18,,,PlayStation 5,,Played,Completed,Owned,,,Physical,,,1274,,,,"","",,"",,,,"",,,,,,,,,"",7,,,,,,,2025-05-06T10:13:14.000Z,2025-05-09T10:26:02.000Z
41876,"Uncharted 3: Drake's Deception Remastered",2015-10-07,,,PlayStation 4,,Played,Beaten,Owned,,,Digital,PSN,,,,,,,,,,,,,,,,,,,,,,,8,,,,,,,2025-05-06T10:13:14.000Z,2025-05-06T10:13:14.000Z
41877,"Uncharted 2: Among Thieves Remastered",2015-10-07,,,PlayStation 4,,Played,Beaten,Owned,,,Digital,PSN,,,,,,,,,,,,,,,,,,,,,,,8,,,,,,,2025-05-06T10:13:14.000Z,2025-05-06T10:13:14.000Z
41878,"Uncharted: Drake's Fortune Remastered",2015-10-07,,,PlayStation 4,,Played,Beaten,Owned,,,Digital,PSN,,1191,,,,,,,,,,,,,,,,,,,,,8,,,,,,,2025-05-06T10:13:14.000Z,2025-05-06T10:13:14.000Z
96392,"Sakura Wars",2019-12-12,,,PlayStation 4,,Played,Beaten,Owned,,,Digital,PSN,,1084,,,,,,,,,,,,,,,,,,,,,5,,,,,,,2025-05-06T10:13:14.000Z,2025-05-06T10:13:14.000Z
7609,"Until Dawn",2015-08-25,,,PlayStation 4,,Played,Beaten,Subscription,,,Digital,PSN,,357,,,,"","",,"",No,,,"",,,,,,,,,"",5,,,,,,,2025-05-06T10:13:14.000Z,2025-05-08T15:32:09.000Z
168670,"Uncharted: Legacy of Thieves Collection",2022-01-28,,,PlayStation 5,,Played,Beaten,Owned,,,Physical,,,1166,,,,,,,,,,,,,,,,,,,,,8,,,,,,,2025-05-06T10:13:14.000Z,2025-05-06T10:13:14.000Z
168668,"Uncharted 4: A Thief's End - Remastered",2022-01-28,,,,Bundled Game,,Beaten,,,,,,,,,,,,,,,,,,,,,,,,,,,,,,,,,,,2025-05-06T10:13:14.000Z,2025-05-06T10:13:14.000Z
168669,"Uncharted: The Lost Legacy - Remastered",2022-01-28,,,,Bundled Game,,Beaten,,,,,,,,,,,,,,,,,,,,,,,,,,,,,,,,,,,2025-05-06T10:13:14.000Z,2025-05-06T10:13:14.000Z
26950,"Marvel's Avengers",2020-09-04,,,Windows PC,,Played,Beaten,Subscription,,,Digital,Xbox,,,,,,"","",,"",No,,,"",,,,,,,,,"",6,,,,,,,2025-05-06T10:19:23.000Z,2025-05-08T15:27:26.000Z
116200,"Back 4 Blood",2021-10-12,,,Windows PC,,Played,Dropped,Subscription,,,Digital,Xbox,,,,,,"","",,"",No,,,"",,,,,,,,,"",2,,,,,,,2025-05-06T10:19:23.000Z,2025-05-08T15:28:34.000Z
103292,"Gears 5",2019-09-09,,,Windows PC,,Played,Beaten,Subscription,,,Digital,Xbox,,,,,,"","",,"",No,,,"",,,,,,,,,"",6,,,,,,,2025-05-06T10:19:23.000Z,2025-05-08T15:27:09.000Z
13205,"Astroneer",2019-02-06,,,Windows PC,,Played,Dropped,Subscription,,,Digital,Xbox,,,,,,"","",,"",No,,,"",,,,,,,,,"",3,,,,,,,2025-05-06T10:19:23.000Z,2025-05-08T15:28:29.000Z
8575,"Age of Empires: Castle Siege",2014-09-17,,,Windows PC,,No Status,No Status,Subscription,,,Digital,Xbox,,,,,,"","",,"",No,,,"",,,,,,,,,"",,,,,,,,2025-05-06T10:19:23.000Z,2025-05-08T15:28:56.000Z
102058,"Outriders",2021-04-01,,,Windows PC,,Played,Beaten,Subscription,,,Digital,Xbox,,,,,,"","",,"",No,,,"",,,,,,,,,"",5,,,,,,,2025-05-06T10:19:23.000Z,2025-05-08T15:27:30.000Z
133307,"The Ascent",2021-07-29,,,Windows PC,,Played,Beaten,Subscription,,,Digital,Xbox,,,,,,"","",,"",No,,,"",,,,,,,,,"",6,,,,,,,2025-05-06T10:19:23.000Z,2025-05-08T15:27:44.000Z
27134,"Deep Rock Galactic",2020-05-13,,,Windows PC,,No Status,No Status,Subscription,,,Digital,Xbox,,,,,,"","",,"",No,,,"",,,,,,,,,"",,,,,,,,2025-05-06T10:19:23.000Z,2025-05-08T15:29:17.000Z
76747,"Atomic Heart",2023-02-21,,,Windows PC,,Played,Dropped,Subscription,,,Digital,Xbox,,,,,,"","",,"",No,,,"",,,,,,,,,"",4,,,,,,,2025-05-06T10:19:23.000Z,2025-05-08T15:28:32.000Z
107215,"SnowRunner",2020-04-28,,,Windows PC,,No Status,No Status,Subscription,,,Digital,Xbox,,,,,,"","",,"",No,,,"",,,,,,,,,"",,,,,,,,2025-05-06T10:19:23.000Z,2025-08-11T17:52:13.000Z
295199,"Eternal Strands",2025-01-28,,,Windows PC,,No Status,No Status,Subscription,,,Digital,Xbox,,,,,,"","",,"",No,,,"",,,,,,,,,"",,,,,,,,2025-05-06T10:19:23.000Z,2026-05-26T12:40:23.000Z
194203,"Exoprimal",2023-07-14,,,Windows PC,,No Status,No Status,Subscription,,,Digital,Xbox,,,,,,"","",,"",No,,,"",,,,,,,,,"",,,,,,,,2025-05-06T10:19:23.000Z,2025-05-08T15:29:19.000Z
157916,"From Space",2022-11-03,,,Windows PC,,Played,Dropped,Subscription,,,Digital,Xbox,,,,,,"","",,"",No,,,"",,,,,,,,,"",4,,,,,,,2025-05-06T10:19:23.000Z,2025-05-08T15:28:40.000Z
117271,"Chained Echoes",2022-12-08,,,Windows PC,,Played,Dropped,Subscription,,,Digital,Xbox,,,,,,"","",,"",No,,,"",,,,,,,,,"",2,,,,,,,2025-05-06T10:19:23.000Z,2025-05-08T15:28:37.000Z
11137,"Sea of Thieves",2018-03-20,,,Windows PC,,Played,Beaten,Subscription,,,Digital,Xbox,,,,,,"","",,"",No,,,"",,,,,,,,,"",6,,,,,,,2025-05-06T10:19:23.000Z,2025-05-08T15:27:38.000Z
26765,"Octopath Traveler",2018-07-13,,,Windows PC,,Played,Dropped,Subscription,,,Digital,Xbox,,,,,,"","",,"",No,,,"",,,,,,,,,"",,,,,,,,2025-05-06T10:19:24.000Z,2026-05-26T13:00:04.000Z
120436,"One Piece: Pirate Warriors 4",2020-03-26,,,Windows PC,,No Status,No Status,Subscription,,,Digital,Xbox,,,,,,"","",,"",No,,,"",,,,,,,,,"",,,,,,,,2025-05-06T10:19:24.000Z,2025-05-08T15:29:30.000Z
54548,"Dragon Quest Builders 2",2018-12-20,,,Windows PC,,Unplayed,Not Started,Subscription,,,Digital,Xbox,,,,,,"","",,"",No,,,"",,,,,,,,,"",,,,,,,,2025-05-06T10:19:24.000Z,2025-05-08T15:25:27.000Z
37059,"Age of Empires: Definitive Edition",2018-02-20,,,Windows PC,,No Status,No Status,Subscription,,,Digital,Xbox,,,,,,"","",,"",No,,,"",,,,,,,,,"",,,,,,,,2025-05-06T10:19:24.000Z,2025-05-08T15:28:59.000Z
116238,"Sniper Elite 5",2022-05-25,,,Windows PC,,Played,Beaten,Subscription,,,Digital,Xbox,,,,,,"","",,"",No,,,"",,,,,,,,,"",6,,,,,,,2025-05-06T10:19:24.000Z,2025-05-08T15:27:40.000Z
119295,"Microsoft Flight Simulator",2020-08-17,,,Windows PC,,No Status,No Status,Subscription,,,Digital,Xbox,,,,,,"","",,"",No,,,"",,,,,,,,,"",,,,,,,,2025-05-06T10:19:24.000Z,2025-05-08T15:29:24.000Z
7603,"Hellblade: Senua's Sacrifice",2017-08-07,,,Windows PC,,Played,Dropped,Subscription,,,Digital,Xbox,,,,,,"","",,"",No,,,"",,,,,,,,,"",,,,,,,,2025-05-06T10:19:24.000Z,2025-05-08T15:28:45.000Z
113112,"Hades",2020-09-17,,,Windows PC,,Unplayed,Not Started,Subscription,,,Digital,Xbox,,,,,,"","",,"",No,,,"",,,,,,,,,"",,,,,,,,2025-05-06T10:19:24.000Z,2025-05-08T15:25:36.000Z
142415,"Indiana Jones and the Great Circle",2024-12-09,,,Windows PC,,No Status,No Status,Subscription,,,Digital,Xbox,,,,,,"","",,"",No,,,"",,,,,,,,,"",,,,,,,,2025-05-06T10:19:24.000Z,2025-08-11T18:01:07.000Z
19531,"Prey",2017-05-04,,,Windows PC,,Played,Dropped,Subscription,,,Digital,Xbox,,,,,,"","",,"",No,,,"",,,,,,,,,"",3,,,,,,,2025-05-06T10:19:24.000Z,2025-05-08T15:28:48.000Z
141543,"Road 96",2021-08-16,,,Windows PC,,Played,Beaten,Subscription,,,Digital,Xbox,,,,,,"","",,"",No,,,"",,,,,,,,,"",5,,,,,,,2025-05-06T10:19:24.000Z,2025-05-08T15:27:32.000Z
138590,"PowerWash Simulator",2022-07-14,,,Windows PC,,No Status,No Status,Subscription,,,Digital,Xbox,,,,,,"","",,"",No,,,"",,,,,,,,,"",,,,,,,,2025-05-06T10:19:24.000Z,2025-05-08T15:29:33.000Z
119342,"Chivalry 2",2021-06-08,,,Windows PC,,Played,Dropped,Owned,,,Digital,,,,,,,"","",,"",No,,,"",,,,,,,,,"",3,,,,,,,2025-05-06T10:19:24.000Z,2025-05-07T13:48:34.000Z
194464,"Escape Academy",2022-07-13,,,Windows PC,,Played,Beaten,Subscription,,,Digital,Xbox,,,,,,"","",,"",No,,,"",,,,,,,,,"",6,,,,,,,2025-05-06T10:19:24.000Z,2025-05-08T15:26:27.000Z
152249,"Marvel's Guardians of the Galaxy",2021-10-26,,,Windows PC,,Played,Beaten,Subscription,,,Digital,Xbox,,,,,,"","",,"",No,,,"",,,,,,,,,"",8,,,,,,,2025-05-06T10:19:24.000Z,2025-05-08T15:27:28.000Z
78113,"Gungrave G.O.R.E",2022-11-22,,,Windows PC,,Played,Dropped,Subscription,,,Digital,Xbox,,,,,,"","",,"",No,,,"",,,,,,,,,"",2,,,,,,,2025-05-06T10:19:24.000Z,2025-05-08T15:28:42.000Z
19541,"State of Decay 2",2018-05-22,,,Windows PC,,Played,Dropped,Subscription,,,Digital,Xbox,,,,,,"","",,"",No,,,"",,,,,,,,,"",,,,,,,,2025-05-06T10:19:24.000Z,2025-05-08T15:28:51.000Z
107262,"Streets of Rage 4",2020-04-30,,,Windows PC,,Played,Beaten,Owned,,,Digital,Xbox,,0,,,,,,,,,,,,,,,,,,,,,5,,,,,,,2025-05-06T10:19:24.000Z,2025-05-06T10:19:24.000Z
133305,"Chorus",2021-12-03,,,Windows PC,,No Status,No Status,Subscription,,,Digital,Xbox,,,,,,"","",,"",No,,,"",,,,,,,,,"",,,,,,,,2025-05-06T10:19:24.000Z,2025-05-08T15:29:01.000Z
82090,"Forza Horizon 4",2018-10-02,,,Windows PC,,No Status,No Status,Subscription,,,Digital,Xbox,,,,,,"","",,"",No,,,"",,,,,,,,,"",,,,,,,,2025-05-06T10:19:24.000Z,2025-05-08T15:29:21.000Z
233585,"Hi-Fi Rush",2023-01-25,,,Windows PC,,Played,Beaten,Subscription,,,Digital,Xbox,,,,,,"","",,"",No,,,"",,,,,,,,,"",8,,,,,,,2025-05-06T10:19:24.000Z,2025-05-08T15:27:19.000Z
144153,"Aliens: Fireteam Elite",2021-08-23,,,Windows PC,,Played,Beaten,Subscription,,,Digital,Xbox,,,,,,"","",,"",No,,,"",,,,,,,,,"",5,,,,,,,2025-05-06T10:19:24.000Z,2025-05-08T15:26:25.000Z
141503,"Forza Horizon 5",2021-11-09,,,Windows PC,,Played,Beaten,Subscription,,,Digital,Xbox,,,,,,"","",,"",No,,,"",,,,,,,,,"",5,,,,,,,2025-05-06T10:19:24.000Z,2025-05-08T15:26:30.000Z
103281,"Halo Infinite",2021-12-08,,,Windows PC,,Played,Beaten,Subscription,,,Digital,Xbox,,,,,,"","",,"",No,,,"",,,,,,,,,"",3,,,,,,,2025-05-06T10:19:24.000Z,2025-05-08T15:27:16.000Z
135994,"Avowed",2025-02-18,,,Windows PC,,No Status,No Status,Subscription,,,Digital,Xbox,,,,,,"","",,"",No,,,"",,,,,,,,,"",,,,,,,,2025-05-06T10:19:24.000Z,2026-05-26T12:40:48.000Z
152288,"Immortality",2022-08-30,,,Windows PC,,Played,Beaten,Subscription,,,Digital,Xbox,,,,,,"","",,"",No,,,"",,,,,,,,,"",5,,,,,,,2025-05-06T10:19:24.000Z,2025-05-08T15:27:21.000Z
11208,"NieR: Automata",2017-02-23,103294,"Nier: Automata - Become as Gods Edition",Windows PC,,No Status,No Status,Subscription,,,Digital,Xbox,,,,,,"","",,"",No,,,"",,,,,,,,,"",8,,,,,,,2025-05-06T10:19:24.000Z,2025-05-09T09:29:51.000Z
148241,"Lies of P",2023-09-18,,,Windows PC,,Played,Beaten,Subscription,,,Digital,Xbox,,2700,,,,"","",,"",No,,,"",,,,,,,,,"",8,,,,,,,2025-05-06T10:19:24.000Z,2026-02-26T11:39:29.000Z
331204,"Lies of P: Overture",2025-06-06,,,,DLC / Expansion,,Not Started,,,,,,,,,,,,,,,,,,,,,,,,,,,,,,,,,,,2025-05-07T20:07:27.000Z,2026-02-26T11:39:29.000Z
152242,"A Plague Tale: Requiem",2022-10-18,,,Windows PC,,Played,Beaten,Subscription,,,Digital,Xbox,,,,,,"","",,"",No,,,"",,,,,,,,,"",6,,,,,,,2025-05-06T10:19:24.000Z,2025-05-08T15:26:21.000Z
55029,"Age of Empires IV",2021-10-28,,,Windows PC,,No Status,No Status,Subscription,,,Digital,Xbox,,,,,,"","",,"",No,,,"",,,,,,,,,"",,,,,,,,2025-05-06T10:19:24.000Z,2025-08-11T17:54:34.000Z
133302,"Scarlet Nexus",2021-06-24,,,Windows PC,,Played,Beaten,Subscription,,,Digital,Xbox,,,,,,"","",,"",No,,,"",,,,,,,,,"",7,,,,,,,2025-05-06T10:19:24.000Z,2025-05-08T15:27:35.000Z
125624,"Grounded",2022-09-27,,,Windows PC,,Played,Beaten,Subscription,,,Digital,Xbox,,,,,,"","",,"",No,,,"",,,,,,,,,"",6,,,,,,,2025-05-06T10:19:24.000Z,2025-05-08T15:27:13.000Z
252837,"Still Wakes the Deep",2024-06-18,,,Windows PC,,No Status,No Status,Subscription,,,Digital,Xbox,,,,,,"","",,"",No,,,"",,,,,,,,,"",,,,,,,,2025-05-06T10:19:24.000Z,2026-05-26T12:56:31.000Z
8751,"Stranded Deep",2015-01-23,,,Windows PC,,No Status,No Status,Subscription,,,Digital,Xbox,,,,,,"","",,"",No,,,"",,,,,,,,,"",,,,,,,,2025-05-06T10:19:24.000Z,2025-05-08T15:29:35.000Z
113114,"The Outer Worlds",2019-10-25,,,Windows PC,,Played,Beaten,Subscription,,,Digital,Xbox,,,,,,"","",,"",No,,,"",,,,,,,,,"",6,,,,,,,2025-05-06T10:19:44.000Z,2025-05-08T15:27:46.000Z
135998,"Warhammer 40,000: Darktide",2022-11-30,,,Windows PC,,Played,Dropped,Subscription,,,Digital,Xbox,,,,,,"","",,"",No,,,"",,,,,,,,,"",4,,,,,,,2025-05-06T10:19:44.000Z,2025-05-08T15:28:54.000Z
204628,"Wo Long: Fallen Dynasty",2023-03-03,,,Windows PC,,Played,Beaten,Subscription,,,Digital,Xbox,,,,,,"","",,"",No,,,"",,,,,,,,,"",6,,,,,,,2025-05-06T10:19:44.000Z,2025-05-08T15:28:20.000Z
267306,"The Elder Scrolls IV: Oblivion Remastered",2025-04-22,,,Windows PC,,Unplayed,Not Started,Subscription,,,Digital,Xbox,,,,,,"","",,"",No,,,"",,,,,,,,,"",,,,,,,,2025-05-06T10:19:44.000Z,2025-05-08T15:26:13.000Z
143114,"Total War: Warhammer III",2022-02-17,,,Windows PC,,Unplayed,Not Started,Subscription,,,Digital,Xbox,,,,,,"","",,"",No,,,"",,,,,,,,,"",,,,,,,,2025-05-06T10:19:44.000Z,2025-05-08T15:26:16.000Z
150512,"Two Point Campus",2022-08-09,,,Windows PC,,No Status,No Status,Subscription,,,Digital,Xbox,,,,,,"","",,"",No,,,"",,,,,,,,,"",,,,,,,,2025-05-06T10:19:44.000Z,2025-12-04T09:53:58.000Z
103301,"Wolfenstein: Youngblood",2019-07-25,,,Windows PC,,Played,Beaten,Subscription,,,Digital,Xbox,,,,,,"","",,"",No,,,"",,,,,,,,,"",5,,,,,,,2025-05-06T10:19:44.000Z,2025-05-08T15:28:26.000Z
16612,"Twelve Minutes",2021-08-19,,,Windows PC,,Played,Beaten,Subscription,,,Digital,Xbox,,,,,,"","",,"",No,,,"",,,,,,,,,"",5,,,,,,,2025-05-06T10:19:44.000Z,2025-05-08T15:27:49.000Z
36952,"Wolfenstein II: The New Colossus",2017-10-26,,,Windows PC,,Played,Beaten,Subscription,,,Digital,Xbox,,,,,,"","",,"",No,,,"",,,,,,,,,"",7,,,,,,,2025-05-06T10:19:44.000Z,2025-05-08T15:28:23.000Z
1559,"Pokémon FireRed Version",2004-01-29,,,Game Boy Advance,,Played,Beaten,Owned,,,Physical,,,0,,,,"","",,,,,,,,,,,,,,,,5,,,,,,,2025-05-06T10:21:31.000Z,2025-05-06T10:21:31.000Z
1521,"Pokémon Black Version",2010-09-18,,,Nintendo DS,,Played,Beaten,Owned,,,Physical,,,0,,,,"","",,,,,,,,,,,,,,,,6,,,,,,,2025-05-06T10:28:48.000Z,2025-05-06T10:28:48.000Z
8353,"Pokémon White Version 2",2012-06-23,,,Nintendo DS,,Played,Beaten,Owned,,,Physical,,,0,,,,"","",,,,,,,,,,,,,,,,6,,,,,,,2025-05-06T10:28:50.000Z,2025-05-06T10:28:50.000Z
115283,"Astral Chain",2019-08-30,,,Nintendo Switch,,Played,Beaten,Owned,,,Digital,Nintendo eShop,,2100,,,,"","",,"",No,,,"",,,,,,,,,"",8,,,,,,,2025-05-06T10:29:13.000Z,2025-05-13T19:05:49.000Z
26766,"Xenoblade Chronicles 2",2017-12-01,,,Nintendo Switch,,Played,Beaten,Owned,,,Digital,Nintendo eShop,,15900,,,,"","",,"",No,,,"",,,,,,,,,"",8,,,,,,,2025-05-06T10:29:47.000Z,2025-05-13T19:05:57.000Z
245690,"Xenoblade Chronicles 2: Expansion Pass",2017-12-01,,,,DLC / Expansion,,Beaten,,,,,,,,,,,,,,,,,,,,,,,,,,,,,,,,,,,2025-05-07T20:08:54.000Z,2025-05-13T19:05:57.000Z
103340,"Xenoblade Chronicles 2: Torna - The Golden Country",2018-09-14,,,Nintendo Switch,,Played,Beaten,Owned,,,Digital,Nintendo eShop,,,,,,"","",,"",No,,,"",,,,,,,,,"",7,,,,,,,2025-05-06T10:30:04.000Z,2025-05-13T19:05:04.000Z
122238,"Xenoblade Chronicles: Definitive Edition",2020-05-29,,,Nintendo Switch,,Played,Beaten,Owned,,,Digital,Nintendo eShop,,6600,,,,"","",,"",No,,,"",,,,,,,,,"",8,,,,,,,2025-05-06T10:30:13.000Z,2025-05-13T19:05:55.000Z
134328,"Xenoblade Chronicles: Future Connected",2020-05-29,,,,DLC / Expansion,,Beaten,,,,,,,,,,,,,,,,,,,,,,,,,,,,,,,,,,,2025-05-07T20:08:49.000Z,2025-05-13T19:05:55.000Z
191411,"Xenoblade Chronicles 3",2022-07-29,,,Nintendo Switch,,Played,Beaten,Owned,,,Digital,Nintendo eShop,,6300,,,,"","",,"",No,,,"",,,,,,,,,"",9,,,,,,,2025-05-06T10:30:28.000Z,2026-02-16T16:12:11.000Z
236669,"Xenoblade Chronicles 3: Future Redeemed",2023-04-25,,,,DLC / Expansion,,Beaten,,,,,,,0,,,,,,,,,,,,,,,,,,,,,,,,,,,,2026-01-19T14:06:45.000Z,2026-02-16T16:12:11.000Z
37382,"Pokémon Sword",2019-11-15,,,Nintendo Switch,,Played,Beaten,Owned,,,Digital,Nintendo eShop,,2400,,,,"","",,"",No,,,"",,,,,,,,,"",4,,,,,,,2025-05-06T10:30:58.000Z,2025-05-13T19:05:52.000Z
191931,"Pokémon Scarlet",2022-11-18,,,Nintendo Switch,,Unplayed,Not Started,Owned,,,Digital,Nintendo eShop,,,,,,"","",,"",No,,,"",,,,,,,,,"",,,,,,,,2025-05-06T10:31:12.000Z,2025-05-06T14:36:09.000Z
113109,"Marvel Ultimate Alliance 3: The Black Order",2019-07-19,,,Nintendo Switch,,Played,Dropped,Owned,,,Digital,Nintendo eShop,,120,,,,"","",,"",No,,,"",,,,,,,,,"",2,,,,,,,2025-05-06T10:31:27.000Z,2025-05-13T19:05:45.000Z
75,"Mass Effect 3",2012-03-06,,,Windows PC,,Played,Beaten,Owned,,,Physical,,,0,,,,"","",,,,,,,,,,,,,,,,8,,,,,,,2025-05-06T10:33:59.000Z,2025-05-06T10:33:59.000Z
7349,"Mass Effect: Andromeda",2017-03-21,,,Windows PC,,Played,Beaten,Owned,,,Digital,EA,,,,,,"","",,"",No,,,"",,,,,,,,,"",5,,,,,,,2025-05-06T10:34:07.000Z,2025-05-09T09:54:03.000Z
1802,"Chrono Trigger",1995-03-11,,,Super Nintendo Entertainment System,,Played,Beaten,Owned,,,Physical,,,0,,,,"","",,,,,,,,,,,,,,,,8,,,,,,,2025-05-06T10:34:46.000Z,2025-05-06T10:34:46.000Z
4127,"Grandia",1997-12-18,,,Sega Saturn,,Played,Beaten,Owned,,,Physical,,,0,,,,"","",,,,,,,,,,,,,,,,5,,,,,,,2025-05-06T10:35:39.000Z,2025-05-06T10:35:39.000Z
289,"Age of Empires",1997-10-15,,,Windows PC,,Played,Beaten,Owned,,,Physical,,,0,,,,"","",,,,,,,,,,,,,,,,8,,,,,,,2025-05-06T10:40:30.000Z,2025-05-06T10:40:30.000Z
327,"Age of Empires II: The Age of Kings",1999-09-30,,,Windows PC,,Played,Beaten,Owned,,,Physical,,,0,,,,"","",,,,,,,,,,,,,,,,8,,,,,,,2025-05-06T10:41:09.000Z,2025-05-06T10:41:09.000Z
125,"Diablo",1996-12-31,,,Windows PC,,Played,Beaten,Owned,,,Physical,,,0,,,,"","",,,,,,,,,,,,,,,,6,,,,,,,2025-05-06T10:41:50.000Z,2025-05-06T10:41:50.000Z
764,"Jazz Jackrabbit 2",1998-07-31,,,Windows PC,,Played,Beaten,Owned,,,Physical,,,0,,,,"","",,,,,,,,,,,,,,,,8,,,,,,,2025-05-06T10:42:09.000Z,2025-05-06T10:42:09.000Z
699,"FIFA 99",1998-06-10,,,Windows PC,,Played,Beaten,Owned,,,Physical,,,0,,,,"","",,,,,,,,,,,,,,,,6,,,,,,,2025-05-06T10:42:28.000Z,2025-05-06T10:42:28.000Z
1257,"South Park",1998-12-12,,,Windows PC,,Played,Beaten,Owned,,,Physical,,,0,,,,"","",,,,,,,,,,,,,,,,5,,,,,,,2025-05-06T10:42:42.000Z,2025-05-06T10:42:42.000Z
254,"RollerCoaster Tycoon",1999-03-31,,,Windows PC,,Played,Beaten,Owned,,,Physical,,,,,,,"","",,"",,,,"",,,,,,,,,"",8,,,,,,,2025-05-06T10:42:56.000Z,2025-05-06T11:33:19.000Z
126294,"FIFA 2000: Major League Soccer",1999-09-30,,,Windows PC,,Played,Beaten,Owned,,,Physical,,,0,,,,"","",,,,,,,,,,,,,,,,6,,,,,,,2025-05-06T10:43:51.000Z,2025-05-06T10:43:51.000Z
223,"The Sims",2000-02-04,,,Windows PC,,Played,Beaten,Owned,,,Physical,,,0,,,,"","",,,,,,,,,,,,,,,,7,,,,,,,2025-05-06T10:44:12.000Z,2025-05-06T10:44:12.000Z
224,"The Sims 2",2004-09-14,,,Windows PC,,Played,Beaten,Owned,,,Physical,,,0,,,,"","",,,,,,,,,,,,,,,,7,,,,,,,2025-05-06T10:44:19.000Z,2025-05-06T10:44:19.000Z
260,"The Sims 3",2009-06-02,,,Windows PC,,Played,Beaten,Owned,,,Physical,,,0,,,,"","",,,,,,,,,,,,,,,,7,,,,,,,2025-05-06T10:44:35.000Z,2025-05-06T10:44:35.000Z
126,"Diablo II",2000-06-29,,,Windows PC,,Played,Beaten,Owned,,,Physical,,,0,,,,"","",,,,,,,,,,,,,,,,6,,,,,,,2025-05-06T10:44:51.000Z,2025-05-06T10:44:51.000Z
123,"World of Warcraft",2004-11-23,,,Windows PC,,Played,Dropped,Owned,,,Physical,,,,,,,"","",,"",,,,"",,,,,,,,,"",8,,,,,,,2025-05-06T10:46:19.000Z,2025-05-08T06:04:54.000Z
227,"World of Warcraft: The Burning Crusade",2007-01-15,,,,DLC / Expansion,,Beaten,,,,,,,,,,,,,,,,,,,,,,,,,,,,,,,,,,,2025-05-06T10:46:19.000Z,2025-05-08T06:04:54.000Z
228,"World of Warcraft: Wrath of the Lich King",2008-11-13,,,,DLC / Expansion,,Beaten,,,,,,,,,,,,,,,,,,,,,,,,,,,,,,,,,,,2025-05-06T10:46:19.000Z,2025-05-08T06:04:54.000Z
229,"World of Warcraft: Cataclysm",2010-12-07,,,,DLC / Expansion,,Beaten,,,,,,,,,,,,,,,,,,,,,,,,,,,,,,,,,,,2025-05-06T10:46:19.000Z,2025-05-08T06:04:54.000Z
3157,"World of Warcraft: Warlords of Draenor",2014-11-13,,,,DLC / Expansion,,Beaten,,,,,,,,,,,,,,,,,,,,,,,,,,,,,,,,,,,2025-05-06T10:46:19.000Z,2025-05-08T06:04:54.000Z
1332,"World of Warcraft: Mists of Pandaria",2012-09-25,,,,DLC / Expansion,,Beaten,,,,,,,,,,,,,,,,,,,,,,,,,,,,,,,,,,,2025-05-06T10:46:19.000Z,2025-05-08T06:04:54.000Z
958,"Zeus: Master of Olympus",2000-10-16,,,Windows PC,,Played,Beaten,Owned,,,Physical,,,0,,,,"","",,,,,,,,,,,,,,,,5,,,,,,,2025-05-06T10:46:39.000Z,2025-05-06T10:46:39.000Z
185246,"Alan Wake II",2023-10-27,,,Windows PC,,Played,Dropped,Owned,,,Digital,Epic Games,,420,,,,"","",,"",No,,,"",,,,,,,,,"",7,,,,,,,2025-05-06T10:47:11.000Z,2025-05-14T08:31:00.000Z
308,"Black & White",2001-03-25,,,Windows PC,,Played,Beaten,Owned,,,Physical,,,0,,,,"","",,,,,,,,,,,,,,,,8,,,,,,,2025-05-06T10:47:26.000Z,2025-05-06T10:47:26.000Z
730,"Grand Theft Auto III",2001-10-22,,,Windows PC,,Played,Beaten,Owned,,,Physical,,,0,,,,"","",,,,,,,,,,,,,,,,6,,,,,,,2025-05-06T10:47:38.000Z,2025-05-06T10:47:38.000Z
302,"Empire Earth",2001-11-12,,,Windows PC,,Played,Beaten,Owned,,,Physical,,,0,,,,"","",,,,,,,,,,,,,,,,8,,,,,,,2025-05-06T10:48:05.000Z,2025-05-06T10:48:05.000Z
740,"Halo: Combat Evolved",2001-11-15,,,Windows PC,,Played,Beaten,Owned,,,Physical,,,0,,,,"","",,,,,,,,,,,,,,,,6,,,,,,,2025-05-06T10:48:17.000Z,2025-05-06T10:48:17.000Z
326,"Medal of Honor: Allied Assault",2002-01-22,,,Windows PC,,Played,Beaten,Owned,,,Physical,,,0,,,,"","",,,,,,,,,,,,,,,,5,,,,,,,2025-05-06T10:48:27.000Z,2025-05-06T10:48:27.000Z
8778,"Tactical Ops: Assault on Terror",2002-04-24,,,Windows PC,,Played,Beaten,Owned,,,Physical,,,0,,,,"","",,,,,,,,,,,,,,,,6,,,,,,,2025-05-06T10:48:38.000Z,2025-05-06T10:48:38.000Z
3863,"Conflict: Desert Storm",2002-09-13,,,Windows PC,,Played,Beaten,Owned,,,Physical,,,0,,,,"","",,,,,,,,,,,,,,,,6,,,,,,,2025-05-06T10:48:48.000Z,2025-05-06T10:48:48.000Z
808,"NBA Live 2003",2002-10-07,,,Windows PC,,Played,Beaten,Owned,,,Physical,,,0,,,,"","",,,,,,,,,,,,,,,,7,,,,,,,2025-05-06T10:48:59.000Z,2025-05-06T10:48:59.000Z
331,"RollerCoaster Tycoon 2",2002-10-15,,,Windows PC,,Played,Beaten,Owned,,,Physical,,,0,,,,"","",,,,,,,,,,,,,,,,7,,,,,,,2025-05-06T10:49:12.000Z,2025-05-06T10:49:12.000Z
733,"Grand Theft Auto: Vice City",2002-10-27,,,Windows PC,,Played,Beaten,Owned,,,Physical,,,0,,,,"","",,,,,,,,,,,,,,,,7,,,,,,,2025-05-06T10:49:21.000Z,2025-05-06T10:49:21.000Z
324,"Age of Mythology",2002-10-30,,,Windows PC,,Played,Beaten,Owned,,,Physical,,,0,,,,"","",,,,,,,,,,,,,,,,8,,,,,,,2025-05-06T10:49:34.000Z,2025-05-06T10:49:34.000Z
12054,"Flyff",2005-12-25,,,Windows PC,,Played,Beaten,Owned,,,Digital,,,,,,,"","",,"",No,,,"",,,,,,,,,"",7,,,,,,,2025-05-06T10:49:46.000Z,2025-05-14T08:32:57.000Z
2917,"Chaos Legion",2003-03-06,,,Windows PC,,Played,Beaten,Owned,,,Physical,,,0,,,,"","",,,,,,,,,,,,,,,,4,,,,,,,2025-05-06T10:50:05.000Z,2025-05-06T10:50:05.000Z
2844,"The Simpsons: Hit & Run",2003-09-16,,,Windows PC,,Played,Beaten,Owned,,,Physical,,,0,,,,"","",,,,,,,,,,,,,,,,4,,,,,,,2025-05-06T10:50:15.000Z,2025-05-06T10:50:15.000Z
621,"Call of Duty",2003-10-29,,,Windows PC,,Played,Beaten,Owned,,,Physical,,,0,,,,"","",,,,,,,,,,,,,,,,6,,,,,,,2025-05-06T10:50:30.000Z,2025-05-06T10:50:30.000Z
622,"Call of Duty 2",2005-10-25,,,Windows PC,,Played,Beaten,Owned,,,Physical,,,0,,,,"","",,,,,,,,,,,,,,,,7,,,,,,,2025-05-06T10:50:36.000Z,2025-05-06T10:50:36.000Z
96,"Need for Speed: Underground",2003-11-17,,,Windows PC,,Played,Beaten,Owned,,,Physical,,,,,,,"","",,"",,,,"",,,,,,,,,"",6,,,,,,,2025-05-06T10:50:50.000Z,2025-05-06T11:33:25.000Z
328,"Sacred",2004-03-19,,,Windows PC,,Played,Beaten,Owned,,,Physical,,,0,,,,"","",,,,,,,,,,,,,,,,7,,,,,,,2025-05-06T10:51:11.000Z,2025-05-06T10:51:11.000Z
235,"RollerCoaster Tycoon 3",2004-11-02,,,Windows PC,,Played,Beaten,Owned,,,Physical,,,0,,,,"","",,,,,,,,,,,,,,,,7,,,,,,,2025-05-06T10:51:33.000Z,2025-05-06T10:51:33.000Z
732,"Grand Theft Auto: San Andreas",2004-10-26,,,Windows PC,,Played,Beaten,Owned,,,Physical,,,0,,,,"","",,,,,,,,,,,,,,,,6,,,,,,,2025-05-06T10:51:45.000Z,2025-05-06T10:51:45.000Z
10,"Jade Empire: Special Edition",2007-02-27,,,Windows PC,,Played,Beaten,Owned,,,Digital,,,0,,,,"","",,"",No,,,"",,,,,,,,,,7,,,,,,,2025-05-06T10:52:10.000Z,2025-05-06T10:52:10.000Z
1608,"Empire Earth II",2005-04-26,,,Windows PC,,Played,Beaten,Owned,,,Physical,,,0,,,,"","",,,,,,,,,,,,,,,,6,,,,,,,2025-05-06T10:52:24.000Z,2025-05-06T10:52:24.000Z
694,"Fable: The Lost Chapters",2005-09-20,,,Windows PC,,Played,Beaten,Owned,,,Physical,,,0,,,,"","",,,,,,,,,,,,,,,,8,,,,,,,2025-05-06T10:52:34.000Z,2025-05-06T10:52:34.000Z
1921,"Black & White 2",2005-10-07,,,Windows PC,,Played,Beaten,Owned,,,Physical,,,0,,,,"","",,,,,,,,,,,,,,,,7,,,,,,,2025-05-06T10:52:53.000Z,2025-05-06T10:52:53.000Z
299,"Age of Empires III",2005-10-18,,,Windows PC,,Played,Beaten,Owned,,,Physical,,,0,,,,"","",,,,,,,,,,,,,,,,5,,,,,,,2025-05-06T10:53:03.000Z,2025-05-06T10:53:03.000Z
2995,"The Movies",2005-11-08,,,Windows PC,,Played,Beaten,Owned,,,Physical,,,0,,,,"","",,,,,,,,,,,,,,,,8,,,,,,,2025-05-06T10:53:16.000Z,2025-05-06T10:53:16.000Z
59,"The Elder Scrolls IV: Oblivion",2006-03-20,,,Windows PC,,Played,Beaten,Owned,,,Physical,,,0,,,,"","",,,,,,,,,,,,,,,,7,,,,,,,2025-05-06T11:06:11.000Z,2025-05-06T11:06:11.000Z
8311,"Titan Quest",2006-06-26,,,Windows PC,,Played,Beaten,Owned,,,Physical,,,0,,,,"","",,,,,,,,,,,,,,,,7,,,,,,,2025-05-06T11:08:22.000Z,2025-05-06T11:08:22.000Z
214,"Neverwinter Nights 2",2006-10-31,,,Windows PC,,Played,Beaten,Owned,,,Physical,,,0,,,,"","",,,,,,,,,,,,,,,,6,,,,,,,2025-05-06T11:09:12.000Z,2025-05-06T11:09:12.000Z
623,"Call of Duty 4: Modern Warfare",2007-11-05,,,Windows PC,,Played,Beaten,Owned,,,Physical,,,0,,,,"","",,,,,,,,,,,,,,,,6,,,,,,,2025-05-06T11:09:22.000Z,2025-05-06T11:09:22.000Z
1606,"Empire Earth III",2007-11-06,,,Windows PC,,Played,Beaten,Owned,,,Physical,,,0,,,,"","",,,,,,,,,,,,,,,,6,,,,,,,2025-05-06T11:09:33.000Z,2025-05-06T11:09:33.000Z
127,"Assassin's Creed II",2009-11-17,,,Windows PC,,Played,Beaten,Owned,,,Physical,,,0,,,,"","",,,,,,,,,,,,,,,,5,,,,,,,2025-05-06T11:09:58.000Z,2025-05-06T11:09:58.000Z
72702,"Tales of Pirates",2008-03-24,,,Windows PC,,Played,Beaten,Owned,,,Digital,,,,,,,"","",,"",No,,,"",,,,,,,,,"",6,,,,,,,2025-05-06T11:10:08.000Z,2025-05-14T08:34:04.000Z
504,"Fable III",2010-10-26,,,Windows PC,,Played,Beaten,Owned,,,Physical,,,0,,,,"","",,,,,,,,,,,,,,,,7,,,,,,,2025-05-06T11:10:50.000Z,2025-05-06T11:10:50.000Z
576,"DC Universe Online",2011-01-11,,,Windows PC,,Played,Dropped,Owned,,,Digital,,,,,,,"","",,"",No,,,"",,,,,,,,,"",7,,,,,,,2025-05-06T11:11:04.000Z,2025-05-14T08:34:21.000Z
78,"Dragon Age II",2011-03-08,,,Windows PC,,Played,Beaten,Owned,,,Physical,,,0,,,,"","",,,,,,,,,,,,,,,,5,,,,,,,2025-05-06T11:11:13.000Z,2025-05-06T11:11:13.000Z
472,"The Elder Scrolls V: Skyrim",2011-11-10,,,Windows PC,,Played,Beaten,Owned,,,Physical,,,0,,,,"","",,,,,,,,,,,,,,,,7,,,,,,,2025-05-06T11:11:38.000Z,2025-05-06T11:11:38.000Z
8036,"Verdun",2015-04-28,,,Windows PC,,Played,Beaten,Owned,,,Digital,Epic Games,,,,,,"","",,"",No,,,"",,,,,,,,,"",5,,,,,,,2025-05-06T11:12:11.000Z,2025-05-09T09:55:01.000Z
7081,"Battlefield Hardline",2015-03-17,,,Windows PC,,Played,Beaten,Owned,,,Physical,,,0,,,,"","",,,,,,,,,,,,,,,,6,,,,,,,2025-05-06T11:13:02.000Z,2025-05-06T11:13:02.000Z
2042,"Magicka",2011-01-25,,,Windows PC,,Played,Beaten,Owned,,,Physical,,,0,,,,"","",,,,,,,,,,,,,,,,6,,,,,,,2025-05-06T11:13:20.000Z,2025-05-06T11:13:20.000Z
23582,"Lost Castle",2016-08-31,,,Windows PC,,Played,Beaten,Owned,,,Digital,Epic Games,,1354,,,,"","",,"",No,,,"",,,,,,,,,"",5,,,,,,,2025-05-06T11:13:58.000Z,2025-05-14T08:29:44.000Z
20331,"For the King",2018-04-19,,,Windows PC,,Played,Beaten,Owned,,,Digital,Epic Games,,2069,,,,"","",,"",No,,,"",,,,,,,,,"",3,,,,,,,2025-05-06T11:14:35.000Z,2025-05-14T08:28:59.000Z
103337,"Divinity: Original Sin II - Definitive Edition",2018-08-31,,,Windows PC,,Played,Beaten,Owned,,,Digital,GOG,,,,,,"","",,"",No,,,"",,,,,,,,,"",,,,,,,,2025-05-06T11:14:54.000Z,2025-05-09T09:52:30.000Z
75582,"Carcassonne",2017-11-29,,,Windows PC,,Played,Beaten,Owned,,,Digital,,,,,,,"","",,"",No,,,"",,,,,,,,,"",5,,,,,,,2025-05-06T11:15:08.000Z,2025-05-06T11:27:47.000Z
26166,"Dauntless",2019-09-26,,,Windows PC,,Played,Dropped,Owned,,,Digital,Epic Games,,1709,,,,"","",,"",No,,,"",,,,,,,,,"",3,,,,,,,2025-05-06T11:15:25.000Z,2025-05-14T08:29:29.000Z
6801,"Far Cry 4",2014-11-18,,,Windows PC,,Played,Beaten,Owned,,,Digital,Epic Games,,,,,,"","",,"",No,,,"",,,,,,,,,"",6,,,,,,,2025-05-06T11:15:43.000Z,2025-05-09T09:53:21.000Z
28552,"Far Cry 5",2018-03-26,,,Windows PC,,Played,Beaten,Owned,,,Digital,Epic Games,,,,,,"","",,"",No,,,"",,,,,,,,,"",6,,,,,,,2025-05-06T11:15:52.000Z,2025-05-09T09:53:25.000Z
126290,"Far Cry 6",2021-10-07,,,Windows PC,,Played,Beaten,Owned,,,Digital,Epic Games,,1852,,,,"","",,"",No,,,"",,,,,,,,,"",6,,,,,,,2025-05-06T11:16:02.000Z,2025-05-14T08:29:15.000Z
14362,"Detroit: Become Human",2018-05-25,,,Windows PC,,Played,Beaten,Owned,,,Digital,Epic Games,,708,,,,"","",,"",No,,,"",,,,,,,,,"",8,,,,,,,2025-05-06T11:16:15.000Z,2025-05-14T08:30:18.000Z
37777,"Shadow of the Tomb Raider",2018-09-14,123051,"Shadow of the Tomb Raider: Definitive Edition",Windows PC,,Played,Beaten,Owned,,,Digital,Epic Games,,583,,,,"","",,"",No,,,"",,,,,,,,,"",7,,,,,,,2025-05-06T11:16:29.000Z,2025-05-14T08:30:47.000Z
110844,"Shadow of the Tomb Raider: The Forge",2018-10-10,,,,DLC / Expansion,,Not Started,,,,,,,,,,,,,,,,,,,,,,,,,,,,,,,,,,,2025-05-06T11:16:29.000Z,2025-05-14T08:30:47.000Z
113987,"Shadow of the Tomb Raider: The Nightmare",2019-01-22,,,,DLC / Expansion,,Not Started,,,,,,,,,,,,,,,,,,,,,,,,,,,,,,,,,,,2025-05-06T11:16:29.000Z,2025-05-14T08:30:47.000Z
113988,"Shadow of the Tomb Raider: The Pillar",2018-12-17,,,,DLC / Expansion,,Not Started,,,,,,,,,,,,,,,,,,,,,,,,,,,,,,,,,,,2025-05-06T11:16:29.000Z,2025-05-14T08:30:47.000Z
115200,"Shadow of the Tomb Raider: The Price of Survival",2019-02-12,,,,DLC / Expansion,,Not Started,,,,,,,,,,,,,,,,,,,,,,,,,,,,,,,,,,,2025-05-06T11:16:29.000Z,2025-05-14T08:30:47.000Z
116003,"Shadow of the Tomb Raider: The Serpent's Heart",2019-03-05,,,,DLC / Expansion,,Not Started,,,,,,,,,,,,,,,,,,,,,,,,,,,,,,,,,,,2025-05-06T11:16:29.000Z,2025-05-14T08:30:47.000Z
116800,"Shadow of the Tomb Raider: The Grand Caiman",2019-03-29,,,,DLC / Expansion,,Not Started,,,,,,,,,,,,,,,,,,,,,,,,,,,,,,,,,,,2025-05-06T11:16:29.000Z,2025-05-14T08:30:47.000Z
117711,"Shadow of the Tomb Raider: The Path Home",2019-04-23,,,,DLC / Expansion,,Not Started,,,,,,,,,,,,,,,,,,,,,,,,,,,,,,,,,,,2025-05-06T11:16:29.000Z,2025-05-14T08:30:47.000Z
36950,"Anthem",2019-02-22,,,Windows PC,,Played,Beaten,Owned,,,Digital,EA,,,,,,"","",,"",No,,,"",,,,,,,,,"",4,,,,,,,2025-05-06T11:18:45.000Z,2025-05-14T08:32:37.000Z
20910,"World War Z",2019-04-16,,,Windows PC,,Played,Beaten,Owned,,,Digital,Epic Games,,2222,,,,"","",,"",No,,,"",,,,,,,,,"",6,,,,,,,2025-05-06T11:18:57.000Z,2025-05-14T08:28:43.000Z
105049,"Remnant: From the Ashes",2019-08-20,,,Windows PC,,Played,Beaten,Owned,,,Digital,Epic Games,,665,,,,"","",,"",No,,,"",,,,,,,,,"",5,,,,,,,2025-05-06T11:19:14.000Z,2025-05-14T08:30:34.000Z
7329,"Dead Island 2",2023-04-21,,,Windows PC,,Played,Beaten,Owned,,,Digital,Epic Games,,719,,,,"","",,"",No,,,"",,,,,,,,,"",5,,,,,,,2025-05-06T11:25:31.000Z,2025-05-14T08:29:57.000Z
90558,"Satisfactory",2024-09-10,,,Windows PC,,Played,Beaten,Owned,,,Digital,Epic Games,,9483,,,,"","",,"",No,,,"",,,,,,,,,"",8,,,,,,,2025-05-06T11:26:08.000Z,2025-05-14T08:28:08.000Z
1970,"Assassin's Creed IV Black Flag",2013-10-29,,,Windows PC,,Played,Beaten,Owned,,,Digital,,,0,,,,"","",,"",No,,,"",,,,,,,,,,8,,,,,,,2025-05-06T12:15:40.000Z,2025-05-06T12:15:40.000Z
113,"Assassin's Creed Brotherhood",2010-11-16,,,Windows PC,,Played,Beaten,Owned,,,Physical,,,0,,,,"","",,,,,,,,,,,,,,,,4,,,,,,,2025-05-06T12:15:53.000Z,2025-05-06T12:15:53.000Z
305472,"Before Your Eyes",2023-03-10,,,PlayStation VR2,,Played,Beaten,Owned,,,Digital,PSN,,0,,,,"","",,"",No,,,"",,,,,,,,,,4,,,,,,,2025-05-06T12:16:14.000Z,2025-05-06T12:16:14.000Z
27827,"Assassin's Creed: Director's Cut Edition",2008-04-08,,,Windows PC,,Played,Beaten,Owned,,,Physical,,,0,,,,"","",,,,,,,,,,,,,,,,6,,,,,,,2025-05-06T12:17:25.000Z,2025-05-06T12:17:25.000Z
545,"Call of Duty: Black Ops",2010-11-09,,,Windows PC,,Played,Beaten,Owned,,,Physical,,,0,,,,"","",,,,,,,,,,,,,,,,5,,,,,,,2025-05-06T12:22:54.000Z,2025-05-06T12:22:54.000Z
559,"Call of Duty: Modern Warfare 2",2009-11-10,,,Windows PC,,Played,Beaten,Owned,,,Physical,,,0,,,,"","",,,,,,,,,,,,,,,,5,,,,,,,2025-05-06T12:23:11.000Z,2025-05-06T12:23:11.000Z
125165,"Diablo IV",2023-06-06,,,Windows PC,,Played,Beaten,Owned,,,Digital,Battle.net,,,,,,"","",,"",No,,,"",,,,,,,,,"",6,,,,,,,2025-05-06T12:34:41.000Z,2025-05-09T09:52:39.000Z
113111,"Far Cry New Dawn",2019-02-15,,,Windows PC,,Played,Beaten,Owned,,,Digital,Epic Games,,,,,,"","",,"",No,,,"",,,,,,,,,"",6,,,,,,,2025-05-06T12:39:20.000Z,2025-05-09T09:53:34.000Z
1561,"Pokémon Red Version",1996-02-27,,,Game Boy,,Played,Beaten,Owned,,,Physical,,,0,,,,"","",,,,,,,,,,,,,,,,6,,,,,,,2025-05-06T13:06:28.000Z,2025-05-06T13:06:28.000Z
106056,"Rawmen",2024-07-23,,,Windows PC,,Played,Beaten,Owned,,,Digital,Epic Games,,,,,,"","",,"",No,,,"",,,,,,,,,"",4,,,,,,,2025-05-06T13:08:16.000Z,2025-05-09T09:54:13.000Z
884,"Street Fighter IV",2008-07-18,,,Windows PC,,Played,Beaten,Owned,,,Physical,,,0,,,,"","",,,,,,,,,,,,,,,,6,,,,,,,2025-05-06T13:22:47.000Z,2025-05-06T13:22:47.000Z
964,"Stronghold Crusader",2002-07-31,,,Windows PC,,Played,Beaten,Owned,,,Physical,,,0,,,,"","",,,,,,,,,,,,,,,,6,,,,,,,2025-05-06T13:23:50.000Z,2025-05-06T13:23:50.000Z
19441,"Watch Dogs 2",2016-11-15,,,Windows PC,,Played,Beaten,Owned,,,Digital,Epic Games,,,,,,"","",,"",No,,,"",,,,,,,,,"",7,,,,,,,2025-05-06T13:35:27.000Z,2025-05-09T09:55:06.000Z
321048,"Xenoblade Chronicles X: Definitive Edition",2025-03-20,,,Nintendo Switch,,Unplayed,Not Started,Owned,,,Digital,Nintendo eShop,,,,,,"","",,"",No,,,"",,,,,,,,,,,,,,,,,2025-05-06T14:28:03.000Z,2025-05-06T14:28:03.000Z
11212,"Star Ocean: Till the End of Time",2003-02-27,,,PlayStation 2,,Unplayed,Not Started,Owned,,,Physical,,,,,,,"","",,"",No,,,"",,,,,,,,,"",,,,,,,,2025-05-06T14:29:04.000Z,2025-05-17T13:21:13.000Z
7273,"Ar nosurge: Ode to an Unborn Star",2014-03-06,,,PlayStation 3,,Unplayed,Not Started,Owned,,,Digital,PSN,,,,,,"","",,"",No,,,"",,,,,,,,,,,,,,,,,2025-05-06T14:29:27.000Z,2025-05-06T14:29:27.000Z
4678,"Arc Rise Fantasia",2009-06-04,,,Wii,,Unplayed,Not Started,Owned,,,Physical,,,,,,,"","",,,,,,,,,,,,,,,,,,,,,,,2025-05-06T14:29:51.000Z,2025-05-06T14:29:51.000Z
3795,"Baten Kaitos: Eternal Wings and the Lost Ocean",2003-12-05,,,Nintendo GameCube,,Unplayed,Not Started,Owned,,,Physical,,,,,,,"","",,,,,,,,,,,,,,,,,,,,,,,2025-05-06T14:30:17.000Z,2025-05-06T14:30:17.000Z
3796,"Baten Kaitos Origins",2006-02-23,,,Nintendo GameCube,,Unplayed,Not Started,Owned,,,Physical,,,,,,,"","",,,,,,,,,,,,,,,,,,,,,,,2025-05-06T14:30:26.000Z,2025-05-06T14:30:26.000Z
6923,"Blue Dragon",2006-12-07,,,Xbox 360,,Unplayed,Not Started,Owned,,,Digital,Xbox,,,,,,"","",,"",No,,,"",,,,,,,,,,,,,,,,,2025-05-06T14:30:45.000Z,2025-05-06T14:30:45.000Z
7352,"Abzu",2016-08-02,,,Windows PC,,Unplayed,Not Started,Owned,,,Digital,Epic Games,,,,,,"","",,"",No,,,"",,,,,,,,,"",,,,,,,,2025-05-06T14:30:57.000Z,2025-05-09T09:44:12.000Z
8576,"Drakengard 3",2013-12-19,,,PlayStation 3,,Unplayed,Not Started,Owned,,,Digital,PSN,,,,,,"","",,"",No,,,"",,,,,,,,,,,,,,,,,2025-05-06T14:31:52.000Z,2025-05-06T14:31:52.000Z
6990,"Eternal Sonata",2007-06-14,,,PlayStation 3,,Unplayed,Not Started,Owned,,,Digital,PSN,,,,,,"","",,"",No,,,"",,,,,,,,,,,,,,,,,2025-05-06T14:32:01.000Z,2025-05-06T14:32:01.000Z
26845,"Fire Emblem: Three Houses",2019-07-26,,,Nintendo Switch,,Unplayed,Not Started,Owned,,,Digital,Nintendo eShop,,,,,,"","",,"",No,,,"",,,,,,,,,,,,,,,,,2025-05-06T14:32:11.000Z,2025-05-06T14:32:11.000Z
21657,"Grandia II HD Remaster",2015-08-24,,,Nintendo Switch,,Unplayed,Not Started,Owned,,,Digital,Nintendo eShop,,,,,,"","",,"",No,,,"",,,,,,,,,,,,,,,,,2025-05-06T14:32:25.000Z,2025-05-06T14:32:25.000Z
7318,"Heavenly Sword",2007-09-12,,,PlayStation 3,,Unplayed,Not Started,Owned,,,Digital,PSN,,,,,,"","",,"",No,,,"",,,,,,,,,,,,,,,,,2025-05-06T14:32:59.000Z,2025-05-06T14:32:59.000Z
7019,"Infinite Undiscovery",2008-09-02,,,Xbox 360,,Unplayed,Not Started,Owned,,,Digital,Xbox,,,,,,"","",,"",No,,,"",,,,,,,,,,,,,,,,,2025-05-06T14:33:10.000Z,2025-05-06T14:33:10.000Z
27979,"Kingdom Hearts HD 1.5 + 2.5 Remix",2017-03-09,,,PlayStation 4,,Unplayed,Not Started,Owned,,,Digital,PSN,,,,,,"","",,"",No,,,"",,,,,,,,,,,,,,,,,2025-05-06T14:33:34.000Z,2025-05-06T14:33:34.000Z
212758,"Kingdom Hearts Final Mix",2013-03-14,,,,Bundled Game,,Not Started,,,,,,,,,,,,,,,,,,,,,,,,,,,,,,,,,,,2025-05-06T14:33:34.000Z,2025-05-06T14:33:34.000Z
214986,"Kingdom Hearts Re:Chain of Memories",2013-03-14,,,,Bundled Game,,Not Started,,,,,,,,,,,,,,,,,,,,,,,,,,,,,,,,,,,2025-05-06T14:33:34.000Z,2025-05-06T14:33:34.000Z
221997,"Kingdom Hearts Birth by Sleep Final Mix",2014-10-02,,,,Bundled Game,,Not Started,,,,,,,,,,,,,,,,,,,,,,,,,,,,,,,,,,,2025-05-06T14:33:34.000Z,2025-05-06T14:33:34.000Z
221998,"Kingdom Hearts II Final Mix",2014-10-02,,,,Bundled Game,,Not Started,,,,,,,,,,,,,,,,,,,,,,,,,,,,,,,,,,,2025-05-06T14:33:34.000Z,2025-05-06T14:33:34.000Z
14159,"Kingdom Hearts HD 2.8 Final Chapter Prologue",2017-01-12,,,PlayStation 4,,Unplayed,Not Started,Owned,,,Digital,PSN,,,,,,"","",,"",No,,,"",,,,,,,,,,,,,,,,,2025-05-06T14:33:45.000Z,2025-05-06T14:33:45.000Z
26676,"Kingdom Hearts 0.2: Birth by Sleep - A Fragmentary Passage",2017-01-12,,,,Bundled Game,,Not Started,,,,,,,,,,,,,,,,,,,,,,,,,,,,,,,,,,,2025-05-06T14:33:45.000Z,2025-05-06T14:33:45.000Z
117525,"Kingdom Hearts Dream Drop Distance HD",2017-01-12,,,,Bundled Game,,Not Started,,,,,,,,,,,,,,,,,,,,,,,,,,,,,,,,,,,2025-05-06T14:33:45.000Z,2025-05-06T14:33:45.000Z
2933,"Kingdom Hearts III",2019-01-25,,,PlayStation 4,,Unplayed,Not Started,Owned,,,Digital,PSN,,,,,,"","",,"",No,,,"",,,,,,,,,,,,,,,,,2025-05-06T14:33:51.000Z,2025-05-06T14:33:51.000Z
1937,"Killzone: Shadow Fall",2013-11-15,,,PlayStation 4,,Played,Dropped,Owned,,,Physical,,,210,,,,"","",,"",,,,"",,,,,,,,,"",4,,,,,,,2025-05-06T14:34:05.000Z,2025-05-18T23:33:03.000Z
7363,"Last Rebellion",2010-01-28,,,PlayStation 3,,Unplayed,Not Started,Owned,,,Digital,PSN,,,,,,"","",,"",No,,,"",,,,,,,,,,,,,,,,,2025-05-06T14:34:30.000Z,2025-05-06T14:34:30.000Z
14986,"Legend of Mana",1999-07-15,,,PlayStation,,Unplayed,Not Started,Owned,,,Physical,,,,,,,"","",,,,,,,,,,,,,,,,,,,,,,,2025-05-06T14:34:46.000Z,2025-05-06T14:34:46.000Z
7057,"Lost Odyssey",2007-12-06,,,Xbox 360,,Unplayed,Not Started,Owned,,,Digital,Xbox,,,,,,"","",,"",No,,,"",,,,,,,,,,,,,,,,,2025-05-06T14:34:53.000Z,2025-05-06T14:34:53.000Z
13905,"Lunar: Silver Star Story Complete",1996-10-25,,,PlayStation,,Unplayed,Not Started,Owned,,,Physical,,,,,,,"","",,"",,,,"",,,,,,,,,"",,,,,,,,2025-05-06T14:35:13.000Z,2025-05-09T09:51:01.000Z
44998,"Lunar 2: Eternal Blue Complete",1998-07-13,43699,"Lunar 2: Eternal Blue Complete - Collector's Edition",PlayStation 3,,Unplayed,Not Started,Owned,,,Physical,,,,,,,"","",,,,,,,,,,,,,,,,,,,,,,,2025-05-06T14:35:28.000Z,2025-05-06T14:35:28.000Z
165347,"Marvel's Midnight Suns",2022-12-02,,,Windows PC,,Unplayed,Not Started,Owned,,,Digital,Epic Games,,,,,,"","",,"",No,,,"",,,,,,,,,"",,,,,,,,2025-05-06T14:35:38.000Z,2025-05-09T09:51:08.000Z
27958,"Radiant Historia: Perfect Chronology",2017-06-29,,,Nintendo 3DS,,Playing,Unfinished,Owned,,,Physical,,,,,,,"","",,"",,,,"",,,,,,,,,"",,,,,,,,2025-05-06T14:36:27.000Z,2026-08-14T08:56:32.000Z
19160,"Radiata Stories",2005-01-27,,,PlayStation 2,,Unplayed,Not Started,Owned,,,Physical,,,,,,,"","",,,,,,,,,,,,,,,,,,,,,,,2025-05-06T14:36:40.000Z,2025-05-06T14:36:40.000Z
20067,"Ragnarok Odyssey Ace",2013-07-11,,,PlayStation 3,,Unplayed,Not Started,Owned,,,Physical,,,,,,,"","",,,,,,,,,,,,,,,,,,,,,,,2025-05-06T14:36:52.000Z,2025-05-06T14:36:52.000Z
4152,"Skies of Arcadia Legends",2002-12-26,,,Nintendo GameCube,,Unplayed,Not Started,Owned,,,Physical,,,,,,,"","",,,,,,,,,,,,,,,,,,,,,,,2025-05-06T14:37:25.000Z,2025-05-06T14:37:25.000Z
1448,"Suikoden III",2002-07-11,,,PlayStation 2,,Unplayed,Not Started,Owned,,,Physical,,,,,,,"","",,,,,,,,,,,,,,,,,,,,,,,2025-05-06T14:38:19.000Z,2025-05-06T14:38:19.000Z
1449,"Suikoden IV",2004-08-19,,,PlayStation 2,,Unplayed,Not Started,Owned,,,Physical,,,,,,,"","",,,,,,,,,,,,,,,,,,,,,,,2025-05-06T14:38:33.000Z,2025-05-06T14:38:33.000Z
1456,"Suikoden V",2006-02-23,,,PlayStation 2,,Unplayed,Not Started,Owned,,,Physical,,,,,,,"","",,,,,,,,,,,,,,,,,,,,,,,2025-05-06T14:38:40.000Z,2025-05-06T14:38:40.000Z
20444,"Tales of Graces f",2010-12-02,,,PlayStation 3,,Unplayed,Not Started,Owned,,,Physical,,,,,,,"","",,,,,,,,,,,,,,,,,,,,,,,2025-05-06T14:39:12.000Z,2025-05-06T14:39:12.000Z
1212,"Tales of Xillia",2011-09-08,,,PlayStation 3,,Unplayed,Not Started,Owned,,,Physical,,,,,,,"","",,,,,,,,,,,,,,,,,,,,,,,2025-05-06T14:39:19.000Z,2025-05-06T14:39:19.000Z
1213,"Tales of Xillia 2",2012-11-01,,,PlayStation 3,,Unplayed,Not Started,Owned,,,Physical,,,,,,,"","",,,,,,,,,,,,,,,,,,,,,,,2025-05-06T14:39:29.000Z,2025-05-06T14:39:29.000Z
9633,"Terranigma",1995-10-11,,,Super Nintendo Entertainment System,,Played,Dropped,Owned,,,Physical,,,96,,,,"","",,"",,,,"",,,,,,,,,"",4,,,,,,,2025-05-06T14:39:39.000Z,2026-08-07T17:06:12.000Z
4966,"The Last Story",2011-01-27,,,Wii,,Played,Beaten,Owned,,,Physical,,,1777,,,,"","",,"",,,,"",,,,,,,,,"",7,,,,,,,2025-05-06T14:39:47.000Z,2025-11-15T15:36:52.000Z
122231,"Tokyo Mirage Sessions #FE Encore",2020-01-17,,,Nintendo Switch,,Unplayed,Not Started,Owned,,,Digital,Nintendo eShop,,,,,,"","",,"",No,,,"",,,,,,,,,,,,,,,,,2025-05-06T14:39:55.000Z,2025-05-06T14:39:55.000Z
11793,"Valkyrie Profile 2: Silmeria",2006-06-22,,,PlayStation 2,,Unplayed,Not Started,Owned,,,Physical,,,,,,,"","",,,,,,,,,,,,,,,,,,,,,,,2025-05-06T14:40:12.000Z,2025-05-06T14:40:12.000Z
7482,"White Knight Chronicles",2008-12-25,,,PlayStation 3,,Unplayed,Not Started,Owned,,,Physical,,,,,,,"","",,,,,,,,,,,,,,,,,,,,,,,2025-05-06T14:40:19.000Z,2025-05-06T14:40:19.000Z
7483,"White Knight Chronicles II",2010-07-08,,,PlayStation 3,,Unplayed,Not Started,Owned,,,Physical,,,,,,,"","",,,,,,,,,,,,,,,,,,,,,,,2025-05-06T14:40:28.000Z,2025-05-06T14:40:28.000Z
1346,"Xenogears",1998-02-11,,,PlayStation,,Unplayed,Not Started,Owned,,,Physical,,,,,,,"","",,,,,,,,,,,,,,,,,,,,,,,2025-05-06T14:40:40.000Z,2025-05-06T14:40:40.000Z
1227,"Xenosaga Episode I: Der Wille zur Macht",2002-02-28,,,PlayStation 2,,Unplayed,Not Started,Owned,,,Physical,,,,,,,"","",,,,,,,,,,,,,,,,,,,,,,,2025-05-06T14:40:46.000Z,2025-05-06T14:40:46.000Z
1228,"Xenosaga Episode II: Jenseits von Gut und Böse",2004-06-24,,,PlayStation 2,,Unplayed,Not Started,Owned,,,Physical,,,,,,,"","",,,,,,,,,,,,,,,,,,,,,,,2025-05-06T14:40:53.000Z,2025-05-06T14:40:53.000Z
1229,"Xenosaga Episode III: Also sprach Zarathustra",2006-07-06,,,PlayStation 2,,Unplayed,Not Started,Owned,,,Physical,,,,,,,"","",,,,,,,,,,,,,,,,,,,,,,,2025-05-06T14:41:00.000Z,2025-05-06T14:41:00.000Z
266382,"Football Manager 2024",2023-11-06,,,Windows PC,,Played,Dropped,Owned,,,Digital,Epic Games,,,,,,"","",,"",No,,,"",,,,,,,,,"",3,,,,,,,2025-05-06T15:52:04.000Z,2025-05-14T08:33:38.000Z
549,"God of War",2005-03-22,,,PlayStation 2,,Played,Dropped,Owned,,,Physical,,,0,,,,"","",,,,,,,,,,,,,,,,5,,,,,,,2025-05-06T15:52:22.000Z,2025-05-06T15:52:22.000Z
1907,"Grim Dawn",2016-02-25,,,Windows PC,,Played,Dropped,Owned,,,Digital,,,0,,,,"","",,"",No,,,"",,,,,,,,,,4,,,,,,,2025-05-06T15:52:41.000Z,2025-05-06T15:52:41.000Z
136512,"Hood: Outlaws & Legends",2021-05-07,,,Windows PC,,Played,Dropped,Owned,,,Digital,,,0,,,,"","",,"",No,,,"",,,,,,,,,,3,,,,,,,2025-05-06T15:55:48.000Z,2025-05-06T15:55:48.000Z
157244,"Kayak VR: Mirage",2022-07-12,,,PlayStation VR2,,Played,Dropped,Subscription,,,Digital,PSN,,0,,,,"","",,"",No,,,"",,,,,,,,,"",3,,,,,,,2025-05-06T15:56:43.000Z,2025-05-08T15:34:28.000Z
19795,"Knight Online",2002-07-15,,,Windows PC,,Played,Dropped,Owned,,,Physical,,,0,,,,"","",,,,,,,,,,,,,,,,3,,,,,,,2025-05-06T15:57:24.000Z,2025-05-06T15:57:24.000Z
26381,"TheHunter: Call of the Wild",2017-02-16,,,Windows PC,,Played,Dropped,Owned,,,Digital,,,0,,,,"","",,"",No,,,"",,,,,,,,,,3,,,,,,,2025-05-06T16:08:43.000Z,2025-05-06T16:08:43.000Z
7346,"The Legend of Zelda: Breath of the Wild",2017-03-03,,,Nintendo Switch,,Played,Dropped,Owned,,,Digital,Nintendo eShop,,600,,,,"","",,"",No,,,"",,,,,,,,,"",3,,,,,,,2025-05-06T16:09:36.000Z,2025-05-13T19:01:17.000Z
104967,"Valheim",2021-02-02,,,Windows PC,,Played,Dropped,Owned,,,Digital,,,0,,,,"","",,"",No,,,"",,,,,,,,,,5,,,,,,,2025-05-06T16:10:24.000Z,2025-05-06T16:10:24.000Z
3772,"Wreckfest",2018-06-14,,,Windows PC,,Played,Dropped,Owned,,,Digital,Epic Games,,,,,,"","",,"",No,,,"",,,,,,,,,"",4,,,,,,,2025-05-06T16:11:08.000Z,2025-05-09T09:55:15.000Z
340349,"Final Fantasy IX",2016-04-14,,,Windows PC,,Played,Beaten,Owned,,,Digital,Steam,,2651,,,,"","",,"",No,,,"",,,,,,,,,"",8,,,,,,,2025-05-07T11:53:03.000Z,2026-01-10T07:38:56.000Z
340019,"Final Fantasy III",2014-05-27,,,Windows PC,,Unplayed,Not Started,Owned,,,Digital,Steam,,,,,,"","",,"",No,,,"",,,,,,,,,"",,,,,,,,2025-05-07T11:54:09.000Z,2025-05-28T00:24:36.000Z
6292,"Black Desert",2014-12-17,,,Windows PC,,Played,Dropped,Owned,,,Digital,,,,,,,"","",,"",No,,,"",,,,,,,,,"",6,,,,,,,2025-05-07T13:44:03.000Z,2025-05-09T09:39:29.000Z
2474,"Claw",1997-09-05,,,Windows PC,,Played,Dropped,Owned,,,Physical,,,0,,,,"","",,,,,,,,,,,,,,,,4,,,,,,,2025-05-07T13:58:56.000Z,2025-05-07T13:58:56.000Z
1887,"Dragon Age: Inquisition",2014-11-18,,,Windows PC,,Played,Beaten,Owned,,,Digital,EA,,,,,,"","",,"",No,,,"",,,,,,,,,"",7,,,,,,,2025-05-07T14:24:13.000Z,2025-05-09T09:52:23.000Z
19135,"Dragon Age: Inquisition - Jaws of Hakkon",2015-05-26,,,,DLC / Expansion,,Beaten,,,,,,,,,,,,,,,,,,,,,,,,,,,,,,,,,,,2025-05-07T20:09:50.000Z,2025-05-09T09:52:23.000Z
20188,"Dragon Age: Inquisition - The Descent",2015-08-11,,,,DLC / Expansion,,Beaten,,,,,,,,,,,,,,,,,,,,,,,,,,,,,,,,,,,2025-05-07T20:09:50.000Z,2025-05-09T09:52:23.000Z
20189,"Dragon Age: Inquisition - Trespasser",2015-09-08,,,,DLC / Expansion,,Beaten,,,,,,,,,,,,,,,,,,,,,,,,,,,,,,,,,,,2025-05-07T20:09:50.000Z,2025-05-09T09:52:23.000Z
141544,"Evil Dead: The Game",2022-05-13,,,Windows PC,,Played,Dropped,Owned,,,Digital,,,0,,,,"","",,"",No,,,"",,,,,,,,,,5,,,,,,,2025-05-07T14:26:29.000Z,2025-05-07T14:26:29.000Z
30548,"Pavlov VR",2021-03-31,,,PlayStation VR2,,Played,Dropped,Subscription,,,Digital,PSN,,0,,,,"","",,"",No,,,"",,,,,,,,,"",5,,,,,,,2025-05-07T14:32:28.000Z,2025-05-08T15:34:22.000Z
72944,"Silkroad Online",2004-12-31,,,Windows PC,,Played,Dropped,Owned,,,Digital,,,0,,,,"","",,"",No,,,"",,,,,,,,,,4,,,,,,,2025-05-07T14:45:07.000Z,2025-05-07T14:45:07.000Z
133309,"Second Extinction",2020-10-13,,,Windows PC,,Played,Dropped,Owned,,,Digital,,,0,,,,"","",,"",No,,,"",,,,,,,,,,4,,,,,,,2025-05-07T14:45:28.000Z,2025-05-07T14:45:28.000Z
204460,"The Lord of the Rings: Return to Moria",2023-10-24,,,Windows PC,,Played,Beaten,Owned,,,Digital,Epic Games,,3477,,,,"","",,"",No,,,"",,,,,,,,,"",7,,,,,,,2025-05-07T14:48:10.000Z,2025-05-14T08:28:31.000Z
119262,"Tom Clancy's Rainbow Six Extraction",2022-01-20,,,Windows PC,,Played,Beaten,Owned,,,Digital,Epic Games,,,,,,"","",,"",No,,,"",,,,,,,,,"",4,,,,,,,2025-05-07T14:49:01.000Z,2025-05-09T09:54:56.000Z
214409,"Atlas Fallen",2023-08-10,,,PlayStation 5,,Played,Beaten,Subscription,,,Digital,PSN,,907,,,,"","",,"",No,,,"",,,,,,,,,"",5,,,,,,,2025-05-09T08:48:36.000Z,2025-05-21T00:51:22.000Z
311747,"Atlas Fallen: Reign of Sand",2024-08-06,,,,DLC / Expansion,,Completed,,,,,,,,,,,,,,,,,,,,,,,,,,,,,,,,,,,2025-05-09T08:48:36.000Z,2025-05-20T16:57:59.000Z
149657,"Blue Prince",2025-04-10,,,PlayStation 5,,Played,Dropped,Subscription,,,Digital,PSN,,,,,,"","",,"",No,,,"",,,,,,,,,"",,,,,,,,2025-05-09T08:49:01.000Z,2025-05-17T06:27:28.000Z
132038,"Maquette",2021-03-02,,,PlayStation 5,,No Status,No Status,Subscription,,,Digital,PSN,,,,,,"","",,"",No,,,"",,,,,,,,,"",,,,,,,,2025-05-09T08:49:16.000Z,2025-05-17T06:28:13.000Z
135670,"Steelrising",2022-09-08,,,PlayStation 5,,Played,Beaten,Subscription,,,Digital,PSN,,973,,,,"","",,"",No,,,"",,,,,,,,,"",5,,,,,,,2025-05-09T08:49:31.000Z,2025-05-17T23:03:28.000Z
228524,"After Us",2023-05-23,,,PlayStation 5,,No Status,No Status,Subscription,,,Digital,PSN,,,,,,"","",,"",No,,,"",,,,,,,,,"",,,,,,,,2025-05-09T08:49:56.000Z,2025-05-17T06:28:00.000Z
127743,"Lake",2021-09-01,,,PlayStation 5,,Played,Dropped,Subscription,,,Digital,PSN,,13,,,,"","",,"",No,,,"",,,,,,,,,"",2,,,,,,,2025-05-09T08:50:10.000Z,2025-05-13T00:48:26.000Z
19545,"Observer",2017-08-15,,,Windows PC,,Unplayed,Not Started,Owned,,,Digital,Epic Games,,,,,,"","",,"",No,,,"",,,,,,,,,"",,,,,,,,2025-05-09T09:23:42.000Z,2025-05-09T09:26:37.000Z
199748,"20 Minutes Till Dawn",2022-09-05,,,Windows PC,,Unplayed,Not Started,Owned,,,Digital,Epic Games,,,,,,"","",,"",No,,,"",,,,,,,,,"",,,,,,,,2025-05-09T09:42:07.000Z,2025-05-09T09:59:13.000Z
17828,"20XX",2017-08-16,,,Windows PC,,No Status,No Status,Owned,,,Digital,Epic Games,,,,,,"","",,"",No,,,"",,,,,,,,,"",,,,,,,,2025-05-09T09:42:31.000Z,2025-08-23T15:12:05.000Z
122649,"A Total War Saga: Troy",2020-08-13,,,Windows PC,,Unplayed,Not Started,Owned,,,Digital,Epic Games,,,,,,"","",,"",No,,,"",,,,,,,,,,,,,,,,,2025-05-09T09:43:43.000Z,2025-05-09T09:43:43.000Z
133004,"Assassin's Creed Valhalla",2020-11-10,,,Windows PC,,Unplayed,Not Started,Owned,,,Digital,Epic Games,,,,,,"","",,"",No,,,"",,,,,,,,,,,,,,,,,2025-05-09T09:45:13.000Z,2025-05-09T09:45:13.000Z
8263,"Assassin's Creed Syndicate",2015-10-23,,,Windows PC,,Unplayed,Not Started,Owned,,,Digital,Epic Games,,,,,,"","",,"",No,,,"",,,,,,,,,,,,,,,,,2025-05-09T09:45:39.000Z,2025-05-09T09:45:39.000Z
121894,"Black Book",2021-08-10,,,Windows PC,,Unplayed,Not Started,Owned,,,Digital,Epic Games,,,,,,"","",,"",No,,,"",,,,,,,,,,,,,,,,,2025-05-09T09:47:07.000Z,2025-05-09T09:47:07.000Z
152124,"Bramble: The Mountain King",2023-04-27,,,Windows PC,,Unplayed,Not Started,Owned,,,Digital,Epic Games,,,,,,"","",,"",No,,,"",,,,,,,,,,,,,,,,,2025-05-09T09:47:52.000Z,2025-05-09T09:47:52.000Z
89326,"Breathedge",2018-09-18,,,Windows PC,,Unplayed,Not Started,Owned,,,Digital,Epic Games,,,,,,"","",,"",No,,,"",,,,,,,,,,,,,,,,,2025-05-09T09:48:12.000Z,2025-05-09T09:48:12.000Z
133306,"Call of the Sea",2020-12-08,,,Windows PC,,Unplayed,Not Started,Owned,,,Digital,Epic Games,,,,,,"","",,"",No,,,"",,,,,,,,,,,,,,,,,2025-05-09T09:48:31.000Z,2025-05-09T09:48:31.000Z
26226,"Celeste",2018-01-25,,,Windows PC,,Unplayed,Not Started,Owned,,,Digital,Epic Games,,,,,,"","",,"",No,,,"",,,,,,,,,,,,,,,,,2025-05-09T09:48:47.000Z,2025-05-09T09:48:47.000Z
55027,"Close to the Sun",2019-05-02,,,Windows PC,,Unplayed,Not Started,Owned,,,Digital,Epic Games,,,,,,"","",,"",No,,,"",,,,,,,,,,,,,,,,,2025-05-09T09:49:23.000Z,2025-05-09T09:49:23.000Z
95032,"Crying Suns",2019-09-18,,,Windows PC,,Unplayed,Not Started,Owned,,,Digital,Epic Games,,,,,,"","",,"",No,,,"",,,,,,,,,,,,,,,,,2025-05-09T09:49:44.000Z,2025-05-09T09:49:44.000Z
20863,"Dishonored: Definitive Edition",2015-08-25,,,Windows PC,,Unplayed,Not Started,Owned,,,Digital,Epic Games,,,,,,"","",,"",No,,,"",,,,,,,,,,,,,,,,,2025-05-09T09:58:17.000Z,2025-05-09T09:58:17.000Z
37030,"Dishonored: Death of the Outsider",2017-09-14,,,Windows PC,,Unplayed,Not Started,Owned,,,Digital,Epic Games,,,,,,"","",,"",No,,,"",,,,,,,,,,,,,,,,,2025-05-09T09:58:22.000Z,2025-05-09T09:58:22.000Z
164867,"Dredge",2023-03-30,,,Windows PC,,Unplayed,Not Started,Owned,,,Digital,Epic Games,,,,,,"","",,"",No,,,"",,,,,,,,,"",,,,,,,,2025-05-09T10:07:41.000Z,2025-05-19T13:30:14.000Z
27353,"Dungeons 3",2017-10-13,,,Windows PC,,Unplayed,Not Started,Owned,,,Digital,Epic Games,,,,,,"","",,"",No,,,"",,,,,,,,,,,,,,,,,2025-05-09T10:08:10.000Z,2025-05-09T10:08:10.000Z
138858,"Ender Lilies: Quietus of the Knights",2021-06-21,,,Windows PC,,Unplayed,Not Started,Owned,,,Digital,Epic Games,,,,,,"","",,"",No,,,"",,,,,,,,,,,,,,,,,2025-05-09T10:08:37.000Z,2025-05-09T10:08:37.000Z
250617,"Ghostrunner II",2023-10-26,,,Windows PC,,Unplayed,Not Started,Owned,,,Digital,Epic Games,,,,,,"","",,"",No,,,"",,,,,,,,,,,,,,,,,2025-05-09T10:09:52.000Z,2025-05-09T10:09:52.000Z
119170,"Ghostbusters: The Video Game Remastered",2019-10-03,,,Windows PC,,Unplayed,Not Started,Owned,,,Digital,Epic Games,,,,,,"","",,"",No,,,"",,,,,,,,,,,,,,,,,2025-05-09T10:10:19.000Z,2025-05-09T10:10:19.000Z
55039,"God's Trigger",2019-04-18,,,Windows PC,,Unplayed,Not Started,Owned,,,Digital,Epic Games,,,,,,"","",,"",No,,,"",,,,,,,,,,,,,,,,,2025-05-09T10:10:39.000Z,2025-05-09T10:10:39.000Z
119357,"Immortals Fenyx Rising",2020-12-02,,,Windows PC,,Unplayed,Not Started,Owned,,,Digital,Epic Games,,,,,,"","",,"",No,,,"",,,,,,,,,,,,,,,,,2025-05-09T10:11:39.000Z,2025-05-09T10:11:39.000Z
296832,"Kill Knight",2024-10-02,,,Windows PC,,Unplayed,Not Started,Owned,,,Digital,Epic Games,,,,,,"","",,"",No,,,"",,,,,,,,,,,,,,,,,2025-05-09T10:12:26.000Z,2025-05-09T10:12:26.000Z
144725,"Necromunda: Hired Gun",2021-06-01,,,Windows PC,,Unplayed,Not Started,Owned,,,Digital,Epic Games,,,,,,"","",,"",No,,,"",,,,,,,,,,,,,,,,,2025-05-09T10:13:01.000Z,2025-05-09T10:13:01.000Z
27270,"Payday 3",2023-09-21,,,Windows PC,,Unplayed,Not Started,Owned,,,Digital,Epic Games,,,,,,"","",,"",No,,,"",,,,,,,,,,,,,,,,,2025-05-09T10:13:35.000Z,2025-05-09T10:13:35.000Z
101211,"Rage 2",2019-05-13,,,Windows PC,,Unplayed,Not Started,Owned,,,Digital,Epic Games,,,,,,"","",,"",No,,,"",,,,,,,,,,,,,,,,,2025-05-09T10:14:01.000Z,2025-05-09T10:14:01.000Z
8925,"Sunless Sea",2015-02-06,,,Windows PC,,Unplayed,Not Started,Owned,,,Digital,Epic Games,,,,,,"","",,"",No,,,"",,,,,,,,,,,,,,,,,2025-05-09T10:15:58.000Z,2025-05-09T10:15:58.000Z
24427,"Sunless Skies",2019-01-31,,,Windows PC,,Unplayed,Not Started,Owned,,,Digital,Epic Games,,,,,,"","",,"",No,,,"",,,,,,,,,,,,,,,,,2025-05-09T10:16:03.000Z,2025-05-09T10:16:03.000Z
123925,"Voidtrain",2025-11-07,,,Windows PC,,Unplayed,Not Started,Owned,,,Digital,Epic Games,,,,,,"","",,"",No,,,"",,,,,,,,,,,,,,,,,2025-05-09T10:17:25.000Z,2025-05-09T10:17:25.000Z
107155,"Sniper Ghost Warrior Contracts",2019-11-22,,,Windows PC,,Unplayed,Not Started,Owned,,,Digital,Epic Games,,,,,,"","",,"",No,,,"",,,,,,,,,,,,,,,,,2025-05-10T08:48:40.000Z,2025-05-10T08:48:40.000Z
165346,"Saints Row",2022-08-23,,,Windows PC,,Unplayed,Not Started,Owned,,,Digital,Epic Games,,,,,,"","",,"",No,,,"",,,,,,,,,,,,,,,,,2025-05-10T08:48:56.000Z,2025-05-10T08:48:56.000Z
109462,"Animal Crossing: New Horizons",2020-03-20,,,Nintendo Switch,,Played,Beaten,Owned,,,Digital,Nintendo eShop,,4500,,,,"","",,"",No,,,"",,,,,,,,,,6,,,,,,,2025-05-13T19:03:10.000Z,2025-05-13T19:03:10.000Z
116753,"A Short Hike",2019-07-30,,,Windows PC,,Unplayed,Not Started,Owned,,,Digital,Epic Games,,,,,,"","",,"",No,,,"",,,,,,,,,,,,,,,,,2025-05-19T09:39:23.000Z,2025-05-19T09:39:23.000Z
11182,"Enter the Gungeon",2016-04-05,,,Windows PC,,Unplayed,Not Started,Owned,,,Digital,Epic Games,,,,,,"","",,"",No,,,"",,,,,,,,,,,,,,,,,2025-05-19T09:40:49.000Z,2025-05-19T09:40:49.000Z
120720,"Hundred Days",2021-05-13,,,Windows PC,,Unplayed,Not Started,Owned,,,Digital,Epic Games,,,,,,"","",,"",No,,,"",,,,,,,,,,,,,,,,,2025-05-19T09:41:52.000Z,2025-05-19T09:41:52.000Z
152130,"Death's Gambit: Afterlife",2018-08-13,,,Windows PC,,Unplayed,Not Started,Owned,,,Digital,Epic Games,,,,,,"","",,"",No,,,"",,,,,,,,,,,,,,,,,2025-05-19T13:37:48.000Z,2025-05-19T13:37:48.000Z
75240,"Erica",2019-08-19,,,PlayStation 4,,Played,Beaten,Subscription,,,Digital,PSN,,132,,,,"","",,"",No,,,"",,,,,,,,,"",5,,,,,,,2025-05-21T08:13:55.000Z,2025-05-25T23:02:35.000Z
218793,"Wild Hearts",2023-02-16,,,Windows PC,,Played,Dropped,Subscription,,,Digital,Xbox,,0,,,,"","",,"",No,,,"",,,,,,,,,,2,,,,,,,2025-05-24T09:12:20.000Z,2025-05-24T09:12:20.000Z
563,"Aion",2008-11-25,,,Windows PC,,Played,Dropped,Owned,,,Digital,,,0,,,,"","",,"",No,,,"",,,,,,,,,,,,,,,,,2025-05-25T09:47:36.000Z,2025-05-25T09:47:36.000Z
16741,"Blade & Soul",2012-06-30,,,Windows PC,,Played,Dropped,Owned,,,Digital,,,0,,,,"","",,"",No,,,"",,,,,,,,,,,,,,,,,2025-05-25T09:47:50.000Z,2025-05-25T09:47:50.000Z
1183,"Guild Wars 2",2012-08-25,,,Windows PC,,Played,Dropped,Owned,,,Digital,,,0,,,,"","",,"",No,,,"",,,,,,,,,,,,,,,,,2025-05-25T09:49:59.000Z,2025-05-25T09:49:59.000Z
7533,"Tera",2011-01-25,,,Windows PC,,Played,Dropped,Owned,,,Digital,,,0,,,,"","",,"",No,,,"",,,,,,,,,,,,,,,,,2025-05-25T09:50:44.000Z,2025-05-25T09:50:44.000Z
7818,"Skyforge",2017-04-11,,,Windows PC,,Played,Dropped,Owned,,,Digital,,,0,,,,"","",,"",No,,,"",,,,,,,,,,,,,,,,,2025-05-25T09:52:02.000Z,2025-05-25T09:52:02.000Z
28387,"Cabal Online",2005-10-01,,,Windows PC,,Played,Dropped,Owned,,,Physical,,,0,,,,"","",,,,,,,,,,,,,,,,,,,,,,,2025-05-25T09:53:41.000Z,2025-05-25T09:53:41.000Z
90316,"Last Chaos",2006-12-31,,,Windows PC,,Played,Dropped,Owned,,,Digital,,,0,,,,"","",,"",No,,,"",,,,,,,,,,,,,,,,,2025-05-25T09:57:05.000Z,2025-05-25T09:57:05.000Z
253782,"Hero Online",2006-07-31,,,Windows PC,,Played,Dropped,Owned,,,Digital,,,0,,,,"","",,"",No,,,"",,,,,,,,,,,,,,,,,2025-05-25T09:57:29.000Z,2025-05-25T09:57:29.000Z
85841,"Shaiya",2007-12-24,,,Windows PC,,Played,Dropped,Owned,,,Digital,,,0,,,,"","",,"",No,,,"",,,,,,,,,,,,,,,,,2025-05-25T09:59:30.000Z,2025-05-25T09:59:30.000Z
115,"League of Legends",2009-10-27,,,Windows PC,,Played,Dropped,Owned,,,Digital,,,0,,,,"","",,"",No,,,"",,,,,,,,,,,,,,,,,2025-05-25T10:07:56.000Z,2025-05-25T10:07:56.000Z
7313,"Heroes of the Storm",2015-06-02,,,Windows PC,,Played,Dropped,Owned,,,Digital,Battle.net,,0,,,,"","",,"",No,,,"",,,,,,,,,,,,,,,,,2025-05-25T10:08:31.000Z,2025-05-25T10:08:31.000Z
230,"StarCraft",1998-03-31,,,Windows PC,,Played,Beaten,Owned,,,Physical,,,0,,,,"","",,,,,,,,,,,,,,,,7,,,,,,,2025-05-25T10:09:48.000Z,2025-05-25T10:09:48.000Z
239,"StarCraft II: Wings of Liberty",2010-07-27,,,Windows PC,,Played,Beaten,Owned,,,Digital,Battle.net,,0,,,,"","",,"",No,,,"",,,,,,,,,,7,,,,,,,2025-05-25T10:10:28.000Z,2025-05-25T10:10:28.000Z
132,"Warcraft III: Reign of Chaos",2002-07-03,,,Windows PC,,Played,Beaten,Owned,,,Physical,,,0,,,,"","",,,,,,,,,,,,,,,,7,,,,,,,2025-05-25T10:10:59.000Z,2025-05-25T10:10:59.000Z
133,"Warcraft III: The Frozen Throne",2003-07-01,,,,DLC / Expansion,,Beaten,,,,,,,0,,,,,,,,,,,,,,,,,,,,,7,,,,,,,2025-05-25T10:10:59.000Z,2025-05-25T10:10:59.000Z
735,"Ground Control II: Operation Exodus",2004-06-18,,,Windows PC,,Played,Beaten,Owned,,,Physical,,,0,,,,"","",,,,,,,,,,,,,,,,6,,,,,,,2025-05-25T10:12:22.000Z,2025-05-25T10:12:22.000Z
19988,"Samurai Shodown IV: Amakusa's Revenge",1996-10-25,,,PlayStation,,Played,Beaten,Owned,,,Physical,,,0,,,,"","",,,,,,,,,,,,,,,,,,,,,,,2025-05-25T10:15:53.000Z,2025-05-25T10:15:53.000Z
1640,"James Bond 007: Tomorrow Never Dies",1999-11-16,,,PlayStation,,Played,Dropped,Owned,,,Physical,,,0,,,,"","",,,,,,,,,,,,,,,,,,,,,,,2025-05-25T10:16:54.000Z,2025-05-25T10:16:54.000Z
220944,"Pro Evolution Soccer 2",2002-04-25,,,PlayStation,,Played,Beaten,Owned,,,Physical,,,0,,,,"","",,,,,,,,,,,,,,,,,,,,,,,2025-05-25T10:22:05.000Z,2025-05-25T10:22:05.000Z
121,"Minecraft: Java Edition",2011-11-18,,,Windows PC,,Played,Dropped,Owned,,,Digital,,,0,,,,"","",,"",No,,,"",,,,,,,,,,,,,,,,,2025-05-25T10:22:40.000Z,2025-05-25T10:22:40.000Z
3140,"The Legend of Dragoon",1999-12-02,,,PlayStation,,Unplayed,Not Started,Owned,,,Physical,,,,,,,"","",,,,,,,,,,,,,,,,,,,,,,,2025-05-26T17:39:16.000Z,2025-05-26T17:39:16.000Z
2669,"Guitar Hero World Tour",2008-10-26,,,PlayStation 3,,Played,Beaten,Rented,,,Physical,,,,,,,"","",,"",No,,,"",,,,,,,,,"",7,,,,,,,2025-05-27T10:01:08.000Z,2025-05-27T10:03:51.000Z
2672,"Guitar Hero 5",2009-09-01,,,PlayStation 3,,Played,Beaten,Rented,,,Physical,,,0,,,,"","",,"",No,,,"",,,,,,,,,,6,,,,,,,2025-05-27T10:02:53.000Z,2025-05-27T10:02:53.000Z
200903,"Another Crab's Treasure",2024-04-25,,,PlayStation 5,,Played,Beaten,Subscription,,,Digital,PSN,,724,,,,"","",,"",No,,,"",,,,,,,,,"",7,,,,,,,2025-06-01T10:48:36.000Z,2025-06-05T01:49:20.000Z
2470,"Virtua Cop 2",1995-09-01,,,Windows PC,,Played,Dropped,Owned,,,Physical,,,0,,,,"","",,,,,,,,,,,,,,,,,,,,,,,2025-06-01T11:41:16.000Z,2025-06-01T11:41:16.000Z
182116,"Sker Ritual",2024-04-18,,,Windows PC,,No Status,No Status,Owned,,,Digital,Steam,,0,,,,,,,,,,,,,,,,,,,,,,,,,,,,2025-06-04T05:34:12.000Z,2025-06-04T05:34:12.000Z
203258,"Warhammer 40,000: Boltgun",2023-05-23,,,Windows PC,,Unplayed,Not Started,Owned,,,Digital,Steam,,0,,,,,,,,,,,,,,,,,,,,,,,,,,,,2025-06-04T05:34:12.000Z,2025-06-04T05:34:12.000Z
208652,"Havendock",2025-04-22,,,Windows PC,,No Status,No Status,Owned,,,Digital,Steam,,0,,,,,,,,,,,,,,,,,,,,,,,,,,,,2025-06-04T05:34:12.000Z,2025-06-04T05:34:12.000Z
121247,"Biped",2020-03-26,,,Windows PC,,No Status,No Status,Owned,,,Digital,Steam,,0,,,,,,,,,,,,,,,,,,,,,,,,,,,,2025-06-04T05:34:12.000Z,2025-06-04T05:34:12.000Z
134324,"Tchia",2023-03-21,,,Windows PC,,Unplayed,Not Started,Owned,,,Digital,Steam,,0,,,,,,,,,,,,,,,,,,,,,,,,,,,,2025-06-04T05:34:12.000Z,2025-06-04T05:34:12.000Z
146917,"Dungeons of Hinterberg",2024-07-18,,,Windows PC,,Unplayed,Not Started,Owned,,,Digital,Steam,,0,,,,,,,,,,,,,,,,,,,,,,,,,,,,2025-06-04T05:34:12.000Z,2025-06-04T05:34:12.000Z
290911,"Nobody Wants to Die",2024-07-17,,,Windows PC,,Played,Beaten,Owned,,,Digital,Steam,,342,,,,"","",,"",No,,,"",,,,,,,,,"",7,,,,,,,2025-06-04T05:34:12.000Z,2026-01-10T07:38:31.000Z
317625,"Legacy of Kain: Soul Reaver 1 & 2 Remastered",2024-12-10,,,Windows PC,,No Status,No Status,Owned,,,Digital,Steam,,0,,,,,,,,,,,,,,,,,,,,,,,,,,,,2025-06-04T05:34:12.000Z,2025-06-04T05:34:12.000Z
324084,"Legacy of Kain: Soul Reaver 2 Remastered",2024-12-10,,,,Bundled Game,,No Status,,,,,,,0,,,,,,,,,,,,,,,,,,,,,,,,,,,,2025-06-04T05:34:12.000Z,2025-06-04T05:34:12.000Z
324083,"Legacy of Kain: Soul Reaver Remastered",2024-12-10,,,,Bundled Game,,No Status,,,,,,,0,,,,,,,,,,,,,,,,,,,,,,,,,,,,2025-06-04T05:34:12.000Z,2025-06-04T05:34:12.000Z
138906,"The Invincible",2023-11-06,,,Windows PC,,Played,Beaten,Owned,,,Digital,Steam,,458,,,,"","",,"",No,,,"",,,,,,,,,"",7,,,,,,,2025-06-14T04:30:37.000Z,2025-06-15T01:54:15.000Z
211357,"Mind Over Magic",2025-02-12,,,Windows PC,,Played,Beaten,Owned,,,Digital,Steam,,2719,,,,"","",,"",No,,,"",,,,,,,,,"",8,,,,,,,2025-06-14T04:30:37.000Z,2026-01-10T07:39:02.000Z
152063,"Death Stranding: Director's Cut",2021-09-24,,,Windows PC,,Played,Beaten,Owned,,,Digital,Steam,,2461,,,,"","",,"",No,,,"",,,,,,,,,"",8,,,,,,,2025-06-14T04:30:37.000Z,2026-01-10T07:38:48.000Z
35282,"CrossCode",2018-09-20,,,Windows PC,,Unplayed,Not Started,Owned,,,Digital,Steam,,0,,,,,,,,,,,,,,,,,,,,,,,,,,,,2025-06-29T05:53:05.000Z,2025-06-29T05:53:05.000Z
27092,"GreedFall",2019-09-09,,,Windows PC,,Unplayed,Not Started,Owned,,,Digital,Steam,,0,,,,,,,,,,,,,,,,,,,,,,,,,,,,2025-06-29T05:53:05.000Z,2025-06-29T05:53:05.000Z
218282,"1000xResist",2024-05-09,,,Windows PC,,Played,Beaten,Owned,,,Digital,Steam,,698,,,,"","",,"",No,,,"",,,,,,,,,"",7,,,,,,,2025-06-29T05:53:05.000Z,2025-10-14T04:43:13.000Z
279643,"The First Berserker: Khazan",2025-03-27,,,Windows PC,,Unplayed,Not Started,Owned,,,Digital,Steam,,0,,,,,,,,,,,,,,,,,,,,,,,,,,,,2025-06-29T05:53:05.000Z,2025-06-29T05:53:05.000Z
117194,"Fantasy General II: Invasion",2019-09-05,,,Windows PC,,No Status,No Status,Owned,,,Digital,Steam,,0,,,,,,,,,,,,,,,,,,,,,,,,,,,,2025-07-11T15:47:39.000Z,2025-07-11T15:47:39.000Z
140929,"Field of Glory II: Medieval",2021-02-04,,,Windows PC,,No Status,No Status,Owned,,,Digital,Steam,,0,,,,,,,,,,,,,,,,,,,,,,,,,,,,2025-07-11T15:47:39.000Z,2025-07-11T15:47:39.000Z
110835,"Borderlands 2 VR",2018-12-14,,,SteamVR,,No Status,No Status,Owned,,,Digital,Steam,,0,,,,,,,,,,,,,,,,,,,,,,,,,,,,2025-07-12T04:28:51.000Z,2025-07-12T04:28:51.000Z
19164,"Borderlands 3",2019-09-13,,,Windows PC,,Unplayed,Not Started,Owned,,,Digital,Steam,,0,,,,,,,,,,,,,,,,,,,,,,,,,,,,2025-07-12T04:28:51.000Z,2025-07-12T04:28:51.000Z
152061,"Tiny Tina's Wonderlands",2022-03-25,,,Windows PC,,Unplayed,Not Started,Owned,,,Digital,Steam,,0,,,,,,,,,,,,,,,,,,,,,,,,,,,,2025-07-12T04:28:51.000Z,2025-07-12T04:28:51.000Z
214139,"New Tales from the Borderlands",2022-10-20,,,Windows PC,,Unplayed,Not Started,Owned,,,Digital,Steam,,0,,,,,,,,,,,,,,,,,,,,,,,,,,,,2025-07-12T04:28:51.000Z,2025-07-12T04:28:51.000Z
228539,"Banishers: Ghosts of New Eden",2024-02-13,,,PlayStation 5,,Played,Beaten,Subscription,,,Digital,PSN,,2008,,,,"","",,"",No,,,"",,,,,,,,,"",6,,,,,,,2025-07-16T05:08:09.000Z,2026-01-10T07:38:43.000Z
325202,"The Dark Queen of Mortholme",2024-12-06,,,Windows PC,,Played,Beaten,Owned,,,Digital,Steam,,28,,,,"","",,"",No,,,"",,,,,,,,,"",6,,,,,,,2025-08-17T05:04:33.000Z,2026-01-10T07:35:49.000Z
353667,"Whispers from the Star",2025-08-14,,,Windows PC,,Played,Beaten,Owned,,,Digital,Steam,,209,,,,"","",,"",No,,,"",,,,,,,,,"",7,,,,,,,2025-08-18T04:12:34.000Z,2026-01-10T07:38:13.000Z
210585,"Soulstone Survivors",2025-06-17,,,Windows PC,,Played,Beaten,Owned,,,Digital,Steam,,2984,,,,"","",,"",No,,,"",,,,,,,,,"",7,,,,,,,2025-08-18T04:12:34.000Z,2025-09-04T04:24:55.000Z
68353,"Unicorn Overlord",2024-03-08,,,PlayStation 5,,Played,Completed,Subscription,,,Digital,PSN,PS Plus,4384,,,,"","",,"",No,,,"",,,,,,,,,"",9,,,,,,,2025-09-02T09:45:26.000Z,2025-09-22T04:26:13.000Z
891,"Team Fortress 2",2007-10-10,,,Windows PC,,No Status,No Status,Owned,,,Digital,Steam,,0,,,,,,,,,,,,,,,,,,,,,,,,,,,,2025-09-25T11:34:41.000Z,2025-09-25T11:34:41.000Z
295199,"Eternal Strands",2025-01-28,,,Windows PC,,Unplayed,Not Started,Owned,,,Digital,Steam,,0,,,,"","",,"",No,,,"",,,,,,,,,"",,,,,,,,2025-09-30T04:27:15.000Z,2026-05-26T12:40:23.000Z
152245,"Eiyuden Chronicle: Rising",2022-05-10,,,Windows PC,,Unplayed,Not Started,Owned,,,Digital,Steam,,0,,,,,,,,,,,,,,,,,,,,,,,,,,,,2025-09-30T04:27:15.000Z,2025-09-30T04:27:15.000Z
232571,"Age of Wonders 4",2023-05-02,,,Windows PC,,Unplayed,Not Started,Owned,,,Digital,Steam,,0,,,,,,,,,,,,,,,,,,,,,,,,,,,,2025-09-30T04:27:15.000Z,2025-09-30T04:27:15.000Z
117717,"Planet Zoo",2019-11-05,,,Windows PC,,Unplayed,Not Started,Owned,,,Digital,Steam,,0,,,,,,,,,,,,,,,,,,,,,,,,,,,,2025-10-03T05:52:45.000Z,2025-10-03T05:52:45.000Z
74330,"Elderborn",2020-01-30,,,Windows PC,,Unplayed,Not Started,Owned,,,Digital,Steam,,0,,,,,,,,,,,,,,,,,,,,,,,,,,,,2025-10-03T05:52:45.000Z,2025-10-03T05:52:45.000Z
113598,"Deathloop",2021-09-14,,,Windows PC,,Played,Beaten,Owned,,,Digital,Steam,,742,,,,"","",,"",No,,,"",,,,,,,,,"",6,,,,,,,2025-10-03T05:52:45.000Z,2025-11-03T04:37:51.000Z
135670,"Steelrising",2022-09-08,,,Windows PC,,No Status,No Status,Owned,,,Digital,Steam,,0,,,,,,,,,,,,,,,,,,,,,5,,,,,,,2025-10-03T05:52:45.000Z,2025-10-03T05:52:45.000Z
160293,"Achilles: Legends Untold",2023-11-02,,,Windows PC,,Unplayed,Not Started,Owned,,,Digital,Steam,,0,,,,,,,,,,,,,,,,,,,,,,,,,,,,2025-10-03T05:52:45.000Z,2025-10-03T05:52:45.000Z
152065,"Salt and Sacrifice",2022-05-10,,,Windows PC,,Unplayed,Not Started,Owned,,,Digital,Steam,,0,,,,,,,,,,,,,,,,,,,,,,,,,,,,2025-10-03T05:52:45.000Z,2025-10-03T05:52:45.000Z
169994,"Asterigos: Curse of the Stars",2022-10-11,,,Windows PC,,Unplayed,Not Started,Owned,,,Digital,Steam,,0,,,,,,,,,,,,,,,,,,,,,,,,,,,,2025-10-03T05:52:45.000Z,2025-10-03T05:52:45.000Z
194436,"Flintlock: The Siege of Dawn",2024-07-18,,,Windows PC,,Unplayed,Not Started,Owned,,,Digital,Steam,,0,,,,,,,,,,,,,,,,,,,,,,,,,,,,2025-10-03T05:52:45.000Z,2025-10-03T05:52:45.000Z
218521,"Enotria: The Last Song",2024-09-19,,,Windows PC,,Unplayed,Not Started,Owned,,,Digital,Steam,,0,,,,,,,,,,,,,,,,,,,,,,,,,,,,2025-10-03T05:52:45.000Z,2025-10-03T05:52:45.000Z
25264,"The Infectious Madness of Doctor Dekker",2017-05-19,,,Windows PC,,Unplayed,Not Started,Owned,,,Digital,Steam,,0,,,,,,,,,,,,,,,,,,,,,,,,,,,,2025-11-06T04:35:18.000Z,2025-11-06T04:35:18.000Z
27717,"Late Shift",2016-03-09,,,Windows PC,,Played,Beaten,Owned,,,Digital,Steam,,192,,,,"","",,"",No,,,"",,,,,,,,,"",6,,,,,,,2025-11-06T04:35:18.000Z,2026-01-10T07:34:15.000Z
122133,"Not for Broadcast",2022-01-25,,,Windows PC,,Unplayed,Not Started,Owned,,,Digital,Steam,,0,,,,,,,,,,,,,,,,,,,,,,,,,,,,2025-11-06T04:35:18.000Z,2025-11-06T04:35:18.000Z
192047,"Who Pressed Mute on Uncle Marcus?",2022-03-18,,,Windows PC,,Played,Beaten,Owned,,,Digital,Steam,,96,,,,"","",,"",No,,,"",,,,,,,,,"",5,,,,,,,2025-11-06T04:35:18.000Z,2026-02-28T06:54:23.000Z
238460,"Songs of Silence",2024-11-13,,,Windows PC,,Unplayed,Not Started,Owned,,,Digital,Epic Games,,,,,,"","",,"",No,,,"",,,,,,,,,,,,,,,,,2025-11-13T17:50:56.000Z,2025-11-13T17:50:56.000Z
204356,"Fort Solis",2023-08-22,,,Windows PC,,Unplayed,Not Started,Owned,,,Digital,GOG,,,,,,"","",,"",No,,,"",,,,,,,,,,,,,,,,,2025-11-13T18:15:22.000Z,2025-11-13T18:15:22.000Z
14,"Fallout 2",1998-10-29,,,Windows PC,,No Status,No Status,Owned,,,Digital,Steam,,0,,,,,,,,,,,,,,,,,,,,,,,,,,,,2025-11-18T07:13:27.000Z,2025-11-18T07:13:27.000Z
17,"Fallout Tactics: Brotherhood of Steel",2001-03-15,,,Windows PC,,No Status,No Status,Owned,,,Digital,Steam,,0,,,,,,,,,,,,,,,,,,,,,,,,,,,,2025-11-18T07:13:27.000Z,2025-11-18T07:13:27.000Z
1254,"DmC: Devil May Cry",2013-01-15,,,Windows PC,,Unplayed,Not Started,Owned,,,Digital,Steam,,0,,,,,,,,,,,,,,,,,,,,,,,,,,,,2025-11-18T07:13:27.000Z,2025-11-18T07:13:27.000Z
11657,"Epistory: Typing Chronicles",2016-03-30,,,Windows PC,,Unplayed,Not Started,Owned,,,Digital,Steam,,0,,,,,,,,,,,,,,,,,,,,,,,,,,,,2025-11-18T07:13:27.000Z,2025-11-18T07:13:27.000Z
151120,"The Gap",2023-10-19,,,Windows PC,,No Status,No Status,Owned,,,Digital,Steam,,0,,,,,,,,,,,,,,,,,,,,,,,,,,,,2025-11-18T07:13:27.000Z,2025-11-18T07:13:27.000Z
192840,"Symphony of War: The Nephilim Saga",2022-06-10,,,Windows PC,,Unplayed,Not Started,Owned,,,Digital,Steam,,0,,,,,,,,,,,,,,,,,,,,,,,,,,,,2025-11-18T07:13:27.000Z,2025-11-18T07:13:27.000Z
310418,"Cat Bait",2024-08-27,,,Windows PC,,No Status,No Status,Owned,,,Digital,Steam,,0,,,,,,,,,,,,,,,,,,,,,,,,,,,,2025-11-18T07:13:27.000Z,2025-11-18T07:13:27.000Z
306154,"Romancing SaGa 2: Revenge of the Seven",2024-10-24,,,Windows PC,,Played,Beaten,Owned,,,Digital,Steam,,3390,,,,"","",,"",No,,,"",,,,,,,,,"",8,,,,,,,2025-11-20T12:12:45.000Z,2026-01-15T17:58:19.000Z
28337,"13 Sentinels: Aegis Rim",2019-11-28,,,PlayStation 4,,Unplayed,Not Started,Owned,,,Digital,PSN,,,,,,"","",,"",No,,,"",,,,,,,,,,,,,,,,,2025-11-22T19:11:07.000Z,2025-11-22T19:11:07.000Z
6433,"Heart of Darkness",1998-07-04,,,Windows PC,,Played,Dropped,Owned,,,Physical,,,0,,,,"","",,,,,,,,,,,,,,,,,,,,,,,2025-12-09T18:44:42.000Z,2025-12-09T18:44:42.000Z
72187,"Meat Puppet",1997-08-01,,,Windows PC,,Played,Dropped,Owned,,,Physical,,,0,,,,"","",,,,,,,,,,,,,,,,,,,,,,,2025-12-09T18:45:05.000Z,2025-12-09T18:45:05.000Z
134813,"Icarus",2021-12-04,,,Windows PC,,Played,Beaten,Owned,,,Digital,Steam,,3062,,,,"","",,"",No,,,"",,,,,,,,,"",5,,,,,,,2025-12-22T08:54:05.000Z,2026-05-06T14:14:17.000Z
237457,"Pioneers of Pagonia",2025-12-11,,,Windows PC,,Played,Beaten,Owned,,,Digital,Steam,,548,,,,"","",,"",No,,,"",,,,,,,,,"",5,,,,,,,2025-12-22T08:54:05.000Z,2026-03-11T08:57:28.000Z
239642,"TerraScape",2024-07-17,,,Windows PC,,Unplayed,Not Started,Owned,,,Digital,Steam,,0,,,,,,,,,,,,,,,,,,,,,,,,,,,,2025-12-22T08:54:05.000Z,2025-12-22T08:54:05.000Z
285577,"ContractVille",2025-05-27,,,Windows PC,,Unplayed,Not Started,Owned,,,Digital,Steam,,0,,,,,,,,,,,,,,,,,,,,,,,,,,,,2025-12-22T08:54:05.000Z,2025-12-22T08:54:05.000Z
349524,"Peak",2025-06-16,,,Windows PC,,Unplayed,Not Started,Owned,,,Digital,Steam,,0,,,,,,,,,,,,,,,,,,,,,,,,,,,,2025-12-22T08:54:05.000Z,2025-12-22T08:54:05.000Z
333294,"Wrap House Simulator",2025-05-29,,,Windows PC,,Played,Beaten,Owned,,,Digital,Steam,,761,,,,"","",,"",No,,,"",,,,,,,,,"",5,,,,,,,2025-12-22T08:54:05.000Z,2026-08-13T16:49:49.000Z
373580,"RV There Yet?",2025-10-21,,,Windows PC,,Played,Beaten,Owned,,,Digital,Steam,,1206,,,,"","",,"",No,,,"",,,,,,,,,"",6,,,,,,,2025-12-22T08:54:05.000Z,2026-03-01T03:26:41.000Z
194682,"Ghostbusters: Spirits Unleashed",2022-10-18,,,Windows PC,,Played,Beaten,Owned,,,Digital,Epic Games,,167,,,,"","",,"",No,,,"",,,,,,,,,"",4,,,,,,,2026-01-30T05:55:23.000Z,2026-02-07T08:26:34.000Z
204634,"The Alters",2025-06-13,,,Windows PC,,Unplayed,Not Started,Owned,,,Digital,Steam,,0,,,,,,,,,,,,,,,,,,,,,,,,,,,,2026-02-01T21:24:04.000Z,2026-02-01T21:24:04.000Z
201156,"Star Wars Jedi: Survivor",2023-04-28,,,Windows PC,,Unplayed,Not Started,Owned,,,Digital,Steam,,0,,,,,,,,,,,,,,,,,,,,,,,,,,,,2026-02-01T21:24:04.000Z,2026-02-01T21:24:04.000Z
203259,"Warhammer 40,000: Rogue Trader",2023-12-07,,,Windows PC,,Unplayed,Not Started,Owned,,,Digital,Steam,,0,,,,,,,,,,,,,,,,,,,,,,,,,,,,2026-02-01T21:24:04.000Z,2026-02-01T21:24:04.000Z
279636,"Visions of Mana",2024-08-29,,,Windows PC,,Unplayed,Not Started,Owned,,,Digital,Steam,,0,,,,,,,,,,,,,,,,,,,,,,,,,,,,2026-02-01T21:24:04.000Z,2026-02-01T21:24:04.000Z
306139,"Fantasian Neo Dimension",2024-12-05,,,Windows PC,,Unplayed,Not Started,Owned,,,Digital,Steam,,0,,,,,,,,,,,,,,,,,,,,,,,,,,,,2026-02-01T21:24:04.000Z,2026-02-01T21:24:04.000Z
250922,"Rune Factory: Guardians of Azuma",2025-06-05,,,Windows PC,,Unplayed,Not Started,Owned,,,Digital,Steam,,0,,,,,,,,,,,,,,,,,,,,,,,,,,,,2026-02-01T21:24:04.000Z,2026-02-01T21:24:04.000Z
130218,"Golden Light",2020-07-10,,,Windows PC,,Unplayed,Not Started,Owned,,,Digital,Steam,,0,,,,,,,,,,,,,,,,,,,,,,,,,,,,2026-02-11T05:28:45.000Z,2026-02-11T05:28:45.000Z
217594,"Rise of the Ronin",2024-03-22,,,Windows PC,,Unplayed,Not Started,Owned,,,Digital,Steam,,0,,,,,,,,,,,,,,,,,,,,,,,,,,,,2026-02-11T05:28:45.000Z,2026-02-11T05:28:45.000Z
171225,"Wuchang: Fallen Feathers",2025-07-24,,,Windows PC,,Played,Beaten,Owned,,,Digital,Steam,,1952,,,,"","",,"",No,,,"",,,,,,,,,"",8,,,,,,,2026-02-11T05:28:45.000Z,2026-02-27T07:40:38.000Z
117170,"Stellar Blade",2024-04-26,,,Windows PC,,Unplayed,Not Started,Owned,,,Digital,Steam,,0,,,,,,,,,,,,,,,,,,,,,,,,,,,,2026-02-11T05:28:45.000Z,2026-02-11T05:28:45.000Z
287850,"Shin Megami Tensei V: Vengeance",2024-06-14,,,Windows PC,,Unplayed,Not Started,Owned,,,Digital,Steam,,0,,,,,,,,,,,,,,,,,,,,,,,,,,,,2026-02-14T05:58:46.000Z,2026-02-14T05:58:46.000Z
317317,"Like a Dragon: Pirate Yakuza in Hawaii",2025-02-21,,,Windows PC,,Unplayed,Not Started,Owned,,,Digital,Steam,,0,,,,,,,,,,,,,,,,,,,,,,,,,,,,2026-02-14T05:58:46.000Z,2026-02-14T05:58:46.000Z
24223,"Resident Evil 4: Ultimate HD Edition",2014-02-28,,,Windows PC,,No Status,No Status,Owned,,,Digital,Steam,,0,,,,,,,,,,,,,,,,,,,,,,,,,,,,2026-02-19T04:57:04.000Z,2026-02-19T04:57:04.000Z
29272,"Train Valley 2",2019-04-15,,,Windows PC,,No Status,No Status,Owned,,,Digital,Steam,,0,,,,,,,,,,,,,,,,,,,,,,,,,,,,2026-02-19T04:57:04.000Z,2026-02-19T04:57:04.000Z
117233,"Survivalist: Invisible Strain",2025-04-25,,,Windows PC,,No Status,No Status,Owned,,,Digital,Steam,,0,,,,,,,,,,,,,,,,,,,,,,,,,,,,2026-02-19T04:57:04.000Z,2026-02-19T04:57:04.000Z
207026,"Final Fantasy VII",2015-12-05,,,Windows PC,,Unplayed,Not Started,Owned,,,Digital,Steam,,0,,,,,,,,,,,,,,,,,,,,,,,,,,,,2026-02-26T06:59:34.000Z,2026-02-26T06:59:34.000Z
5060,"Deponia",2012-08-07,,,Windows PC,,No Status,No Status,Owned,,,Digital,Steam,,0,,,,,,,,,,,,,,,,,,,,,,,,,,,,2026-03-15T16:58:40.000Z,2026-03-15T16:58:40.000Z
125633,"Crimson Desert",2026-03-19,,,Windows PC,,Played,Beaten,Owned,,,Digital,Steam,,13099,,,,"","",,"",No,,,"",,,,,,,,,"",9,,,,,,,2026-03-15T16:58:41.000Z,2026-04-30T16:14:16.000Z
18857,"Ruiner",2017-09-26,,,Windows PC,,Unplayed,Not Started,Owned,,,Digital,Steam,,0,,,,,,,,,,,,,,,,,,,,,,,,,,,,2026-03-20T10:08:16.000Z,2026-03-20T10:08:16.000Z
122611,"Terminator: Resistance",2019-11-14,,,Windows PC,,Unplayed,Not Started,Owned,,,Digital,Steam,,0,,,,,,,,,,,,,,,,,,,,,,,,,,,,2026-03-20T10:08:16.000Z,2026-03-20T10:08:16.000Z
331214,"Metal Eden",2025-09-02,,,Windows PC,,Unplayed,Not Started,Owned,,,Digital,Steam,,0,,,,,,,,,,,,,,,,,,,,,,,,,,,,2026-03-20T10:08:16.000Z,2026-03-20T10:08:16.000Z
86286,"Tactical Breach Wizards",2024-08-22,,,Windows PC,,Unplayed,Not Started,Owned,,,Digital,Steam,,0,,,,,,,,,,,,,,,,,,,,,,,,,,,,2026-03-20T10:08:16.000Z,2026-03-20T10:08:16.000Z
305019,"Wanderstop",2025-03-11,,,Windows PC,,Unplayed,Not Started,Owned,,,Digital,Steam,,0,,,,,,,,,,,,,,,,,,,,,,,,,,,,2026-03-20T10:08:16.000Z,2026-03-20T10:08:16.000Z
152257,"Wartales",2023-04-12,,,Windows PC,,Unplayed,Not Started,Owned,,,Digital,Steam,,0,,,,,,,,,,,,,,,,,,,,,,,,,,,,2026-03-20T10:08:16.000Z,2026-03-20T10:08:16.000Z
163456,"Lightyear Frontier",2024-03-19,,,Windows PC,,Unplayed,Not Started,Owned,,,Digital,Steam,,0,,,,,,,,,,,,,,,,,,,,,,,,,,,,2026-03-20T10:08:16.000Z,2026-03-20T10:08:16.000Z
239942,"The Thaumaturge",2024-03-04,,,Windows PC,,Unplayed,Not Started,Owned,,,Digital,Steam,,0,,,,,,,,,,,,,,,,,,,,,,,,,,,,2026-03-20T10:08:16.000Z,2026-03-20T10:08:16.000Z
194821,"Nine Sols",2024-05-29,,,Windows PC,,Unplayed,Not Started,Owned,,,Digital,Steam,,0,,,,,,,,,,,,,,,,,,,,,,,,,,,,2026-03-20T10:08:16.000Z,2026-03-20T10:08:16.000Z
202696,"Wandering Sword",2023-09-14,,,Windows PC,,Unplayed,Not Started,Owned,,,Digital,Steam,,0,,,,,,,,,,,,,,,,,,,,,,,,,,,,2026-03-20T10:08:16.000Z,2026-03-20T10:08:16.000Z
334239,"Absolum",2025-10-09,,,Windows PC,,Unplayed,Not Started,Owned,,,Digital,Steam,,0,,,,,,,,,,,,,,,,,,,,,,,,,,,,2026-03-20T10:08:16.000Z,2026-03-20T10:08:16.000Z
210395,"Slay the Princess",2023-10-23,,,Windows PC,,Played,Beaten,Owned,,,Digital,Steam,,258,,,,"","",,"",No,,,"",,,,,,,,,"",7,,,,,,,2026-03-20T10:08:16.000Z,2026-08-10T00:44:06.000Z
252647,"Persona 3 Reload",2024-02-02,,,Windows PC,,Unplayed,Not Started,Owned,,,Digital,Steam,,0,,,,,,,,,,,,,,,,,,,,,,,,,,,,2026-03-20T10:08:16.000Z,2026-03-20T10:08:16.000Z
361791,"Tales of Xillia Remastered",2025-10-31,,,Windows PC,,Unplayed,Not Started,Owned,,,Digital,Steam,,0,,,,,,,,,,,,,,,,,,,,,,,,,,,,2026-03-20T10:08:16.000Z,2026-03-20T10:08:16.000Z
240253,"Blacksmith Master",2025-05-15,,,Windows PC,,Unplayed,Not Started,Owned,,,Digital,Steam,,0,,,,,,,,,,,,,,,,,,,,,,,,,,,,2026-03-20T10:08:16.000Z,2026-03-20T10:08:16.000Z
245825,"Erenshor",2025-04-14,,,Windows PC,,Unplayed,Not Started,Owned,,,Digital,Steam,,0,,,,,,,,,,,,,,,,,,,,,,,,,,,,2026-03-20T10:08:16.000Z,2026-03-20T10:08:16.000Z
262664,"Menace",2026-02-05,,,Windows PC,,Unplayed,Not Started,Owned,,,Digital,Steam,,0,,,,,,,,,,,,,,,,,,,,,,,,,,,,2026-03-20T10:08:16.000Z,2026-03-20T10:08:16.000Z
314945,"Tales of Graces F Remastered",2025-01-17,,,Windows PC,,Unplayed,Not Started,Owned,,,Digital,Steam,,0,,,,,,,,,,,,,,,,,,,,,,,,,,,,2026-03-20T10:08:16.000Z,2026-03-20T10:08:16.000Z
299593,"Promise Mascot Agency",2025-04-10,,,Windows PC,,Unplayed,Not Started,Owned,,,Digital,Steam,,0,,,,,,,,,,,,,,,,,,,,,,,,,,,,2026-03-20T10:08:16.000Z,2026-03-20T10:08:16.000Z
325609,"Dispatch",2025-10-22,,,Windows PC,,Played,Beaten,Owned,,,Digital,Steam,,582,,,,"","",,"",No,,,"",,,,,,,,,"",8,,,,,,,2026-03-20T10:08:16.000Z,2026-05-07T06:23:43.000Z
26602,"Metaphor: ReFantazio",2024-10-11,,,Windows PC,,Played,Beaten,Owned,,,Digital,Steam,,5331,,,,"","",,"",No,,,"",,,,,,,,,"",8,,,,,,,2026-03-20T10:08:16.000Z,2026-07-15T04:35:47.000Z
314943,"Atelier Yumia: The Alchemist of Memories & the Envisioned Land",2025-03-21,,,Windows PC,,Unplayed,Not Started,Owned,,,Digital,Steam,,0,,,,,,,,,,,,,,,,,,,,,,,,,,,,2026-03-20T10:08:16.000Z,2026-03-20T10:08:16.000Z
318001,"Atelier Resleriana: The Red Alchemist & The White Guardian",2025-09-26,,,Windows PC,,Unplayed,Not Started,Owned,,,Digital,Steam,,0,,,,,,,,,,,,,,,,,,,,,,,,,,,,2026-03-20T10:08:16.000Z,2026-03-20T10:08:16.000Z
314936,"Trails in the Sky 1st Chapter",2025-09-19,,,Windows PC,,Unplayed,Not Started,Owned,,,Digital,Steam,,0,,,,,,,,,,,,,,,,,,,,,,,,,,,,2026-03-20T10:08:16.000Z,2026-03-20T10:08:16.000Z
327405,"Megabonk",2025-09-18,,,Windows PC,,Unplayed,Not Started,Owned,,,Digital,Steam,,0,,,,,,,,,,,,,,,,,,,,,,,,,,,,2026-03-20T10:08:16.000Z,2026-03-20T10:08:16.000Z
334672,"RoboCop: Rogue City - Unfinished Business",2025-07-17,,,Windows PC,,Unplayed,Not Started,Owned,,,Digital,Steam,,0,,,,,,,,,,,,,,,,,,,,,,,,,,,,2026-03-20T10:08:16.000Z,2026-03-20T10:08:16.000Z
217909,"Suikoden I & II HD Remaster: Gate Rune and Dunan Unification Wars",2025-03-06,,,Windows PC,,Unplayed,Not Started,Owned,,,Digital,Steam,,0,,,,,,,,,,,,,,,,,,,,,,,,,,,,2026-03-20T10:08:16.000Z,2026-03-20T10:08:16.000Z
328111,"Suikoden II HD Remaster: Dunan Unification War",2025-03-06,,,,Bundled Game,,Not Started,,,,,,,0,,,,,,,,,,,,,,,,,,,,,,,,,,,,2026-03-20T10:08:16.000Z,2026-03-20T10:08:16.000Z
328110,"Suikoden I HD Remaster: Gate Rune War",2025-03-06,,,,Bundled Game,,Not Started,,,,,,,0,,,,,,,,,,,,,,,,,,,,,,,,,,,,2026-03-20T10:08:16.000Z,2026-03-20T10:08:16.000Z
192664,"Sengoku Dynasty",2024-11-07,,,Windows PC,,Unplayed,Not Started,Owned,,,Digital,Epic Games,,,,,,"","",,"",No,,,"",,,,,,,,,,,,,,,,,2026-03-20T10:09:05.000Z,2026-03-20T10:09:05.000Z
133674,"Old World",2021-07-01,,,Windows PC,,Unplayed,Not Started,Owned,,,Digital,Steam,,0,,,,,,,,,,,,,,,,,,,,,,,,,,,,2026-03-22T06:40:30.000Z,2026-03-22T06:40:30.000Z
200616,"No One Survived",2025-12-27,,,Windows PC,,Unplayed,Not Started,Owned,,,Digital,Steam,,0,,,,,,,,,,,,,,,,,,,,,,,,,,,,2026-03-22T06:40:30.000Z,2026-03-22T06:40:30.000Z
185252,"Warhammer 40,000: Space Marine II",2024-09-09,,,Windows PC,,Unplayed,Not Started,Owned,,,Digital,Steam,,0,,,,,,,,,,,,,,,,,,,,,,,,,,,,2026-03-22T06:40:30.000Z,2026-03-22T06:40:30.000Z
6292,"Black Desert",2014-12-17,,,Windows PC,,Played,Dropped,Owned,,,Digital,Steam,,3555,,,,,,,,,,,,,,,,,,,,,6,,,,,,,2026-03-26T20:22:13.000Z,2026-03-26T20:22:13.000Z
27744,"House Flipper",2018-05-17,,,Windows PC,,Unplayed,Not Started,Owned,,,Digital,Steam,,0,,,,,,,,,,,,,,,,,,,,,,,,,,,,2026-04-06T13:02:25.000Z,2026-04-06T13:02:25.000Z
27384,"Graveyard Keeper",2018-08-15,,,Windows PC,,No Status,No Status,Owned,,,Digital,Steam,,0,,,,,,,,,,,,,,,,,,,,,,,,,,,,2026-04-14T18:59:11.000Z,2026-04-14T18:59:11.000Z
121731,"Humankind",2021-08-17,,,Windows PC,,Played,Beaten,Owned,,,Digital,Epic Games,,1638,,,,"","",,"",No,,,"",,,,,,,,,"",6,,,,,,,2026-04-18T06:19:57.000Z,2026-05-26T10:23:51.000Z
170,"Star Wars: X-Wing vs. TIE Fighter",1997-04-30,400431,"Star Wars: X-Wing vs TIE Fighter - Balance of Power Campaigns",Windows PC,,No Status,No Status,Owned,,,Digital,Steam,,0,,,,,,,,,,,,,,,,,,,,,,,,,,,,2026-05-10T06:09:24.000Z,2026-05-10T06:09:24.000Z
3099,"Door Kickers",2014-10-20,,,Windows PC,,Unplayed,Not Started,Owned,,,Digital,Steam,,0,,,,,,,,,,,,,,,,,,,,,,,,,,,,2026-06-02T04:26:05.000Z,2026-06-02T04:26:05.000Z
103380,"Bloons TD 6",2018-06-14,,,Windows PC,,Played,Beaten,Owned,,,Digital,Epic Games,,941,,,,"","",,"",No,,,"",,,,,,,,,"",6,,,,,,,2026-06-02T18:39:44.000Z,2026-07-02T18:41:57.000Z
405454,"Final Fantasy Resonance",2026-10-22,,,Windows PC,,Unplayed,Not Started,Owned,,,Digital,Steam,,0,,,,,,,,,,,,,,,,,,,,,,,,,,,,2026-06-11T10:07:36.000Z,2026-06-11T10:07:36.000Z
115991,"The Riftbreaker",2021-10-14,,,Windows PC,,Unplayed,Not Started,Owned,,,Digital,Steam,,0,,,,,,,,,,,,,,,,,,,,,,,,,,,,2026-06-21T05:47:47.000Z,2026-06-21T05:47:47.000Z
206188,"Construction Simulator",2022-09-20,,,Windows PC,,No Status,No Status,Owned,,,Digital,Steam,,0,,,,,,,,,,,,,,,,,,,,,,,,,,,,2026-06-21T05:47:47.000Z,2026-06-21T05:47:47.000Z
166824,"Indika",2024-05-02,,,Windows PC,,Unplayed,Not Started,Owned,,,Digital,Steam,,0,,,,,,,,,,,,,,,,,,,,,,,,,,,,2026-06-21T05:47:47.000Z,2026-06-21T05:47:47.000Z
324256,"Hell Clock",2025-07-22,,,Windows PC,,Unplayed,Not Started,Owned,,,Digital,Steam,,0,,,,,,,,,,,,,,,,,,,,,,,,,,,,2026-06-21T05:47:47.000Z,2026-06-21T05:47:47.000Z
305158,"Life is Strange: Double Exposure",2024-10-29,,,Windows PC,,Unplayed,Not Started,Owned,,,Digital,Steam,,0,,,,,,,,,,,,,,,,,,,,,,,,,,,,2026-06-21T05:47:47.000Z,2026-06-21T05:47:47.000Z
217554,"Octopath Traveler II",2023-02-24,,,Windows PC,,Unplayed,Not Started,Owned,,,Digital,Steam,,0,,,,,,,,,,,,,,,,,,,,,,,,,,,,2026-06-21T05:47:47.000Z,2026-06-21T05:47:47.000Z
252853,"Citizen Sleeper 2: Starward Vector",2025-01-31,,,Windows PC,,Unplayed,Not Started,Owned,,,Digital,Steam,,0,,,,,,,,,,,,,,,,,,,,,,,,,,,,2026-06-21T05:47:47.000Z,2026-06-21T05:47:47.000Z
334898,"Overlooting",2025-09-01,,,Windows PC,,Unplayed,Not Started,Owned,,,Digital,Steam,,0,,,,,,,,,,,,,,,,,,,,,,,,,,,,2026-06-21T05:47:47.000Z,2026-06-21T05:47:47.000Z
23322,"The Legend of Heroes: Trails from Zero",2020-04-23,,,Windows PC,,Unplayed,Not Started,Owned,,,Digital,Steam,,0,,,,,,,,,,,,,,,,,,,,,,,,,,,,2026-06-27T10:36:30.000Z,2026-06-27T10:36:30.000Z
23323,"The Legend of Heroes: Trails to Azure",2020-05-28,,,Windows PC,,Unplayed,Not Started,Owned,,,Digital,Steam,,0,,,,,,,,,,,,,,,,,,,,,,,,,,,,2026-06-27T10:36:30.000Z,2026-06-27T10:36:30.000Z
136673,"The Legend of Heroes: Trails into Reverie",2020-08-27,,,Windows PC,,Unplayed,Not Started,Owned,,,Digital,Steam,,0,,,,,,,,,,,,,,,,,,,,,,,,,,,,2026-06-27T10:36:30.000Z,2026-06-27T10:36:30.000Z
213016,"Esoteric Ebb",2026-03-03,,,Windows PC,,Unplayed,Not Started,Owned,,,Digital,Steam,,0,,,,,,,,,,,,,,,,,,,,,,,,,,,,2026-06-27T10:36:30.000Z,2026-06-27T10:36:30.000Z
141833,"The Legend of Heroes: Trails Through Daybreak",2021-09-30,,,Windows PC,,Unplayed,Not Started,Owned,,,Digital,Steam,,0,,,,,,,,,,,,,,,,,,,,,,,,,,,,2026-06-27T10:36:30.000Z,2026-06-27T10:36:30.000Z
185864,"The Legend of Heroes: Trails Through Daybreak II",2022-09-29,,,Windows PC,,Unplayed,Not Started,Owned,,,Digital,Steam,,0,,,,,,,,,,,,,,,,,,,,,,,,,,,,2026-06-27T10:36:31.000Z,2026-06-27T10:36:31.000Z
241450,"Megaton Musashi W: Wired",2024-04-25,,,Windows PC,,Played,Beaten,Owned,,,Digital,Steam,,2943,,,,"","",,"",No,,,"",,,,,,,,,"",7,,,,,,,2026-07-18T03:28:05.000Z,2026-08-07T04:13:06.000Z
72812,"Inazuma Eleven: Victory Road",2025-11-14,,,Windows PC,,Unplayed,Not Started,Owned,,,Digital,Steam,,0,,,,,,,,,,,,,,,,,,,,,,,,,,,,2026-07-18T03:28:05.000Z,2026-07-18T03:28:05.000Z
236664,"Fantasy Life i: The Girl Who Steals Time",2025-05-21,,,Windows PC,,Unplayed,Not Started,Owned,,,Digital,Steam,,0,,,,,,,,,,,,,,,,,,,,,,,,,,,,2026-07-18T03:28:05.000Z,2026-07-18T03:28:05.000Z
258230,"Make Way",2023-12-04,,,Windows PC,,Played,Beaten,Owned,,,Digital,Epic Games,,235,,,,"","",,"",No,,,"",,,,,,,,,"",5,,,,,,,2026-07-18T06:50:31.000Z,2026-07-19T07:26:30.000Z
30408,"Witch It",2020-10-22,,,Windows PC,,Played,Beaten,Owned,,,Digital,Epic Games,,258,,,,"","",,"",No,,,"",,,,,,,,,"",4,,,,,,,2026-07-20T17:52:25.000Z,2026-07-25T09:37:13.000Z
158603,"Isonzo",2022-09-13,,,Windows PC,,Playing,Unfinished,Owned,,,Digital,Epic Games,,,,,,"","",,"",No,,,"",,,,,,,,,"",,,,,,,,2026-07-25T10:37:48.000Z,2026-07-26T08:43:33.000Z
89326,"Breathedge",2018-09-18,,,Windows PC,,No Status,No Status,Owned,,,Digital,Steam,,0,,,,,,,,,,,,,,,,,,,,,,,,,,,,2026-08-09T05:40:42.000Z,2026-08-09T05:40:42.000Z
59110,"RoboCop",1989-08-25,,,Nintendo Entertainment System,,Played,Beaten,Owned,,,Physical,,,,,,,"","",,"",,,,"",,,,,,,,,"",5,,,,,,,2026-08-18T14:23:22.000Z,2026-08-18T14:34:18.000Z
5565,"Golden Axe",1989-01-27,,,Arcade,,Played,Beaten,Owned,,,Physical,,,,,,,"","",,"",,,,"",,,,,,,,,"",5,,,,,,,2026-08-18T14:24:03.000Z,2026-08-18T14:34:15.000Z
4596,"Battle City",1985-09-09,,,Nintendo Entertainment System,,Played,Beaten,Owned,,,Physical,,,,,,,"","",,"",,,,"",,,,,,,,,"",5,,,,,,,2026-08-18T14:25:01.000Z,2026-08-18T14:34:21.000Z
3447,"Bomberman II",1991-06-28,,,Nintendo Entertainment System,,Played,Beaten,Owned,,,Physical,,,,,,,"","",,"",,,,"",,,,,,,,,"",5,,,,,,,2026-08-18T14:28:00.000Z,2026-08-18T14:34:23.000Z
4607,"Road Fighter",1984-11-01,,,Nintendo Entertainment System,,Played,Beaten,Owned,,,Physical,,,,,,,"","",,"",,,,"",,,,,,,,,"",4,,,,,,,2026-08-18T14:28:38.000Z,2026-08-18T14:34:25.000Z
186207,"Contra",1988-02-02,,,Nintendo Entertainment System,,Played,Beaten,Owned,,,Physical,,,,,,,"","",,"",,,,"",,,,,,,,,"",5,,,,,,,2026-08-18T14:30:54.000Z,2026-08-18T14:34:28.000Z
204385,"Pac-Man",1984-11-02,,,Nintendo Entertainment System,,Played,Beaten,Owned,,,Physical,,,,,,,"","",,"",,,,"",,,,,,,,,"",4,,,,,,,2026-08-18T14:31:50.000Z,2026-08-18T14:34:31.000Z
358,"Super Mario Bros.",1985-09-13,,,Nintendo Entertainment System,,Played,Beaten,Owned,,,Physical,,,,,,,"","",,"",,,,"",,,,,,,,,"",5,,,,,,,2026-08-18T14:32:33.000Z,2026-08-18T14:34:34.000Z
5368,"Cadillacs and Dinosaurs",1993-04-01,,,Arcade,,Played,Beaten,Owned,,,Physical,,,,,,,"","",,"",,,,"",,,,,,,,,"",4,,,,,,,2026-08-18T14:33:26.000Z,2026-08-18T14:34:36.000Z
